0;63 > -102;0.0;3.999749519E7
1;63 > -102;0.0;3.999720654E7
2;63 > -102;0.0;3.99971496E7
3;63 > -102;0.0;3.999714859E7
4;63 > -102;0.0;3.999722227E7
5;63 > -101;0.0;3.999719438E7
6;63 > -101;0.0;3.999714779E7
7;63 > -101;0.0;3.99971731E7
8;63 > -101;0.0;3.999712811E7
9;63 > -101;0.0;3.999719776E7
10;63 > -101;0.0;3.999710211E7
11;63 > -101;0.0;3.999714168E7
12;63 > -101;0.0;3.999713142E7
13;63 > -101;0.0;3.999717025E7
14;63 > -101;0.0;3.999687859E7
15;63 > -100;0.0;3.999708341E7
16;63 > -100;0.0;3.999712881E7
17;63 > -100;0.0;3.999705872E7
18;63 > -100;0.0;3.999707704E7
19;63 > -100;0.0;3.99971295E7
20;63 > -100;0.0;3.999716416E7
21;63 > -100;0.0;3.999704051E7
22;63 > -100;0.0;3.999718285E7
23;63 > -100;0.0;3.999717179E7
24;63 > -100;0.0;3.999709347E7
25;63 > -99;0.0;3.999718126E7
26;63 > -99;0.0;3.999715252E7
27;63 > -99;0.0;3.999724874E7
28;63 > -99;0.0;3.9996995E7
29;63 > -99;0.0;3.999712991E7
30;63 > -99;0.0;3.999709987E7
31;63 > -99;0.0;3.999724226E7
32;63 > -99;0.0;3.999725771E7
33;63 > -99;0.0;3.999711397E7
34;63 > -99;0.0;3.999715062E7
35;63 > -98;0.0;3.999696025E7
36;63 > -98;0.0;3.999719707E7
37;63 > -98;0.0;3.999705593E7
38;63 > -98;0.0;3.999705737E7
39;63 > -98;0.0;3.999715449E7
40;63 > -98;0.0;3.999711743E7
41;63 > -98;0.0;3.999718078E7
42;63 > -98;0.0;3.99971401E7
43;63 > -98;0.0;3.999714782E7
44;63 > -98;0.0;3.999698312E7
45;63 > -97;0.0;3.999708237E7
46;63 > -97;0.0;3.999715475E7
47;63 > -97;0.0;3.999713605E7
48;63 > -97;0.0;3.999717937E7
49;63 > -97;0.0;4.000580684E7
50;63 > -97;0.0;3.999717978E7
51;63 > -97;0.0;3.999703725E7
52;63 > -97;0.0;3.999714486E7
53;63 > -97;0.0;3.999698653E7
54;63 > -97;0.0;3.999697312E7
55;63 > -96;0.0;3.999704376E7
56;63 > -96;0.0;3.999706701E7
57;63 > -96;0.0;3.999695609E7
58;63 > -96;0.0;3.999702982E7
59;63 > -96;0.0;3.999710526E7
60;63 > -96;0.0;3.999707496E7
61;63 > -96;0.0;3.99970705E7
62;63 > -96;0.0;3.999707123E7
63;63 > -96;0.0;3.999711493E7
64;63 > -96;0.0;3.999701438E7
65;63 > -95;0.0;3.999704477E7
66;63 > -95;0.0;3.99971748E7
67;63 > -95;0.0;3.99972062E7
68;63 > -95;0.0;3.999702119E7
69;63 > -95;0.0;3.999716168E7
70;63 > -95;0.0;3.999704689E7
71;63 > -95;0.0;3.999705789E7
72;63 > -95;0.0;3.999710578E7
73;63 > -95;0.0;3.999707028E7
74;63 > -95;0.0;3.999709523E7
75;63 > -94;0.0;3.999696962E7
76;63 > -94;0.0;3.999692589E7
77;63 > -94;0.0;3.999708602E7
78;63 > -94;0.0;3.999716457E7
79;63 > -94;0.0;3.999711226E7
80;63 > -94;0.0;3.999710496E7
81;63 > -94;0.0;3.999716445E7
82;63 > -94;0.0;3.999702354E7
83;63 > -94;0.0;3.999712025E7
84;63 > -94;0.0;3.999714938E7
85;63 > -93;0.0;3.999712018E7
86;63 > -93;0.0;3.999696367E7
87;63 > -93;0.0;3.999715222E7
88;63 > -93;0.0;3.999704319E7
89;63 > -93;0.0;3.999709709E7
90;63 > -93;0.0;3.999712966E7
91;63 > -93;0.0;3.999692423E7
92;63 > -93;0.0;3.999708211E7
93;63 > -93;0.0;3.999698419E7
94;63 > -93;0.0;3.999701455E7
95;63 > -92;0.0;3.999701141E7
96;63 > -92;0.0;3.999675966E7
97;63 > -92;0.0;3.999705182E7
98;63 > -92;0.0;3.999686006E7
99;63 > -92;0.0;3.999706723E7
100;63 > -92;0.0;3.999712977E7
101;63 > -92;0.0;3.999718163E7
102;63 > -92;0.0;3.99971236E7
103;63 > -92;0.0;3.999704214E7
104;63 > -92;0.0;3.999688691E7
105;63 > -91;0.0;3.999696744E7
106;63 > -91;0.0;3.999705968E7
107;63 > -91;0.0;3.99970254E7
108;63 > -91;0.0;3.999701198E7
109;63 > -91;0.0;3.999701147E7
110;63 > -91;0.0;3.999708229E7
111;63 > -91;0.0;3.999705777E7
112;63 > -91;0.0;3.999709387E7
113;63 > -91;0.0;3.999705182E7
114;63 > -91;0.0;3.999714786E7
115;63 > -90;0.0;3.999705247E7
116;63 > -90;0.0;3.99970196E7
117;63 > -90;0.0;3.99969694E7
118;63 > -90;0.0;3.999705691E7
119;63 > -90;0.0;3.999701034E7
120;63 > -90;0.0;3.999700901E7
121;63 > -90;0.0;3.999709637E7
122;63 > -90;0.0;3.99969244E7
123;63 > -90;0.0;3.999701502E7
124;63 > -90;0.0;3.99969755E7
125;63 > -89;0.0;3.999684503E7
126;63 > -89;0.0;3.999700918E7
127;63 > -89;0.0;3.999705495E7
128;63 > -89;0.0;3.999704372E7
129;63 > -89;0.0;3.999692956E7
130;63 > -89;0.0;3.999697987E7
131;63 > -89;0.0;3.99971187E7
132;63 > -89;0.0;3.999701188E7
133;63 > -89;0.0;3.99970366E7
134;63 > -89;0.0;3.999712419E7
135;63 > -88;0.0;3.999703257E7
136;63 > -88;0.0;3.999698131E7
137;63 > -88;0.0;3.999706799E7
138;63 > -88;0.0;3.999694893E7
139;63 > -88;0.0;3.999698651E7
140;63 > -88;0.0;3.999670753E7
141;63 > -88;0.0;3.999703634E7
142;63 > -88;0.0;3.999703682E7
143;63 > -88;0.0;3.999689014E7
144;63 > -88;0.0;3.999700527E7
145;63 > -87;0.0;3.999700769E7
146;63 > -87;0.0;3.999700272E7
147;63 > -87;0.0;3.999699268E7
148;63 > -87;0.0;3.99970193E7
149;63 > -87;0.0;3.999701233E7
150;63 > -87;0.0;3.999704509E7
151;63 > -87;0.0;3.999698197E7
152;63 > -87;0.0;3.9996933E7
153;63 > -87;0.0;3.999700156E7
154;63 > -87;0.0;3.999705995E7
155;63 > -86;0.0;3.999694164E7
156;63 > -86;0.0;3.999702212E7
157;63 > -86;0.0;3.999696228E7
158;63 > -86;0.0;3.999700201E7
159;63 > -86;0.0;3.999710732E7
160;63 > -86;0.0;3.99970093E7
161;63 > -86;0.0;3.999694817E7
162;63 > -86;0.0;3.999691892E7
163;63 > -86;0.0;3.999701554E7
164;63 > -86;0.0;3.99969369E7
165;63 > -85;0.0;3.999699015E7
166;63 > -85;0.0;3.999701442E7
167;63 > -85;0.0;3.999700055E7
168;63 > -85;0.0;3.99970771E7
169;63 > -85;0.0;3.999711639E7
170;63 > -85;0.0;3.999704373E7
171;63 > -85;0.0;3.999712398E7
172;63 > -85;0.0;3.999699246E7
173;63 > -85;0.0;3.999704139E7
174;63 > -85;0.0;3.999714123E7
175;63 > -84;0.0;3.999707893E7
176;63 > -84;0.0;3.999672991E7
177;63 > -84;0.0;3.999702663E7
178;63 > -84;0.0;3.99970541E7
179;63 > -84;0.0;3.999711108E7
180;63 > -84;0.0;3.999702087E7
181;63 > -84;0.0;3.99969661E7
182;63 > -84;0.0;3.999703796E7
183;63 > -84;0.0;3.999700856E7
184;63 > -84;0.0;3.999702267E7
185;63 > -83;0.0;3.999691269E7
186;63 > -83;0.0;3.999700202E7
187;63 > -83;0.0;3.999700416E7
188;63 > -83;0.0;3.999703414E7
189;63 > -83;0.0;3.999705286E7
190;63 > -83;0.0;3.999683103E7
191;63 > -83;0.0;3.999693255E7
192;63 > -83;0.0;3.999691186E7
193;63 > -83;0.0;3.99969882E7
194;63 > -83;0.0;3.999666302E7
195;63 > -82;0.0;3.999694784E7
196;63 > -82;0.0;3.999694003E7
197;63 > -82;0.0;3.999694094E7
198;63 > -82;0.0;3.999700144E7
199;63 > -82;0.0;3.99969745E7
200;63 > -82;0.0;3.999703038E7
201;63 > -82;0.0;3.999688813E7
202;63 > -82;0.0;3.999700854E7
203;63 > -82;0.0;3.99968956E7
204;63 > -82;0.0;3.99968468E7
205;63 > -81;0.0;3.999695224E7
206;63 > -81;0.0;3.999673273E7
207;63 > -81;0.0;3.999686095E7
208;63 > -81;0.0;3.999686645E7
209;63 > -81;0.0;3.999703191E7
210;63 > -81;0.0;3.999691423E7
211;63 > -81;0.0;3.999689571E7
212;63 > -81;0.0;3.999669486E7
213;63 > -81;0.0;3.999692096E7
214;63 > -81;0.0;3.999683702E7
215;63 > -80;0.0;3.999688941E7
216;63 > -80;0.0;3.999697628E7
217;63 > -80;0.0;3.999680999E7
218;63 > -80;0.0;3.999701929E7
219;63 > -80;0.0;3.999686108E7
220;63 > -80;0.0;3.999692989E7
221;63 > -80;0.0;3.999697235E7
222;63 > -80;0.0;3.999686139E7
223;63 > -80;0.0;3.999694813E7
224;63 > -80;0.0;3.999680073E7
225;63 > -79;0.0;3.999697071E7
226;63 > -79;0.0;3.999689868E7
227;63 > -79;0.0;3.999685244E7
228;63 > -79;0.0;3.999686517E7
229;63 > -79;0.0;3.999673877E7
230;63 > -79;0.0;3.9988219E7
231;63 > -79;0.0;3.999685492E7
232;63 > -79;0.0;3.999688876E7
233;63 > -79;0.0;3.999688149E7
234;63 > -79;0.0;3.999690197E7
235;63 > -78;0.0;3.9997313E7
236;63 > -78;0.0;3.99968395E7
237;63 > -78;0.0;3.999691435E7
238;63 > -78;0.0;3.999685182E7
239;63 > -78;0.0;3.999693526E7
240;63 > -78;0.0;3.99969194E7
241;63 > -78;0.0;3.99969165E7
242;63 > -78;0.0;3.999688948E7
243;63 > -78;0.0;3.999691908E7
244;63 > -78;0.0;3.999695462E7
245;63 > -77;0.0;3.999693583E7
246;63 > -77;0.0;3.999695965E7
247;63 > -77;0.0;3.999687542E7
248;63 > -77;0.0;3.999677749E7
249;63 > -77;0.0;3.999681887E7
250;63 > -77;0.0;3.999671861E7
251;63 > -77;0.0;3.999686579E7
252;63 > -77;0.0;3.999685771E7
253;63 > -77;0.0;3.99967929E7
254;63 > -77;0.0;3.99968893E7
255;63 > -76;0.0;3.999686369E7
256;63 > -76;0.0;3.999686639E7
257;63 > -76;0.0;3.999683171E7
258;63 > -76;0.0;3.999685602E7
259;63 > -76;0.0;3.999683006E7
260;63 > -76;0.0;3.99969813E7
261;63 > -76;0.0;3.999693596E7
262;63 > -76;0.0;3.9996921E7
263;63 > -76;0.0;3.999684502E7
264;63 > -76;0.0;3.999680209E7
265;63 > -75;0.0;3.999690122E7
266;63 > -75;0.0;3.999681367E7
267;63 > -75;0.0;3.999685447E7
268;63 > -75;0.0;3.999692838E7
269;63 > -75;0.0;3.999684257E7
270;63 > -75;0.0;3.999679689E7
271;63 > -75;0.0;3.999666805E7
272;63 > -75;0.0;3.999687113E7
273;63 > -75;0.0;3.999679068E7
274;63 > -75;0.0;3.999679831E7
275;63 > -74;0.0;3.999687735E7
276;63 > -74;0.0;3.999683953E7
277;63 > -74;0.0;3.999686484E7
278;63 > -74;0.0;3.999679145E7
279;63 > -74;0.0;3.999692859E7
280;63 > -74;0.0;3.999680583E7
281;63 > -74;0.0;3.999686704E7
282;63 > -74;0.0;3.999677929E7
283;63 > -74;0.0;3.999685023E7
284;63 > -74;0.0;3.999685411E7
285;63 > -73;0.0;3.999680521E7
286;63 > -73;0.0;3.999689542E7
287;63 > -73;0.0;3.999682527E7
288;63 > -73;0.0;3.999683308E7
289;63 > -73;0.0;3.999691622E7
290;63 > -73;0.0;3.999680971E7
291;63 > -73;0.0;3.999679913E7
292;63 > -73;0.0;3.999673966E7
293;63 > -73;0.0;3.999685207E7
294;63 > -73;0.0;3.999674577E7
295;63 > -72;0.0;3.99968004E7
296;63 > -72;0.0;3.999687887E7
297;63 > -72;0.0;3.999684922E7
298;63 > -72;0.0;3.999681643E7
299;63 > -72;0.0;3.999673431E7
300;63 > -72;0.0;3.999678191E7
301;63 > -72;0.0;3.999680708E7
302;63 > -72;0.0;3.99968711E7
303;63 > -72;0.0;3.999687365E7
304;63 > -72;0.0;3.999679032E7
305;63 > -71;0.0;3.999686582E7
306;63 > -71;0.0;3.999672265E7
307;63 > -71;0.0;3.999683853E7
308;63 > -71;0.0;3.999681066E7
309;63 > -71;0.0;3.999688847E7
310;63 > -71;0.0;3.999691981E7
311;63 > -71;0.0;3.999680134E7
312;63 > -71;0.0;3.999678384E7
313;63 > -71;0.0;3.999672802E7
314;63 > -71;0.0;3.999700341E7
315;63 > -70;0.0;3.999706063E7
316;63 > -70;0.0;3.999671291E7
317;63 > -70;0.0;3.999681844E7
318;63 > -70;0.0;3.99874223E7
319;63 > -70;0.0;3.999680597E7
320;63 > -70;0.0;3.999665852E7
321;63 > -70;0.0;3.999683974E7
322;63 > -70;0.0;3.999673479E7
323;63 > -70;0.0;3.999686517E7
324;63 > -70;0.0;3.999679701E7
325;63 > -69;0.0;3.999681216E7
326;63 > -69;0.0;3.99968252E7
327;63 > -69;0.0;3.999675093E7
328;63 > -69;0.0;3.999684725E7
329;63 > -69;0.0;3.999679388E7
330;63 > -69;0.0;3.999687189E7
331;63 > -69;0.0;3.999686504E7
332;63 > -69;0.0;4.000549163E7
333;63 > -69;0.0;3.99968864E7
334;63 > -69;0.0;3.999664591E7
335;63 > -68;0.0;3.999680922E7
336;63 > -68;0.0;3.999676462E7
337;63 > -68;0.0;3.999672896E7
338;63 > -68;0.0;3.999674703E7
339;63 > -68;0.0;3.999660849E7
340;63 > -68;0.0;3.99967654E7
341;63 > -68;0.0;3.999669094E7
342;63 > -68;0.0;3.999678105E7
343;63 > -68;0.0;3.999675793E7
344;63 > -68;0.0;3.999677908E7
345;63 > -67;0.0;3.999675277E7
346;63 > -67;0.0;3.999679361E7
347;63 > -67;0.0;3.999672182E7
348;63 > -67;0.0;3.999669755E7
349;63 > -67;0.0;3.999680487E7
350;63 > -67;0.0;3.999677855E7
351;63 > -67;0.0;3.99967672E7
352;63 > -67;0.0;3.999688651E7
353;63 > -67;0.0;3.99967803E7
354;63 > -67;0.0;3.999670127E7
355;63 > -66;0.0;3.999662643E7
356;63 > -66;0.0;3.999681295E7
357;63 > -66;0.0;3.999670813E7
358;63 > -66;0.0;3.999670854E7
359;63 > -66;0.0;3.99967315E7
360;63 > -66;0.0;3.999665328E7
361;63 > -66;0.0;3.999674978E7
362;63 > -66;0.0;3.999669041E7
363;63 > -66;0.0;3.999676718E7
364;63 > -66;0.0;3.999672354E7
365;63 > -65;0.0;3.999679928E7
366;63 > -65;0.0;3.999673476E7
367;63 > -65;0.0;3.999673514E7
368;63 > -65;0.0;3.999673571E7
369;63 > -65;0.0;3.999655435E7
370;63 > -65;0.0;3.999678566E7
371;63 > -65;0.0;3.999664425E7
372;63 > -65;0.0;3.999679169E7
373;63 > -65;0.0;3.999684067E7
374;63 > -65;0.0;3.999674391E7
375;63 > -64;0.0;3.999675715E7
376;63 > -64;0.0;3.999666291E7
377;63 > -64;0.0;3.999681527E7
378;63 > -64;0.0;3.999673251E7
379;63 > -64;0.0;3.999669847E7
380;63 > -64;0.0;3.999671085E7
381;63 > -64;0.0;3.999656631E7
382;63 > -64;0.0;3.999671544E7
383;63 > -64;0.0;3.999672303E7
384;63 > -64;0.0;3.999680554E7
385;63 > -63;0.0;3.999671759E7
386;63 > -63;0.0;3.999677372E7
387;63 > -63;0.0;3.999668875E7
388;63 > -63;0.0;3.999664921E7
389;63 > -63;0.0;3.999670239E7
390;63 > -63;0.0;3.999664044E7
391;63 > -63;0.0;3.999669158E7
392;63 > -63;0.0;3.999674014E7
393;63 > -63;0.0;3.999675423E7
394;63 > -63;0.0;3.999667315E7
395;63 > -62;0.0;3.999673736E7
396;63 > -62;0.0;3.999671929E7
397;63 > -62;0.0;3.999666909E7
398;63 > -62;0.0;3.999671966E7
399;63 > -62;0.0;3.999666661E7
400;63 > -62;0.0;3.999669597E7
401;63 > -62;0.0;3.999668014E7
402;63 > -62;0.0;3.999669423E7
403;63 > -62;0.0;3.99966463E7
404;63 > -62;0.0;3.999660955E7
405;63 > -61;0.0;3.99965522E7
406;63 > -61;0.0;3.999670757E7
407;63 > -61;0.0;3.999666419E7
408;63 > -61;0.0;3.999667124E7
409;63 > -61;0.0;3.999677057E7
410;63 > -61;0.0;3.999652975E7
411;63 > -61;0.0;3.999666562E7
412;63 > -61;0.0;3.999670673E7
413;63 > -61;0.0;3.999670199E7
414;63 > -61;0.0;3.999673978E7
415;63 > -60;0.0;3.999665651E7
416;63 > -60;0.0;3.99967743E7
417;63 > -60;0.0;3.999668743E7
418;63 > -60;0.0;3.999674096E7
419;63 > -60;0.0;3.99966755E7
420;63 > -60;0.0;3.999682158E7
421;63 > -60;0.0;3.999668252E7
422;63 > -60;0.0;3.99965735E7
423;63 > -60;0.0;3.999663646E7
424;63 > -60;0.0;3.999658642E7
425;63 > -59;0.0;3.999665926E7
426;63 > -59;0.0;3.999661623E7
427;63 > -59;0.0;3.999675919E7
428;63 > -59;0.0;3.9996619E7
429;63 > -59;0.0;3.999677302E7
430;63 > -59;0.0;3.999677511E7
431;63 > -59;0.0;3.999668307E7
432;63 > -59;0.0;3.999669504E7
433;63 > -59;0.0;3.999667764E7
434;63 > -59;0.0;3.999674926E7
435;63 > -58;0.0;3.99967217E7
436;63 > -58;0.0;3.999671054E7
437;63 > -58;0.0;3.999684538E7
438;63 > -58;0.0;3.999669623E7
439;63 > -58;0.0;3.99967762E7
440;63 > -58;0.0;3.999673831E7
441;63 > -58;0.0;3.999662525E7
442;63 > -58;0.0;3.999665151E7
443;63 > -58;0.0;3.999666358E7
444;63 > -58;0.0;3.999663444E7
445;63 > -57;0.0;3.999664322E7
446;63 > -57;0.0;3.999664889E7
447;63 > -57;0.0;3.9996613E7
448;63 > -57;0.0;3.999668625E7
449;63 > -57;0.0;3.999647763E7
450;63 > -57;0.0;3.999666655E7
451;63 > -57;0.0;3.999662136E7
452;63 > -57;0.0;3.999672287E7
453;63 > -57;0.0;3.999661681E7
454;63 > -57;0.0;3.99965982E7
455;63 > -56;0.0;3.999690216E7
456;63 > -56;0.0;3.999666702E7
457;63 > -56;0.0;3.999660016E7
458;63 > -56;0.0;3.999670967E7
459;63 > -56;0.0;3.99965657E7
460;63 > -56;0.0;3.999669262E7
461;63 > -56;0.0;3.999665275E7
462;63 > -56;0.0;3.999670732E7
463;63 > -56;0.0;3.999665659E7
464;63 > -56;0.0;3.999660636E7
465;63 > -55;0.0;3.999667001E7
466;63 > -55;0.0;3.999665022E7
467;63 > -55;0.0;3.999660681E7
468;63 > -55;0.0;3.999662302E7
469;63 > -55;0.0;3.999668491E7
470;63 > -55;0.0;3.999657671E7
471;63 > -55;0.0;3.999670393E7
472;63 > -55;0.0;3.999673018E7
473;63 > -55;0.0;3.999665442E7
474;63 > -55;0.0;3.999658268E7
475;63 > -54;0.0;3.999666211E7
476;63 > -54;0.0;3.999665295E7
477;63 > -54;0.0;3.999653785E7
478;63 > -54;0.0;3.99965904E7
479;63 > -54;0.0;3.999667256E7
480;63 > -54;0.0;3.999660152E7
481;63 > -54;0.0;3.99967179E7
482;63 > -54;0.0;3.999667509E7
483;63 > -54;0.0;3.999680739E7
484;63 > -54;0.0;3.999680718E7
485;63 > -53;0.0;3.999664148E7
486;63 > -53;0.0;3.999661863E7
487;63 > -53;0.0;3.999663412E7
488;63 > -53;0.0;3.999668512E7
489;63 > -53;0.0;3.999659946E7
490;63 > -53;0.0;3.999671899E7
491;63 > -53;0.0;3.999665488E7
492;63 > -53;0.0;3.999671894E7
493;63 > -53;0.0;3.999675694E7
494;63 > -53;0.0;3.999658357E7
495;63 > -52;0.0;3.999643165E7
496;63 > -52;0.0;3.999651725E7
497;63 > -52;0.0;3.999668955E7
498;63 > -52;0.0;3.999661847E7
499;63 > -52;0.0;3.999660656E7
500;63 > -52;0.0;3.999668906E7
501;63 > -52;0.0;3.999672976E7
502;63 > -52;0.0;3.99967733E7
503;63 > -52;0.0;3.999671078E7
504;63 > -52;0.0;3.999679622E7
505;63 > -51;0.0;3.999674753E7
506;63 > -51;0.0;3.99966576E7
507;63 > -51;0.0;3.999671925E7
508;63 > -51;0.0;3.99968101E7
509;63 > -51;0.0;3.999642447E7
510;63 > -51;0.0;3.999661798E7
511;63 > -51;0.0;3.999665969E7
512;63 > -51;0.0;3.999662931E7
513;63 > -51;0.0;3.998788452E7
514;63 > -51;0.0;3.999680544E7
515;63 > -50;0.0;3.999665962E7
516;63 > -50;0.0;3.99966914E7
517;63 > -50;0.0;3.999669545E7
518;63 > -50;0.0;3.999664093E7
519;63 > -50;0.0;3.999657085E7
520;63 > -50;0.0;3.999653004E7
521;63 > -50;0.0;3.999660077E7
522;63 > -50;0.0;3.999659933E7
523;63 > -50;0.0;3.999656162E7
524;63 > -50;0.0;3.999668144E7
525;63 > -49;0.0;3.99966181E7
526;63 > -49;0.0;3.999667574E7
527;63 > -49;0.0;3.999658384E7
528;63 > -49;0.0;3.999671104E7
529;63 > -49;0.0;3.999658785E7
530;63 > -49;0.0;3.999655044E7
531;63 > -49;0.0;3.999649067E7
532;63 > -49;0.0;3.999656234E7
533;63 > -49;0.0;3.999652141E7
534;63 > -49;0.0;3.999659565E7
535;63 > -48;0.0;3.999664198E7
536;63 > -48;0.0;3.999660135E7
537;63 > -48;0.0;3.999650976E7
538;63 > -48;0.0;3.999663104E7
539;63 > -48;0.0;3.999641802E7
540;63 > -48;0.0;3.999660783E7
541;63 > -48;0.0;3.99966217E7
542;63 > -48;0.0;3.999663389E7
543;63 > -48;0.0;3.999664039E7
544;63 > -48;0.0;3.999654682E7
545;63 > -47;0.0;3.999670739E7
546;63 > -47;0.0;3.999658429E7
547;63 > -47;0.0;3.999660693E7
548;63 > -47;0.0;3.999661003E7
549;63 > -47;0.0;3.99966553E7
550;63 > -47;0.0;3.999653224E7
551;63 > -47;0.0;3.999653406E7
552;63 > -47;0.0;3.999667509E7
553;63 > -47;0.0;3.99965423E7
554;63 > -47;0.0;3.999643577E7
555;63 > -46;0.0;3.999659735E7
556;63 > -46;0.0;3.999659283E7
557;63 > -46;0.0;3.999650731E7
558;63 > -46;0.0;3.999653257E7
559;63 > -46;0.0;3.999653307E7
560;63 > -46;0.0;3.99965323E7
561;63 > -46;0.0;3.999657742E7
562;63 > -46;0.0;3.999672342E7
563;63 > -46;0.0;3.999658745E7
564;63 > -46;0.0;3.999651579E7
565;63 > -45;0.0;3.99964727E7
566;63 > -45;0.0;3.999667202E7
567;63 > -45;0.0;3.999656035E7
568;63 > -45;0.0;3.999661948E7
569;63 > -45;0.0;3.999656989E7
570;63 > -45;0.0;3.999666873E7
571;63 > -45;0.0;3.999655723E7
572;63 > -45;0.0;3.999648866E7
573;63 > -45;0.0;3.999658123E7
574;63 > -45;0.0;3.999650769E7
575;63 > -44;0.0;3.999653762E7
576;63 > -44;0.0;3.999655123E7
577;63 > -44;0.0;3.999662536E7
578;63 > -44;0.0;3.999645925E7
579;63 > -44;0.0;3.999648676E7
580;63 > -44;0.0;3.999670571E7
581;63 > -44;0.0;3.999655677E7
582;63 > -44;0.0;3.999643458E7
583;63 > -44;0.0;3.999658858E7
584;63 > -44;0.0;3.999661865E7
585;63 > -43;0.0;3.999655529E7
586;63 > -43;0.0;3.999653026E7
587;63 > -43;0.0;3.999658722E7
588;63 > -43;0.0;3.999648266E7
589;63 > -43;0.0;3.999644485E7
590;63 > -43;0.0;3.999651075E7
591;63 > -43;0.0;3.999659259E7
592;63 > -43;0.0;3.999654427E7
593;63 > -43;0.0;3.999654481E7
594;63 > -43;0.0;3.999660366E7
595;63 > -42;0.0;3.999650816E7
596;63 > -42;0.0;3.999652156E7
597;63 > -42;0.0;3.999672108E7
598;63 > -42;0.0;3.99966418E7
599;63 > -42;0.0;3.999649574E7
600;63 > -42;0.0;3.999649407E7
601;63 > -42;0.0;3.999646362E7
602;63 > -42;0.0;3.999654577E7
603;63 > -42;0.0;3.999652038E7
604;63 > -42;0.0;3.999652363E7
605;63 > -41;0.0;3.999644006E7
606;63 > -41;0.0;3.999641916E7
607;63 > -41;0.0;3.999647176E7
608;63 > -41;0.0;3.999662148E7
609;63 > -41;0.0;3.999657866E7
610;63 > -41;0.0;3.999650943E7
611;63 > -41;0.0;3.999660445E7
612;63 > -41;0.0;3.99965953E7
613;63 > -41;0.0;3.999650689E7
614;63 > -41;0.0;3.999650335E7
615;63 > -40;0.0;4.000533135E7
616;63 > -40;0.0;3.999661926E7
617;63 > -40;0.0;3.999652724E7
618;63 > -40;0.0;3.999652923E7
619;63 > -40;0.0;3.997800508E7
620;63 > -40;0.0;3.999642064E7
621;63 > -40;0.0;3.999636415E7
622;63 > -40;0.0;3.999649358E7
623;63 > -40;0.0;3.999645429E7
624;63 > -40;0.0;3.999653835E7
625;63 > -39;0.0;3.999642368E7
626;63 > -39;0.0;3.999651549E7
627;63 > -39;0.0;3.999652679E7
628;63 > -39;0.0;3.999640233E7
629;63 > -39;0.0;3.999654304E7
630;63 > -39;0.0;3.99964621E7
631;63 > -39;0.0;3.999650588E7
632;63 > -39;0.0;3.999653764E7
633;63 > -39;0.0;3.99965539E7
634;63 > -39;0.0;3.9996496E7
635;63 > -38;0.0;3.999639643E7
636;63 > -38;0.0;3.999653464E7
637;63 > -38;0.0;3.999646075E7
638;63 > -38;0.0;3.999647013E7
639;63 > -38;0.0;3.999648108E7
640;63 > -38;0.0;3.999637446E7
641;63 > -38;0.0;3.999641124E7
642;63 > -38;0.0;3.99963791E7
643;63 > -38;0.0;3.999646625E7
644;63 > -38;0.0;3.999646904E7
645;63 > -37;0.0;3.999649333E7
646;63 > -37;0.0;3.999648758E7
647;63 > -37;0.0;3.99965006E7
648;63 > -37;0.0;3.999643049E7
649;63 > -37;0.0;3.999635776E7
650;63 > -37;0.0;3.999646217E7
651;63 > -37;0.0;3.999641147E7
652;63 > -37;0.0;3.999641309E7
653;63 > -37;0.0;3.999646301E7
654;63 > -37;0.0;3.999644644E7
655;63 > -36;0.0;3.999652388E7
656;63 > -36;0.0;3.999644251E7
657;63 > -36;0.0;3.999652559E7
658;63 > -36;0.0;3.999639457E7
659;63 > -36;0.0;3.999658331E7
660;63 > -36;0.0;3.999647519E7
661;63 > -36;0.0;3.999642191E7
662;63 > -36;0.0;3.999638637E7
663;63 > -36;0.0;3.999632356E7
664;63 > -36;0.0;3.999641689E7
665;63 > -35;0.0;3.999630532E7
666;63 > -35;0.0;3.99964763E7
667;63 > -35;0.0;3.999643337E7
668;63 > -35;0.0;3.999650782E7
669;63 > -35;0.0;3.99963389E7
670;63 > -35;0.0;3.999626833E7
671;63 > -35;0.0;3.999649085E7
672;63 > -35;0.0;3.999635727E7
673;63 > -35;0.0;3.99964545E7
674;63 > -35;0.0;3.999646382E7
675;63 > -34;0.0;3.999639289E7
676;63 > -34;0.0;3.999648172E7
677;63 > -34;0.0;3.999636076E7
678;63 > -34;0.0;3.999648679E7
679;63 > -34;0.0;3.999641817E7
680;63 > -34;0.0;3.999650088E7
681;63 > -34;0.0;3.999642897E7
682;63 > -34;0.0;3.999633741E7
683;63 > -34;0.0;3.999643719E7
684;63 > -34;0.0;3.999633002E7
685;63 > -33;0.0;3.999643291E7
686;63 > -33;0.0;3.999635946E7
687;63 > -33;0.0;3.999639204E7
688;63 > -33;0.0;3.999630074E7
689;63 > -33;0.0;3.99964069E7
690;63 > -33;0.0;3.999641774E7
691;63 > -33;0.0;3.999634269E7
692;63 > -33;0.0;3.999646898E7
693;63 > -33;0.0;3.99964567E7
694;63 > -33;0.0;3.999645833E7
695;63 > -32;0.0;3.999642861E7
696;63 > -32;0.0;3.99964082E7
697;63 > -32;0.0;3.999648085E7
698;63 > -32;0.0;3.999637849E7
699;63 > -32;0.0;3.999649358E7
700;63 > -32;0.0;3.999641651E7
701;63 > -32;0.0;3.999649374E7
702;63 > -32;0.0;3.999673308E7
703;63 > -32;0.0;3.999647855E7
704;63 > -32;0.0;3.999641236E7
705;63 > -31;0.0;3.99963001E7
706;63 > -31;0.0;3.999630847E7
707;63 > -31;0.0;3.99963496E7
708;63 > -31;0.0;3.999643573E7
709;63 > -31;0.0;3.999635042E7
710;63 > -31;0.0;3.99963873E7
711;63 > -31;0.0;3.999639155E7
712;63 > -31;0.0;3.999629537E7
713;63 > -31;0.0;3.999643139E7
714;63 > -31;0.0;3.999635701E7
715;63 > -30;0.0;3.999644326E7
716;63 > -30;0.0;3.999632902E7
717;63 > -30;0.0;3.999637927E7
718;63 > -30;0.0;3.999642676E7
719;63 > -30;0.0;3.99962997E7
720;63 > -30;0.0;3.999644898E7
721;63 > -30;0.0;3.999635179E7
722;63 > -30;0.0;3.99964853E7
723;63 > -30;0.0;3.999636608E7
724;63 > -30;0.0;3.999633046E7
725;63 > -29;0.0;3.999636419E7
726;63 > -29;0.0;3.999628771E7
727;63 > -29;0.0;3.999651193E7
728;63 > -29;0.0;3.999629006E7
729;63 > -29;0.0;3.99963437E7
730;63 > -29;0.0;3.999633723E7
731;63 > -29;0.0;3.999638764E7
732;63 > -29;0.0;3.999629025E7
733;63 > -29;0.0;3.99963431E7
734;63 > -29;0.0;3.999632888E7
735;63 > -28;0.0;3.999637497E7
736;63 > -28;0.0;3.999641559E7
737;63 > -28;0.0;3.999638332E7
738;63 > -28;0.0;3.999638554E7
739;63 > -28;0.0;3.999634039E7
740;63 > -28;0.0;3.999638112E7
741;63 > -28;0.0;3.999642341E7
742;63 > -28;0.0;3.999631035E7
743;63 > -28;0.0;3.999652305E7
744;63 > -28;0.0;3.999642115E7
745;63 > -27;0.0;3.999638621E7
746;63 > -27;0.0;3.999636801E7
747;63 > -27;0.0;3.999626131E7
748;63 > -27;0.0;3.9996422E7
749;63 > -27;0.0;3.999629188E7
750;63 > -27;0.0;3.999624627E7
751;63 > -27;0.0;3.999632796E7
752;63 > -27;0.0;3.999639439E7
753;63 > -27;0.0;3.999629931E7
754;63 > -27;0.0;3.999627895E7
755;63 > -26;0.0;3.999641193E7
756;63 > -26;0.0;3.999640044E7
757;63 > -26;0.0;3.999635788E7
758;63 > -26;0.0;3.999638179E7
759;63 > -26;0.0;3.999634273E7
760;63 > -26;0.0;3.999620829E7
761;63 > -26;0.0;3.999628394E7
762;63 > -26;0.0;3.999640252E7
763;63 > -26;0.0;3.999625136E7
764;63 > -26;0.0;3.999639844E7
765;63 > -25;0.0;3.999628317E7
766;63 > -25;0.0;3.999641635E7
767;63 > -25;0.0;3.999640642E7
768;63 > -25;0.0;3.999629136E7
769;63 > -25;0.0;3.999637159E7
770;63 > -25;0.0;3.99962619E7
771;63 > -25;0.0;3.999636542E7
772;63 > -25;0.0;3.999628138E7
773;63 > -25;0.0;3.999632172E7
774;63 > -25;0.0;3.999629305E7
775;63 > -24;0.0;3.999630412E7
776;63 > -24;0.0;3.999645607E7
777;63 > -24;0.0;3.999633248E7
778;63 > -24;0.0;3.999605039E7
779;63 > -24;0.0;3.999621548E7
780;63 > -24;0.0;3.999630095E7
781;63 > -24;0.0;3.99963394E7
782;63 > -24;0.0;3.99962712E7
783;63 > -24;0.0;3.999068066E7
784;63 > -24;0.0;3.999636296E7
785;63 > -23;0.0;3.999631663E7
786;63 > -23;0.0;3.999624204E7
787;63 > -23;0.0;3.999647933E7
788;63 > -23;0.0;3.999636599E7
789;63 > -23;0.0;3.999620948E7
790;63 > -23;0.0;3.999649835E7
791;63 > -23;0.0;3.999642619E7
792;63 > -23;0.0;3.999626029E7
793;63 > -23;0.0;3.999628808E7
794;63 > -23;0.0;3.999630752E7
795;63 > -22;0.0;3.999627419E7
796;63 > -22;0.0;3.998749384E7
797;63 > -22;0.0;3.999639564E7
798;63 > -22;0.0;3.999632216E7
799;63 > -22;0.0;3.999630968E7
800;63 > -22;0.0;3.999626869E7
801;63 > -22;0.0;3.999636945E7
802;63 > -22;0.0;3.999641442E7
803;63 > -22;0.0;3.999622661E7
804;63 > -22;0.0;3.999645884E7
805;63 > -21;0.0;3.999631056E7
806;63 > -21;0.0;3.999617812E7
807;63 > -21;0.0;3.999633152E7
808;63 > -21;0.0;3.999640006E7
809;63 > -21;0.0;3.999639728E7
810;63 > -21;0.0;3.999621607E7
811;63 > -21;0.0;3.999647763E7
812;63 > -21;0.0;3.999635024E7
813;63 > -21;0.0;3.999629445E7
814;63 > -21;0.0;3.999620829E7
815;63 > -20;0.0;3.999634008E7
816;63 > -20;0.0;3.999620898E7
817;63 > -20;0.0;3.9996125E7
818;63 > -20;0.0;3.999644503E7
819;63 > -20;0.0;3.999605428E7
820;63 > -20;0.0;3.999626234E7
821;63 > -20;0.0;3.999625057E7
822;63 > -20;0.0;3.999636659E7
823;63 > -20;0.0;3.99962953E7
824;63 > -20;0.0;3.999616953E7
825;63 > -19;0.0;3.999642524E7
826;63 > -19;0.0;3.9996203E7
827;63 > -19;0.0;3.999627461E7
828;63 > -19;0.0;3.999633343E7
829;63 > -19;0.0;3.999633738E7
830;63 > -19;0.0;3.999629332E7
831;63 > -19;0.0;3.999608619E7
832;63 > -19;0.0;3.999640589E7
833;63 > -19;0.0;3.999621591E7
834;63 > -19;0.0;3.999627328E7
835;63 > -18;0.0;3.999628685E7
836;63 > -18;0.0;3.99963001E7
837;63 > -18;0.0;3.999618978E7
838;63 > -18;0.0;3.999622198E7
839;63 > -18;0.0;3.999626326E7
840;63 > -18;0.0;3.999639603E7
841;63 > -18;0.0;3.999633754E7
842;63 > -18;0.0;3.999630001E7
843;63 > -18;0.0;3.999631518E7
844;63 > -18;0.0;3.999625491E7
845;63 > -17;0.0;3.999640538E7
846;63 > -17;0.0;3.999638393E7
847;63 > -17;0.0;3.999622459E7
848;63 > -17;0.0;3.999631139E7
849;63 > -17;0.0;3.99963526E7
850;63 > -17;0.0;3.999622497E7
851;63 > -17;0.0;3.999637419E7
852;63 > -17;0.0;3.999630606E7
853;63 > -17;0.0;3.999636934E7
854;63 > -17;0.0;3.999624757E7
855;63 > -16;0.0;3.999633939E7
856;63 > -16;0.0;3.999634432E7
857;63 > -16;0.0;3.999622427E7
858;63 > -16;0.0;3.999625618E7
859;63 > -16;0.0;3.999627726E7
860;63 > -16;0.0;3.99961504E7
861;63 > -16;0.0;3.999619867E7
862;63 > -16;0.0;3.999630048E7
863;63 > -16;0.0;3.999641944E7
864;63 > -16;0.0;3.99963023E7
865;63 > -15;0.0;3.999620504E7
866;63 > -15;0.0;3.999624381E7
867;63 > -15;0.0;3.999650811E7
868;63 > -15;0.0;3.999626004E7
869;63 > -15;0.0;3.999630557E7
870;63 > -15;0.0;3.999614418E7
871;63 > -15;0.0;3.999623343E7
872;63 > -15;0.0;3.999622821E7
873;63 > -15;0.0;3.999614576E7
874;63 > -15;0.0;3.999633597E7
875;63 > -14;0.0;3.999635656E7
876;63 > -14;0.0;3.999633109E7
877;63 > -14;0.0;3.999631406E7
878;63 > -14;0.0;3.999620295E7
879;63 > -14;0.0;3.999617503E7
880;63 > -14;0.0;3.999642636E7
881;63 > -14;0.0;3.999634231E7
882;63 > -14;0.0;3.999622603E7
883;63 > -14;0.0;3.999618418E7
884;63 > -14;0.0;3.999622876E7
885;63 > -13;0.0;3.999622552E7
886;63 > -13;0.0;3.999630443E7
887;63 > -13;0.0;3.999621892E7
888;63 > -13;0.0;3.999629635E7
889;63 > -13;0.0;3.999626901E7
890;63 > -13;0.0;3.999624889E7
891;63 > -13;0.0;3.999625175E7
892;63 > -13;0.0;3.999620884E7
893;63 > -13;0.0;3.999629478E7
894;63 > -13;0.0;3.999630656E7
895;63 > -12;0.0;3.999636654E7
896;63 > -12;0.0;3.999632481E7
897;63 > -12;0.0;3.999629382E7
898;63 > -12;0.0;4.000494345E7
899;63 > -12;0.0;3.999635863E7
900;63 > -12;0.0;3.999634754E7
901;63 > -12;0.0;3.999618916E7
902;63 > -12;0.0;3.999628552E7
903;63 > -12;0.0;3.999622176E7
904;63 > -12;0.0;3.999627836E7
905;63 > -11;0.0;3.999622933E7
906;63 > -11;0.0;3.999647247E7
907;63 > -11;0.0;3.99961057E7
908;63 > -11;0.0;3.999628923E7
909;63 > -11;0.0;3.999632889E7
910;63 > -11;0.0;3.999627837E7
911;63 > -11;0.0;3.999623082E7
912;63 > -11;0.0;3.999629406E7
913;63 > -11;0.0;3.99963125E7
914;63 > -11;0.0;3.99962325E7
915;63 > -10;0.0;3.999626249E7
916;63 > -10;0.0;3.999633169E7
917;63 > -10;0.0;3.999628829E7
918;63 > -10;0.0;3.999642384E7
919;63 > -10;0.0;3.999625413E7
920;63 > -10;0.0;3.998746583E7
921;63 > -10;0.0;3.999619262E7
922;63 > -10;0.0;3.999618315E7
923;63 > -10;0.0;3.999627685E7
924;63 > -10;0.0;3.999613548E7
925;63 > -9;0.0;3.999624344E7
926;63 > -9;0.0;3.999619748E7
927;63 > -9;0.0;3.999630685E7
928;63 > -9;0.0;3.999625528E7
929;63 > -9;0.0;3.999626809E7
930;63 > -9;0.0;3.999621212E7
931;63 > -9;0.0;3.999623501E7
932;63 > -9;0.0;3.999619633E7
933;63 > -9;0.0;3.999625467E7
934;63 > -9;0.0;3.999623926E7
935;63 > -8;0.0;3.999617874E7
936;63 > -8;0.0;3.999618157E7
937;63 > -8;0.0;3.999623908E7
938;63 > -8;0.0;3.999632918E7
939;63 > -8;0.0;3.999613141E7
940;63 > -8;0.0;3.999624976E7
941;63 > -8;0.0;3.999619042E7
942;63 > -8;0.0;3.999630579E7
943;63 > -8;0.0;3.999625672E7
944;63 > -8;0.0;3.999622385E7
945;63 > -7;0.0;3.999609511E7
946;63 > -7;0.0;3.999615357E7
947;63 > -7;0.0;3.999616364E7
948;63 > -7;0.0;3.999620144E7
949;63 > -7;0.0;3.999631075E7
950;63 > -7;0.0;3.999616637E7
951;63 > -7;0.0;3.999624308E7
952;63 > -7;0.0;3.999626928E7
953;63 > -7;0.0;3.999614407E7
954;63 > -7;0.0;3.999614033E7
955;63 > -6;0.0;3.999615826E7
956;63 > -6;0.0;3.999619456E7
957;63 > -6;0.0;3.999622753E7
958;63 > -6;0.0;3.999612821E7
959;63 > -6;0.0;3.999628029E7
960;63 > -6;0.0;3.999614075E7
961;63 > -6;0.0;3.999625022E7
962;63 > -6;0.0;3.999619517E7
963;63 > -6;0.0;3.999624489E7
964;63 > -6;0.0;3.999626535E7
965;63 > -5;0.0;3.999621367E7
966;63 > -5;0.0;3.999623503E7
967;63 > -5;0.0;3.999618897E7
968;63 > -5;0.0;3.999615261E7
969;63 > -5;0.0;3.999619703E7
970;63 > -5;0.0;3.999604792E7
971;63 > -5;0.0;3.999600181E7
972;63 > -5;0.0;3.99962179E7
973;63 > -5;0.0;3.999607713E7
974;63 > -5;0.0;3.999609669E7
975;63 > -4;0.0;3.999617953E7
976;63 > -4;0.0;3.999622282E7
977;63 > -4;0.0;3.999624227E7
978;63 > -4;0.0;3.99961342E7
979;63 > -4;0.0;3.999603091E7
980;63 > -4;0.0;3.999627352E7
981;63 > -4;0.0;3.999616386E7
982;63 > -4;0.0;3.999621775E7
983;63 > -4;0.0;3.999607712E7
984;63 > -4;0.0;3.999628905E7
985;63 > -3;0.0;3.999617973E7
986;63 > -3;0.0;3.999626041E7
987;63 > -3;0.0;3.999620399E7
988;63 > -3;0.0;3.999603794E7
989;63 > -3;0.0;3.999614884E7
990;63 > -3;0.0;3.999617409E7
991;63 > -3;0.0;3.999621485E7
992;63 > -3;0.0;3.999610516E7
993;63 > -3;0.0;3.99962423E7
994;63 > -3;0.0;3.999617445E7
995;63 > -2;0.0;3.999622709E7
996;63 > -2;0.0;3.999613772E7
997;63 > -2;0.0;3.999616066E7
998;63 > -2;0.0;3.999617535E7
999;63 > -2;0.0;3.999609971E7
1000;63 > -2;0.0;3.999615023E7
1001;63 > -2;0.0;3.999619279E7
1002;63 > -2;0.0;3.999617255E7
1003;63 > -2;0.0;3.99962696E7
1004;63 > -2;0.0;3.999610023E7
1005;63 > -1;0.0;3.999620351E7
1006;63 > -1;0.0;3.99961799E7
1007;63 > -1;0.0;3.999614477E7
1008;63 > -1;0.0;3.999609973E7
1009;63 > -1;0.0;3.999601746E7
1010;63 > -1;0.0;3.999617726E7
1011;63 > -1;0.0;3.999615957E7
1012;63 > -1;0.0;3.999620324E7
1013;63 > -1;0.0;3.99960942E7
1014;63 > -1;0.0;3.999612919E7
1015;63 > -;0.0;3.99960726E7
1016;63 > -;0.0;3.999620077E7
1017;63 > -;0.0;3.999601272E7
1018;63 > -;0.0;3.999615932E7
1019;63 > -;0.0;3.999614738E7
1020;63 > -;0.0;3.999613737E7
1021;63 > -;0.0;3.999615867E7
1022;63 > -;0.0;3.999613911E7
1023;63 > -;0.0;3.999634205E7
1024;63 > ;0.0;3.999625108E7
1025;63 > ;0.0;3.999606995E7
1026;63 > ;0.0;3.99961353E7
1027;63 > ;0.0;3.999626208E7
1028;63 > ;0.0;3.999606019E7
1029;63 > ;0.0;3.999602168E7
1030;63 > ;0.0;3.999596399E7
1031;63 > ;0.0;3.999613973E7
1032;63 > ;0.0;3.999614088E7
1033;63 > ;0.0;3.999606188E7
1034;63 > 1;0.0;3.999612496E7
1035;63 > 1;0.0;3.999597887E7
1036;63 > 1;0.0;3.999612036E7
1037;63 > 1;0.0;3.999611855E7
1038;63 > 1;0.0;3.999618614E7
1039;63 > 1;0.0;3.999616452E7
1040;63 > 1;0.0;3.999607612E7
1041;63 > 1;0.0;3.999614984E7
1042;63 > 1;0.0;3.999615599E7
1043;63 > 1;0.0;3.999612785E7
1044;63 > 2;0.0;3.999613792E7
1045;63 > 2;0.0;3.999605802E7
1046;63 > 2;0.0;3.999610006E7
1047;63 > 2;0.0;3.999599261E7
1048;63 > 2;0.0;3.999611966E7
1049;63 > 2;0.0;3.99960051E7
1050;63 > 2;0.0;3.999603693E7
1051;63 > 2;0.0;3.999598605E7
1052;63 > 2;0.0;3.999609674E7
1053;63 > 2;0.0;3.999598645E7
1054;63 > 3;0.0;3.999604929E7
1055;63 > 3;0.0;3.999598706E7
1056;63 > 3;0.0;3.999606843E7
1057;63 > 3;0.0;3.999615199E7
1058;63 > 3;0.0;3.999609961E7
1059;63 > 3;0.0;3.999612484E7
1060;63 > 3;0.0;3.999604807E7
1061;63 > 3;0.0;3.999598586E7
1062;63 > 3;0.0;3.999603348E7
1063;63 > 3;0.0;3.99961549E7
1064;63 > 4;0.0;3.999600111E7
1065;63 > 4;0.0;3.999611836E7
1066;63 > 4;0.0;3.999602971E7
1067;63 > 4;0.0;3.999608354E7
1068;63 > 4;0.0;3.999612733E7
1069;63 > 4;0.0;3.999605947E7
1070;63 > 4;0.0;3.999590794E7
1071;63 > 4;0.0;3.999605481E7
1072;63 > 4;0.0;3.999616648E7
1073;63 > 4;0.0;3.999605558E7
1074;63 > 5;0.0;3.999606569E7
1075;63 > 5;0.0;3.999604521E7
1076;63 > 5;0.0;3.999591654E7
1077;63 > 5;0.0;3.999614447E7
1078;63 > 5;0.0;3.999605474E7
1079;63 > 5;0.0;3.998862987E7
1080;63 > 5;0.0;3.99960331E7
1081;63 > 5;0.0;3.999606852E7
1082;63 > 5;0.0;3.999615987E7
1083;63 > 5;0.0;3.999604156E7
1084;63 > 6;0.0;3.999614339E7
1085;63 > 6;0.0;3.999603124E7
1086;63 > 6;0.0;3.999604309E7
1087;63 > 6;0.0;3.999606285E7
1088;63 > 6;0.0;3.999613927E7
1089;63 > 6;0.0;3.999608448E7
1090;63 > 6;0.0;3.999617067E7
1091;63 > 6;0.0;3.999606742E7
1092;63 > 6;0.0;3.999615656E7
1093;63 > 6;0.0;3.999596961E7
1094;63 > 7;0.0;3.999593871E7
1095;63 > 7;0.0;3.999609841E7
1096;63 > 7;0.0;3.999609106E7
1097;63 > 7;0.0;3.999604231E7
1098;63 > 7;0.0;3.999591321E7
1099;63 > 7;0.0;3.999598408E7
1100;63 > 7;0.0;3.999601127E7
1101;63 > 7;0.0;3.999593098E7
1102;63 > 7;0.0;3.999608879E7
1103;63 > 7;0.0;3.99960003E7
1104;63 > 8;0.0;3.99961138E7
1105;63 > 8;0.0;3.999604592E7
1106;63 > 8;0.0;3.999601619E7
1107;63 > 8;0.0;3.999600088E7
1108;63 > 8;0.0;3.999612848E7
1109;63 > 8;0.0;3.999599104E7
1110;63 > 8;0.0;3.999606477E7
1111;63 > 8;0.0;3.999604872E7
1112;63 > 8;0.0;3.999597073E7
1113;63 > 8;0.0;3.999617432E7
1114;63 > 9;0.0;3.99958784E7
1115;63 > 9;0.0;3.999595134E7
1116;63 > 9;0.0;3.999603217E7
1117;63 > 9;0.0;3.999586187E7
1118;63 > 9;0.0;3.999608592E7
1119;63 > 9;0.0;3.999606383E7
1120;63 > 9;0.0;3.999585101E7
1121;63 > 9;0.0;3.999612737E7
1122;63 > 9;0.0;3.999600528E7
1123;63 > 9;0.0;3.99959223E7
1124;63 > 10;0.0;3.999605366E7
1125;63 > 10;0.0;3.999600343E7
1126;63 > 10;0.0;3.99960806E7
1127;63 > 10;0.0;3.99959226E7
1128;63 > 10;0.0;3.999612918E7
1129;63 > 10;0.0;3.999599937E7
1130;63 > 10;0.0;3.999589091E7
1131;63 > 10;0.0;3.999611647E7
1132;63 > 10;0.0;3.999602438E7
1133;63 > 10;0.0;3.999595632E7
1134;63 > 11;0.0;3.999609495E7
1135;63 > 11;0.0;3.999599704E7
1136;63 > 11;0.0;3.999595762E7
1137;63 > 11;0.0;3.999598337E7
1138;63 > 11;0.0;3.99960087E7
1139;63 > 11;0.0;3.999606554E7
1140;63 > 11;0.0;3.999576071E7
1141;63 > 11;0.0;3.999593315E7
1142;63 > 11;0.0;3.999591553E7
1143;63 > 11;0.0;3.999596084E7
1144;63 > 12;0.0;3.999599279E7
1145;63 > 12;0.0;3.999601922E7
1146;63 > 12;0.0;3.999615762E7
1147;63 > 12;0.0;3.999604465E7
1148;63 > 12;0.0;3.999590875E7
1149;63 > 12;0.0;3.999602212E7
1150;63 > 12;0.0;3.999605171E7
1151;63 > 12;0.0;3.999591579E7
1152;63 > 12;0.0;3.999608338E7
1153;63 > 12;0.0;3.999601514E7
1154;63 > 13;0.0;3.99960193E7
1155;63 > 13;0.0;3.9996115E7
1156;63 > 13;0.0;3.999602953E7
1157;63 > 13;0.0;3.999604894E7
1158;63 > 13;0.0;3.999599837E7
1159;63 > 13;0.0;3.999599124E7
1160;63 > 13;0.0;3.999603858E7
1161;63 > 13;0.0;3.999575906E7
1162;63 > 13;0.0;3.999589795E7
1163;63 > 13;0.0;3.999591976E7
1164;63 > 14;0.0;3.999614171E7
1165;63 > 14;0.0;3.999599739E7
1166;63 > 14;0.0;3.999593911E7
1167;63 > 14;0.0;3.999590178E7
1168;63 > 14;0.0;3.999607544E7
1169;63 > 14;0.0;3.999585551E7
1170;63 > 14;0.0;3.999584694E7
1171;63 > 14;0.0;3.999596723E7
1172;63 > 14;0.0;3.999597935E7
1173;63 > 14;0.0;3.999593524E7
1174;63 > 15;0.0;3.9995951E7
1175;63 > 15;0.0;3.99960842E7
1176;63 > 15;0.0;3.999595174E7
1177;63 > 15;0.0;3.999600638E7
1178;63 > 15;0.0;3.99959986E7
1179;63 > 15;0.0;3.999586089E7
1180;63 > 15;0.0;3.999596809E7
1181;63 > 15;0.0;4.000328274E7
1182;63 > 15;0.0;3.999596844E7
1183;63 > 15;0.0;3.999594437E7
1184;63 > 16;0.0;3.999597393E7
1185;63 > 16;0.0;3.999595026E7
1186;63 > 16;0.0;3.999598279E7
1187;63 > 16;0.0;3.999597717E7
1188;63 > 16;0.0;3.999588506E7
1189;63 > 16;0.0;3.999594631E7
1190;63 > 16;0.0;3.999581838E7
1191;63 > 16;0.0;3.99959288E7
1192;63 > 16;0.0;3.999589578E7
1193;63 > 16;0.0;3.999595841E7
1194;63 > 17;0.0;3.999601173E7
1195;63 > 17;0.0;3.999609745E7
1196;63 > 17;0.0;3.999589331E7
1197;63 > 17;0.0;3.999600864E7
1198;63 > 17;0.0;3.999581526E7
1199;63 > 17;0.0;3.999590286E7
1200;63 > 17;0.0;3.999576465E7
1201;63 > 17;0.0;3.999595977E7
1202;63 > 17;0.0;3.999585087E7
1203;63 > 17;0.0;3.999586931E7
1204;63 > 18;0.0;3.999591874E7
1205;63 > 18;0.0;3.999597686E7
1206;63 > 18;0.0;3.999593314E7
1207;63 > 18;0.0;3.99959056E7
1208;63 > 18;0.0;3.999581818E7
1209;63 > 18;0.0;3.999596485E7
1210;63 > 18;0.0;3.99959303E7
1211;63 > 18;0.0;3.999596501E7
1212;63 > 18;0.0;3.999600915E7
1213;63 > 18;0.0;3.999598858E7
1214;63 > 19;0.0;3.999592645E7
1215;63 > 19;0.0;3.999586053E7
1216;63 > 19;0.0;3.999585116E7
1217;63 > 19;0.0;3.999596471E7
1218;63 > 19;0.0;3.999593543E7
1219;63 > 19;0.0;3.999585899E7
1220;63 > 19;0.0;3.999582086E7
1221;63 > 19;0.0;3.998688812E7
1222;63 > 19;0.0;3.999581809E7
1223;63 > 19;0.0;3.999590477E7
1224;63 > 20;0.0;3.999584192E7
1225;63 > 20;0.0;3.999591549E7
1226;63 > 20;0.0;3.999593094E7
1227;63 > 20;0.0;3.999590647E7
1228;63 > 20;0.0;3.999590112E7
1229;63 > 20;0.0;3.999586384E7
1230;63 > 20;0.0;3.999586196E7
1231;63 > 20;0.0;3.999568197E7
1232;63 > 20;0.0;3.999592548E7
1233;63 > 20;0.0;3.999592736E7
1234;63 > 21;0.0;3.999592572E7
1235;63 > 21;0.0;3.999590677E7
1236;63 > 21;0.0;3.999571228E7
1237;63 > 21;0.0;3.999583049E7
1238;63 > 21;0.0;3.999585818E7
1239;63 > 21;0.0;3.999588342E7
1240;63 > 21;0.0;3.999594528E7
1241;63 > 21;0.0;3.999599785E7
1242;63 > 21;0.0;3.999585191E7
1243;63 > 21;0.0;3.99960715E7
1244;63 > 22;0.0;3.999592722E7
1245;63 > 22;0.0;3.999597223E7
1246;63 > 22;0.0;3.999590596E7
1247;63 > 22;0.0;3.999588674E7
1248;63 > 22;0.0;3.999581547E7
1249;63 > 22;0.0;3.999586318E7
1250;63 > 22;0.0;3.999573534E7
1251;63 > 22;0.0;3.999587703E7
1252;63 > 22;0.0;3.999587034E7
1253;63 > 22;0.0;3.999594069E7
1254;63 > 23;0.0;3.999584563E7
1255;63 > 23;0.0;3.999583306E7
1256;63 > 23;0.0;3.999589882E7
1257;63 > 23;0.0;3.999588861E7
1258;63 > 23;0.0;3.99958199E7
1259;63 > 23;0.0;3.999587209E7
1260;63 > 23;0.0;3.999592978E7
1261;63 > 23;0.0;3.99958274E7
1262;63 > 23;0.0;3.999565297E7
1263;63 > 23;0.0;3.99958935E7
1264;63 > 24;0.0;3.999586382E7
1265;63 > 24;0.0;3.999581509E7
1266;63 > 24;0.0;3.999582938E7
1267;63 > 24;0.0;3.99959319E7
1268;63 > 24;0.0;3.999588118E7
1269;63 > 24;0.0;3.999580519E7
1270;63 > 24;0.0;3.999571734E7
1271;63 > 24;0.0;3.999571358E7
1272;63 > 24;0.0;3.999571956E7
1273;63 > 24;0.0;3.999570113E7
1274;63 > 25;0.0;3.999591309E7
1275;63 > 25;0.0;3.999581321E7
1276;63 > 25;0.0;3.999593875E7
1277;63 > 25;0.0;3.999589977E7
1278;63 > 25;0.0;3.999590561E7
1279;63 > 25;0.0;3.999590266E7
1280;63 > 25;0.0;3.999607554E7
1281;63 > 25;0.0;3.999590307E7
1282;63 > 25;0.0;3.999589242E7
1283;63 > 25;0.0;3.999595586E7
1284;63 > 26;0.0;3.999586164E7
1285;63 > 26;0.0;3.999591244E7
1286;63 > 26;0.0;3.999590104E7
1287;63 > 26;0.0;3.999594059E7
1288;63 > 26;0.0;3.999578981E7
1289;63 > 26;0.0;3.999578884E7
1290;63 > 26;0.0;3.999587044E7
1291;63 > 26;0.0;3.999570773E7
1292;63 > 26;0.0;3.999567763E7
1293;63 > 26;0.0;3.999565219E7
1294;63 > 27;0.0;3.999588325E7
1295;63 > 27;0.0;3.999589974E7
1296;63 > 27;0.0;3.999588627E7
1297;63 > 27;0.0;3.999583441E7
1298;63 > 27;0.0;3.999587111E7
1299;63 > 27;0.0;3.999584637E7
1300;63 > 27;0.0;3.99958289E7
1301;63 > 27;0.0;3.999584801E7
1302;63 > 27;0.0;3.999591965E7
1303;63 > 27;0.0;3.999599361E7
1304;63 > 28;0.0;3.999585752E7
1305;63 > 28;0.0;3.999577977E7
1306;63 > 28;0.0;3.99958283E7
1307;63 > 28;0.0;3.999585828E7
1308;63 > 28;0.0;3.999571621E7
1309;63 > 28;0.0;3.999577588E7
1310;63 > 28;0.0;3.999594527E7
1311;63 > 28;0.0;3.999584919E7
1312;63 > 28;0.0;3.999570973E7
1313;63 > 28;0.0;3.999568524E7
1314;63 > 29;0.0;3.999577608E7
1315;63 > 29;0.0;3.999569229E7
1316;63 > 29;0.0;3.999570461E7
1317;63 > 29;0.0;3.99958706E7
1318;63 > 29;0.0;3.99956904E7
1319;63 > 29;0.0;3.999568733E7
1320;63 > 29;0.0;3.999581917E7
1321;63 > 29;0.0;3.999585864E7
1322;63 > 29;0.0;3.999572895E7
1323;63 > 29;0.0;3.999577605E7
1324;63 > 30;0.0;3.999582118E7
1325;63 > 30;0.0;3.999581194E7
1326;63 > 30;0.0;3.999574622E7
1327;63 > 30;0.0;3.999586483E7
1328;63 > 30;0.0;3.999579299E7
1329;63 > 30;0.0;3.999575641E7
1330;63 > 30;0.0;3.999568065E7
1331;63 > 30;0.0;3.99958193E7
1332;63 > 30;0.0;3.999578697E7
1333;63 > 30;0.0;3.999584447E7
1334;63 > 31;0.0;3.999574023E7
1335;63 > 31;0.0;3.999573819E7
1336;63 > 31;0.0;3.999559612E7
1337;63 > 31;0.0;3.999574948E7
1338;63 > 31;0.0;3.999580039E7
1339;63 > 31;0.0;3.999578057E7
1340;63 > 31;0.0;3.999572852E7
1341;63 > 31;0.0;3.999574385E7
1342;63 > 31;0.0;3.999584026E7
1343;63 > 31;0.0;3.999579549E7
1344;63 > 32;0.0;3.999554667E7
1345;63 > 32;0.0;3.999582884E7
1346;63 > 32;0.0;3.999573454E7
1347;63 > 32;0.0;3.999568663E7
1348;63 > 32;0.0;3.999578083E7
1349;63 > 32;0.0;3.999576483E7
1350;63 > 32;0.0;3.999578538E7
1351;63 > 32;0.0;3.999575306E7
1352;63 > 32;0.0;3.999575298E7
1353;63 > 32;0.0;3.999574428E7
1354;63 > 33;0.0;3.999565619E7
1355;63 > 33;0.0;3.999570612E7
1356;63 > 33;0.0;3.999582243E7
1357;63 > 33;0.0;3.999571171E7
1358;63 > 33;0.0;3.999579238E7
1359;63 > 33;0.0;3.999577725E7
1360;63 > 33;0.0;3.999573165E7
1361;63 > 33;0.0;3.999570562E7
1362;63 > 33;0.0;3.998840467E7
1363;63 > 33;0.0;3.999577631E7
1364;63 > 34;0.0;3.999575973E7
1365;63 > 34;0.0;3.99956394E7
1366;63 > 34;0.0;3.999578054E7
1367;63 > 34;0.0;3.999567797E7
1368;63 > 34;0.0;3.99957233E7
1369;63 > 34;0.0;3.999582811E7
1370;63 > 34;0.0;3.999570862E7
1371;63 > 34;0.0;3.999570436E7
1372;63 > 34;0.0;3.999578977E7
1373;63 > 34;0.0;3.999586975E7
1374;63 > 35;0.0;3.999576597E7
1375;63 > 35;0.0;3.999577717E7
1376;63 > 35;0.0;3.999580193E7
1377;63 > 35;0.0;3.999573951E7
1378;63 > 35;0.0;3.999575601E7
1379;63 > 35;0.0;3.999568858E7
1380;63 > 35;0.0;3.999573756E7
1381;63 > 35;0.0;3.999565816E7
1382;63 > 35;0.0;3.999561768E7
1383;63 > 35;0.0;3.99957837E7
1384;63 > 36;0.0;3.999574788E7
1385;63 > 36;0.0;3.99899789E7
1386;63 > 36;0.0;3.999573268E7
1387;63 > 36;0.0;3.999572793E7
1388;63 > 36;0.0;3.99957057E7
1389;63 > 36;0.0;3.999562987E7
1390;63 > 36;0.0;3.999569906E7
1391;63 > 36;0.0;3.999574723E7
1392;63 > 36;0.0;3.999564437E7
1393;63 > 36;0.0;3.999584659E7
1394;63 > 37;0.0;3.99957684E7
1395;63 > 37;0.0;3.999547237E7
1396;63 > 37;0.0;3.999576649E7
1397;63 > 37;0.0;3.999567541E7
1398;63 > 37;0.0;3.999557221E7
1399;63 > 37;0.0;3.999560969E7
1400;63 > 37;0.0;3.9995689E7
1401;63 > 37;0.0;3.999570174E7
1402;63 > 37;0.0;3.999572156E7
1403;63 > 37;0.0;3.999567257E7
1404;63 > 38;0.0;3.999577609E7
1405;63 > 38;0.0;3.999568612E7
1406;63 > 38;0.0;3.999565421E7
1407;63 > 38;0.0;3.999578475E7
1408;63 > 38;0.0;3.999571739E7
1409;63 > 38;0.0;3.999575237E7
1410;63 > 38;0.0;3.999565381E7
1411;63 > 38;0.0;3.999578246E7
1412;63 > 38;0.0;3.999569959E7
1413;63 > 38;0.0;3.999566403E7
1414;63 > 39;0.0;3.999576306E7
1415;63 > 39;0.0;3.999575764E7
1416;63 > 39;0.0;3.999572922E7
1417;63 > 39;0.0;3.999569527E7
1418;63 > 39;0.0;3.999582195E7
1419;63 > 39;0.0;3.999565835E7
1420;63 > 39;0.0;3.999565902E7
1421;63 > 39;0.0;3.999568767E7
1422;63 > 39;0.0;3.99956936E7
1423;63 > 39;0.0;3.999567104E7
1424;63 > 40;0.0;3.999555266E7
1425;63 > 40;0.0;3.999577505E7
1426;63 > 40;0.0;3.999565857E7
1427;63 > 40;0.0;3.99957371E7
1428;63 > 40;0.0;3.999549739E7
1429;63 > 40;0.0;3.999581907E7
1430;63 > 40;0.0;3.999567861E7
1431;63 > 40;0.0;3.999557095E7
1432;63 > 40;0.0;3.99957989E7
1433;63 > 40;0.0;3.999556932E7
1434;63 > 41;0.0;3.999563506E7
1435;63 > 41;0.0;3.999580107E7
1436;63 > 41;0.0;3.99954202E7
1437;63 > 41;0.0;3.999570688E7
1438;63 > 41;0.0;3.999573714E7
1439;63 > 41;0.0;3.999574462E7
1440;63 > 41;0.0;3.999576816E7
1441;63 > 41;0.0;3.99956573E7
1442;63 > 41;0.0;3.999575001E7
1443;63 > 41;0.0;3.999579192E7
1444;63 > 42;0.0;3.999558114E7
1445;63 > 42;0.0;3.999561405E7
1446;63 > 42;0.0;3.999572817E7
1447;63 > 42;0.0;3.999571365E7
1448;63 > 42;0.0;3.999573143E7
1449;63 > 42;0.0;3.999566877E7
1450;63 > 42;0.0;3.999571796E7
1451;63 > 42;0.0;3.999570087E7
1452;63 > 42;0.0;3.99956317E7
1453;63 > 42;0.0;3.999569147E7
1454;63 > 43;0.0;3.999562015E7
1455;63 > 43;0.0;3.999565555E7
1456;63 > 43;0.0;3.999566986E7
1457;63 > 43;0.0;3.999561249E7
1458;63 > 43;0.0;3.999568474E7
1459;63 > 43;0.0;3.999559262E7
1460;63 > 43;0.0;3.999582824E7
1461;63 > 43;0.0;3.999561628E7
1462;63 > 43;0.0;3.999557762E7
1463;63 > 43;0.0;3.99956959E7
1464;63 > 44;0.0;4.000306201E7
1465;63 > 44;0.0;3.999573992E7
1466;63 > 44;0.0;3.999561839E7
1467;63 > 44;0.0;3.999555708E7
1468;63 > 44;0.0;3.999556154E7
1469;63 > 44;0.0;3.999571711E7
1470;63 > 44;0.0;3.999567254E7
1471;63 > 44;0.0;3.999565604E7
1472;63 > 44;0.0;3.999558677E7
1473;63 > 44;0.0;3.999566109E7
1474;63 > 45;0.0;3.999555689E7
1475;63 > 45;0.0;3.999530962E7
1476;63 > 45;0.0;3.999575992E7
1477;63 > 45;0.0;3.999569128E7
1478;63 > 45;0.0;3.999566941E7
1479;63 > 45;0.0;3.999566885E7
1480;63 > 45;0.0;3.999550205E7
1481;63 > 45;0.0;3.999577042E7
1482;63 > 45;0.0;3.999563817E7
1483;63 > 45;0.0;3.999559312E7
1484;63 > 46;0.0;3.999570786E7
1485;63 > 46;0.0;3.999568855E7
1486;63 > 46;0.0;3.999560877E7
1487;63 > 46;0.0;3.999556093E7
1488;63 > 46;0.0;3.999565034E7
1489;63 > 46;0.0;3.999553794E7
1490;63 > 46;0.0;3.999560436E7
1491;63 > 46;0.0;3.999559104E7
1492;63 > 46;0.0;3.999562644E7
1493;63 > 46;0.0;3.999560699E7
1494;63 > 47;0.0;3.999567095E7
1495;63 > 47;0.0;3.999567457E7
1496;63 > 47;0.0;3.999569747E7
1497;63 > 47;0.0;3.999567409E7
1498;63 > 47;0.0;3.999565347E7
1499;63 > 47;0.0;3.999567901E7
1500;63 > 47;0.0;3.999562624E7
1501;63 > 47;0.0;3.999562781E7
1502;63 > 47;0.0;3.999574189E7
1503;63 > 47;0.0;3.999567146E7
1504;63 > 48;0.0;3.999555367E7
1505;63 > 48;0.0;3.999562829E7
1506;63 > 48;0.0;3.999554818E7
1507;63 > 48;0.0;3.999564907E7
1508;63 > 48;0.0;3.999561501E7
1509;63 > 48;0.0;3.999559185E7
1510;63 > 48;0.0;3.999570171E7
1511;63 > 48;0.0;3.999564065E7
1512;63 > 48;0.0;3.999563678E7
1513;63 > 48;0.0;3.999562119E7
1514;63 > 49;0.0;3.999559457E7
1515;63 > 49;0.0;3.999563168E7
1516;63 > 49;0.0;3.999566932E7
1517;63 > 49;0.0;3.999566006E7
1518;63 > 49;0.0;3.999562702E7
1519;63 > 49;0.0;3.999556846E7
1520;63 > 49;0.0;3.99956679E7
1521;63 > 49;0.0;3.999567378E7
1522;63 > 49;0.0;3.998634884E7
1523;63 > 49;0.0;3.99956454E7
1524;63 > 50;0.0;3.999552743E7
1525;63 > 50;0.0;3.999557386E7
1526;63 > 50;0.0;3.99956877E7
1527;63 > 50;0.0;3.999571414E7
1528;63 > 50;0.0;3.999565255E7
1529;63 > 50;0.0;3.999561091E7
1530;63 > 50;0.0;3.999562533E7
1531;63 > 50;0.0;3.999556502E7
1532;63 > 50;0.0;3.999561784E7
1533;63 > 50;0.0;3.99954935E7
1534;63 > 51;0.0;3.99956402E7
1535;63 > 51;0.0;3.999554668E7
1536;63 > 51;0.0;3.999567435E7
1537;63 > 51;0.0;3.999554255E7
1538;63 > 51;0.0;3.999555815E7
1539;63 > 51;0.0;3.999559508E7
1540;63 > 51;0.0;3.999584016E7
1541;63 > 51;0.0;3.999561873E7
1542;63 > 51;0.0;3.999557032E7
1543;63 > 51;0.0;3.999540501E7
1544;63 > 52;0.0;3.999555294E7
1545;63 > 52;0.0;3.99955339E7
1546;63 > 52;0.0;3.999558834E7
1547;63 > 52;0.0;3.999550995E7
1548;63 > 52;0.0;3.999545742E7
1549;63 > 52;0.0;3.999558289E7
1550;63 > 52;0.0;3.999551425E7
1551;63 > 52;0.0;3.99954742E7
1552;63 > 52;0.0;3.999556864E7
1553;63 > 52;0.0;3.999548479E7
1554;63 > 53;0.0;3.99954707E7
1555;63 > 53;0.0;3.99953807E7
1556;63 > 53;0.0;3.999538654E7
1557;63 > 53;0.0;3.999544162E7
1558;63 > 53;0.0;3.999556513E7
1559;63 > 53;0.0;3.999556823E7
1560;63 > 53;0.0;3.999547741E7
1561;63 > 53;0.0;3.99955555E7
1562;63 > 53;0.0;3.999546963E7
1563;63 > 53;0.0;3.999556437E7
1564;63 > 54;0.0;3.999546628E7
1565;63 > 54;0.0;3.999550369E7
1566;63 > 54;0.0;3.999557526E7
1567;63 > 54;0.0;3.999552429E7
1568;63 > 54;0.0;3.99955855E7
1569;63 > 54;0.0;3.999544513E7
1570;63 > 54;0.0;3.999563143E7
1571;63 > 54;0.0;3.999552165E7
1572;63 > 54;0.0;3.999543731E7
1573;63 > 54;0.0;3.999553362E7
1574;63 > 55;0.0;3.999545849E7
1575;63 > 55;0.0;3.999541825E7
1576;63 > 55;0.0;3.999540713E7
1577;63 > 55;0.0;3.999549764E7
1578;63 > 55;0.0;3.999546457E7
1579;63 > 55;0.0;3.999550906E7
1580;63 > 55;0.0;3.999553581E7
1581;63 > 55;0.0;3.999548156E7
1582;63 > 55;0.0;3.999558243E7
1583;63 > 55;0.0;3.999543131E7
1584;63 > 56;0.0;3.999556339E7
1585;63 > 56;0.0;3.999539011E7
1586;63 > 56;0.0;3.999555575E7
1587;63 > 56;0.0;3.999554988E7
1588;63 > 56;0.0;3.999545345E7
1589;63 > 56;0.0;3.999551581E7
1590;63 > 56;0.0;3.99953794E7
1591;63 > 56;0.0;3.999553846E7
1592;63 > 56;0.0;3.999546789E7
1593;63 > 56;0.0;3.999563311E7
1594;63 > 57;0.0;3.999553849E7
1595;63 > 57;0.0;3.999552123E7
1596;63 > 57;0.0;3.999541697E7
1597;63 > 57;0.0;3.999539543E7
1598;63 > 57;0.0;3.999547961E7
1599;63 > 57;0.0;3.999538228E7
1600;63 > 57;0.0;3.999557201E7
1601;63 > 57;0.0;3.999550933E7
1602;63 > 57;0.0;3.999553457E7
1603;63 > 57;0.0;3.999550611E7
1604;63 > 58;0.0;3.999548483E7
1605;63 > 58;0.0;3.999555394E7
1606;63 > 58;0.0;3.999539784E7
1607;63 > 58;0.0;3.999555036E7
1608;63 > 58;0.0;3.999556081E7
1609;63 > 58;0.0;3.99952146E7
1610;63 > 58;0.0;3.999552703E7
1611;63 > 58;0.0;3.99953537E7
1612;63 > 58;0.0;3.999556167E7
1613;63 > 58;0.0;3.999541955E7
1614;63 > 59;0.0;3.999553401E7
1615;63 > 59;0.0;3.999550058E7
1616;63 > 59;0.0;3.9995579E7
1617;63 > 59;0.0;3.99952182E7
1618;63 > 59;0.0;3.999543408E7
1619;63 > 59;0.0;3.999534242E7
1620;63 > 59;0.0;3.999539208E7
1621;63 > 59;0.0;3.999556788E7
1622;63 > 59;0.0;3.999551499E7
1623;63 > 59;0.0;3.999547863E7
1624;63 > 60;0.0;3.999548307E7
1625;63 > 60;0.0;3.999534322E7
1626;63 > 60;0.0;3.999549992E7
1627;63 > 60;0.0;3.999536059E7
1628;63 > 60;0.0;3.999546194E7
1629;63 > 60;0.0;3.999548259E7
1630;63 > 60;0.0;3.999545022E7
1631;63 > 60;0.0;3.999544513E7
1632;63 > 60;0.0;3.99955111E7
1633;63 > 60;0.0;3.999551519E7
1634;63 > 61;0.0;3.999542066E7
1635;63 > 61;0.0;3.99956714E7
1636;63 > 61;0.0;3.999544083E7
1637;63 > 61;0.0;3.999548788E7
1638;63 > 61;0.0;3.999543414E7
1639;63 > 61;0.0;3.999553063E7
1640;63 > 61;0.0;3.999549556E7
1641;63 > 61;0.0;3.999535459E7
1642;63 > 61;0.0;3.999555343E7
1643;63 > 61;0.0;3.999553168E7
1644;63 > 62;0.0;3.999541307E7
1645;63 > 62;0.0;3.99881372E7
1646;63 > 62;0.0;3.999556094E7
1647;63 > 62;0.0;3.999541678E7
1648;63 > 62;0.0;3.999525541E7
1649;63 > 62;0.0;3.999554482E7
1650;63 > 62;0.0;3.99954936E7
1651;63 > 62;0.0;3.999536925E7
1652;63 > 62;0.0;3.999543754E7
1653;63 > 62;0.0;3.999552116E7
1654;63 > 63;0.0;3.999543746E7
1655;63 > 63;0.0;3.999535041E7
1656;63 > 63;0.0;3.999567829E7
1657;63 > 63;0.0;3.999544497E7
1658;63 > 63;0.0;3.999551937E7
1659;63 > 63;0.0;3.99954346E7
1660;63 > 63;0.0;3.999519051E7
1661;63 > 63;0.0;3.999536975E7
1662;63 > 63;0.0;3.999538058E7
1663;63 > 63;0.0;3.999549695E7
1664;63 > 64;0.0;3.999538108E7
1665;63 > 64;0.0;3.999546615E7
1666;63 > 64;0.0;3.999541291E7
1667;63 > 64;0.0;3.99955016E7
1668;63 > 64;0.0;3.999546533E7
1669;63 > 64;0.0;3.999536421E7
1670;63 > 64;0.0;3.999558155E7
1671;63 > 64;0.0;3.99954332E7
1672;63 > 64;0.0;3.999535751E7
1673;63 > 64;0.0;3.999544081E7
1674;63 > 65;0.0;3.999536207E7
1675;63 > 65;0.0;3.999537194E7
1676;63 > 65;0.0;3.999550415E7
1677;63 > 65;0.0;3.999555339E7
1678;63 > 65;0.0;3.999549105E7
1679;63 > 65;0.0;3.999551613E7
1680;63 > 65;0.0;3.99954873E7
1681;63 > 65;0.0;3.9995343E7
1682;63 > 65;0.0;3.999541378E7
1683;63 > 65;0.0;3.999528679E7
1684;63 > 66;0.0;3.999547567E7
1685;63 > 66;0.0;3.999540434E7
1686;63 > 66;0.0;3.999538562E7
1687;63 > 66;0.0;3.999541017E7
1688;63 > 66;0.0;3.999541901E7
1689;63 > 66;0.0;3.999536169E7
1690;63 > 66;0.0;3.999532831E7
1691;63 > 66;0.0;3.999535617E7
1692;63 > 66;0.0;3.9995477E7
1693;63 > 66;0.0;3.999543345E7
1694;63 > 67;0.0;3.99955121E7
1695;63 > 67;0.0;3.999540666E7
1696;63 > 67;0.0;3.999533802E7
1697;63 > 67;0.0;3.999540279E7
1698;63 > 67;0.0;3.999550302E7
1699;63 > 67;0.0;3.99953531E7
1700;63 > 67;0.0;3.999548307E7
1701;63 > 67;0.0;3.999531419E7
1702;63 > 67;0.0;3.999539085E7
1703;63 > 67;0.0;3.999530842E7
1704;63 > 68;0.0;3.999533712E7
1705;63 > 68;0.0;3.999543108E7
1706;63 > 68;0.0;3.999528963E7
1707;63 > 68;0.0;3.999533363E7
1708;63 > 68;0.0;3.999539824E7
1709;63 > 68;0.0;3.999538561E7
1710;63 > 68;0.0;3.999531396E7
1711;63 > 68;0.0;3.999535641E7
1712;63 > 68;0.0;3.999548937E7
1713;63 > 68;0.0;3.999531605E7
1714;63 > 69;0.0;3.999516922E7
1715;63 > 69;0.0;3.999553097E7
1716;63 > 69;0.0;3.999537981E7
1717;63 > 69;0.0;3.999533925E7
1718;63 > 69;0.0;3.999546255E7
1719;63 > 69;0.0;3.999548172E7
1720;63 > 69;0.0;3.999539937E7
1721;63 > 69;0.0;3.999545709E7
1722;63 > 69;0.0;3.99954355E7
1723;63 > 69;0.0;3.999540935E7
1724;63 > 70;0.0;3.999539336E7
1725;63 > 70;0.0;3.999538495E7
1726;63 > 70;0.0;3.999547597E7
1727;63 > 70;0.0;3.999540021E7
1728;63 > 70;0.0;3.999531058E7
1729;63 > 70;0.0;3.999542437E7
1730;63 > 70;0.0;3.99953115E7
1731;63 > 70;0.0;3.999539179E7
1732;63 > 70;0.0;3.999533363E7
1733;63 > 70;0.0;3.999544521E7
1734;63 > 71;0.0;3.999538649E7
1735;63 > 71;0.0;3.999525404E7
1736;63 > 71;0.0;3.999545856E7
1737;63 > 71;0.0;3.999537332E7
1738;63 > 71;0.0;3.999533125E7
1739;63 > 71;0.0;3.999538011E7
1740;63 > 71;0.0;3.999546262E7
1741;63 > 71;0.0;3.999546149E7
1742;63 > 71;0.0;3.999529732E7
1743;63 > 71;0.0;3.999544157E7
1744;63 > 72;0.0;3.999542962E7
1745;63 > 72;0.0;3.999540972E7
1746;63 > 72;0.0;3.999532299E7
1747;63 > 72;0.0;4.000273074E7
1748;63 > 72;0.0;3.999540379E7
1749;63 > 72;0.0;3.999533278E7
1750;63 > 72;0.0;3.999540437E7
1751;63 > 72;0.0;3.999533755E7
1752;63 > 72;0.0;3.99953975E7
1753;63 > 72;0.0;3.999542365E7
1754;63 > 73;0.0;3.99954078E7
1755;63 > 73;0.0;3.999540829E7
1756;63 > 73;0.0;3.99953329E7
1757;63 > 73;0.0;3.999536955E7
1758;63 > 73;0.0;3.99953416E7
1759;63 > 73;0.0;3.999528573E7
1760;63 > 73;0.0;3.99953022E7
1761;63 > 73;0.0;3.999544238E7
1762;63 > 73;0.0;3.999537676E7
1763;63 > 73;0.0;3.999530854E7
1764;63 > 74;0.0;3.99954236E7
1765;63 > 74;0.0;3.999536858E7
1766;63 > 74;0.0;3.999524593E7
1767;63 > 74;0.0;3.999534141E7
1768;63 > 74;0.0;3.999544926E7
1769;63 > 74;0.0;3.999534615E7
1770;63 > 74;0.0;3.999525805E7
1771;63 > 74;0.0;3.999539226E7
1772;63 > 74;0.0;3.999552126E7
1773;63 > 74;0.0;3.999528937E7
1774;63 > 75;0.0;3.999521033E7
1775;63 > 75;0.0;3.999540372E7
1776;63 > 75;0.0;3.999531983E7
1777;63 > 75;0.0;3.999535194E7
1778;63 > 75;0.0;3.999536165E7
1779;63 > 75;0.0;3.999534312E7
1780;63 > 75;0.0;3.999532207E7
1781;63 > 75;0.0;3.999531482E7
1782;63 > 75;0.0;3.999536622E7
1783;63 > 75;0.0;3.999539765E7
1784;63 > 76;0.0;3.999527287E7
1785;63 > 76;0.0;3.99954215E7
1786;63 > 76;0.0;3.99953773E7
1787;63 > 76;0.0;3.999533448E7
1788;63 > 76;0.0;3.99952922E7
1789;63 > 76;0.0;3.999537994E7
1790;63 > 76;0.0;3.999529531E7
1791;63 > 76;0.0;3.999525789E7
1792;63 > 76;0.0;3.999540481E7
1793;63 > 76;0.0;3.99953597E7
1794;63 > 77;0.0;3.999530921E7
1795;63 > 77;0.0;3.999518098E7
1796;63 > 77;0.0;3.9995337E7
1797;63 > 77;0.0;3.999522301E7
1798;63 > 77;0.0;3.999510246E7
1799;63 > 77;0.0;3.999534979E7
1800;63 > 77;0.0;3.999541558E7
1801;63 > 77;0.0;3.999520794E7
1802;63 > 77;0.0;3.999523764E7
1803;63 > 77;0.0;3.999534232E7
1804;63 > 78;0.0;3.999532734E7
1805;63 > 78;0.0;3.999536389E7
1806;63 > 78;0.0;3.999535077E7
1807;63 > 78;0.0;3.999533938E7
1808;63 > 78;0.0;3.999529128E7
1809;63 > 78;0.0;3.999525354E7
1810;63 > 78;0.0;3.999538004E7
1811;63 > 78;0.0;3.999535553E7
1812;63 > 78;0.0;3.999521266E7
1813;63 > 78;0.0;3.999532036E7
1814;63 > 79;0.0;3.999530703E7
1815;63 > 79;0.0;3.999529008E7
1816;63 > 79;0.0;3.999515251E7
1817;63 > 79;0.0;3.999525495E7
1818;63 > 79;0.0;3.999525824E7
1819;63 > 79;0.0;3.999528535E7
1820;63 > 79;0.0;3.999522304E7
1821;63 > 79;0.0;3.999532437E7
1822;63 > 79;0.0;3.99952522E7
1823;63 > 79;0.0;3.999527005E7
1824;63 > 80;0.0;3.999530121E7
1825;63 > 80;0.0;3.999517173E7
1826;63 > 80;0.0;3.999530029E7
1827;63 > 80;0.0;3.999530342E7
1828;63 > 80;0.0;3.999527086E7
1829;63 > 80;0.0;3.999531265E7
1830;63 > 80;0.0;3.999513303E7
1831;63 > 80;0.0;3.99953423E7
1832;63 > 80;0.0;3.999534637E7
1833;63 > 80;0.0;3.999536978E7
1834;63 > 81;0.0;3.999532799E7
1835;63 > 81;0.0;3.999530199E7
1836;63 > 81;0.0;3.999531641E7
1837;63 > 81;0.0;3.999529474E7
1838;63 > 81;0.0;3.999520845E7
1839;63 > 81;0.0;3.999514427E7
1840;63 > 81;0.0;3.999526203E7
1841;63 > 81;0.0;3.999526072E7
1842;63 > 81;0.0;3.999524237E7
1843;63 > 81;0.0;3.999522774E7
1844;63 > 82;0.0;3.999525901E7
1845;63 > 82;0.0;3.999516105E7
1846;63 > 82;0.0;3.999525077E7
1847;63 > 82;0.0;3.99953197E7
1848;63 > 82;0.0;3.999529331E7
1849;63 > 82;0.0;3.99953323E7
1850;63 > 82;0.0;3.999526951E7
1851;63 > 82;0.0;3.999544853E7
1852;63 > 82;0.0;3.999543901E7
1853;63 > 82;0.0;3.999499737E7
1854;63 > 83;0.0;3.999526873E7
1855;63 > 83;0.0;3.999547151E7
1856;63 > 83;0.0;3.999519382E7
1857;63 > 83;0.0;3.999523043E7
1858;63 > 83;0.0;3.999520307E7
1859;63 > 83;0.0;3.999527011E7
1860;63 > 83;0.0;3.999520213E7
1861;63 > 83;0.0;3.999514348E7
1862;63 > 83;0.0;3.999525141E7
1863;63 > 83;0.0;3.999515101E7
1864;63 > 84;0.0;3.999527381E7
1865;63 > 84;0.0;3.999519899E7
1866;63 > 84;0.0;3.999518301E7
1867;63 > 84;0.0;3.999529027E7
1868;63 > 84;0.0;3.999539115E7
1869;63 > 84;0.0;3.999536627E7
1870;63 > 84;0.0;3.999526732E7
1871;63 > 84;0.0;3.999514492E7
1872;63 > 84;0.0;3.999529846E7
1873;63 > 84;0.0;3.999526679E7
1874;63 > 85;0.0;3.999525573E7
1875;63 > 85;0.0;3.99951389E7
1876;63 > 85;0.0;3.999536139E7
1877;63 > 85;0.0;3.999523882E7
1878;63 > 85;0.0;3.999519026E7
1879;63 > 85;0.0;3.999517657E7
1880;63 > 85;0.0;3.999525893E7
1881;63 > 85;0.0;3.999515894E7
1882;63 > 85;0.0;3.999522511E7
1883;63 > 85;0.0;3.999522849E7
1884;63 > 86;0.0;3.999520489E7
1885;63 > 86;0.0;3.999521788E7
1886;63 > 86;0.0;3.999528926E7
1887;63 > 86;0.0;3.999532627E7
1888;63 > 86;0.0;3.999527906E7
1889;63 > 86;0.0;3.999528044E7
1890;63 > 86;0.0;3.999524326E7
1891;63 > 86;0.0;3.999529515E7
1892;63 > 86;0.0;3.999526713E7
1893;63 > 86;0.0;3.999530861E7
1894;63 > 87;0.0;3.999514974E7
1895;63 > 87;0.0;3.999533975E7
1896;63 > 87;0.0;3.99952423E7
1897;63 > 87;0.0;3.999529974E7
1898;63 > 87;0.0;3.999513317E7
1899;63 > 87;0.0;3.999515985E7
1900;63 > 87;0.0;3.999523011E7
1901;63 > 87;0.0;3.999516385E7
1902;63 > 87;0.0;3.999506093E7
1903;63 > 87;0.0;3.999526203E7
1904;63 > 88;0.0;3.999509103E7
1905;63 > 88;0.0;3.999520802E7
1906;63 > 88;0.0;3.999522158E7
1907;63 > 88;0.0;3.999518458E7
1908;63 > 88;0.0;3.999523857E7
1909;63 > 88;0.0;3.999513579E7
1910;63 > 88;0.0;3.999517017E7
1911;63 > 88;0.0;3.999519513E7
1912;63 > 88;0.0;3.999504162E7
1913;63 > 88;0.0;3.999521415E7
1914;63 > 89;0.0;3.999515822E7
1915;63 > 89;0.0;3.999519709E7
1916;63 > 89;0.0;3.99951742E7
1917;63 > 89;0.0;3.999526793E7
1918;63 > 89;0.0;3.999523381E7
1919;63 > 89;0.0;3.999516988E7
1920;63 > 89;0.0;3.999524434E7
1921;63 > 89;0.0;3.999519159E7
1922;63 > 89;0.0;3.999514392E7
1923;63 > 89;0.0;3.999519658E7
1924;63 > 90;0.0;3.999520138E7
1925;63 > 90;0.0;3.999515035E7
1926;63 > 90;0.0;3.999519219E7
1927;63 > 90;0.0;3.999526828E7
1928;63 > 90;0.0;3.998770425E7
1929;63 > 90;0.0;3.999522302E7
1930;63 > 90;0.0;3.999504185E7
1931;63 > 90;0.0;3.999519627E7
1932;63 > 90;0.0;3.99951686E7
1933;63 > 90;0.0;3.999516133E7
1934;63 > 91;0.0;3.999526594E7
1935;63 > 91;0.0;3.999514293E7
1936;63 > 91;0.0;3.999511118E7
1937;63 > 91;0.0;3.999507504E7
1938;63 > 91;0.0;3.999524759E7
1939;63 > 91;0.0;3.999525258E7
1940;63 > 91;0.0;3.999516816E7
1941;63 > 91;0.0;3.999527778E7
1942;63 > 91;0.0;3.999516157E7
1943;63 > 91;0.0;3.999515835E7
1944;63 > 92;0.0;3.999512251E7
1945;63 > 92;0.0;3.999522234E7
1946;63 > 92;0.0;3.999515365E7
1947;63 > 92;0.0;3.999514143E7
1948;63 > 92;0.0;3.999517982E7
1949;63 > 92;0.0;3.999499868E7
1950;63 > 92;0.0;3.999461334E7
1951;63 > 92;0.0;3.999521276E7
1952;63 > 92;0.0;3.99952403E7
1953;63 > 92;0.0;3.999514648E7
1954;63 > 93;0.0;3.999513487E7
1955;63 > 93;0.0;4.003513129E7
1956;63 > 93;0.0;3.999527778E7
1957;63 > 93;0.0;3.999506279E7
1958;63 > 93;0.0;3.999513766E7
1959;63 > 93;0.0;3.999521763E7
1960;63 > 93;0.0;3.999525837E7
1961;63 > 93;0.0;3.999514686E7
1962;63 > 93;0.0;3.999528596E7
1963;63 > 93;0.0;3.999514236E7
1964;63 > 94;0.0;3.999505899E7
1965;63 > 94;0.0;3.999512994E7
1966;63 > 94;0.0;3.999515404E7
1967;63 > 94;0.0;3.999518617E7
1968;63 > 94;0.0;3.999521411E7
1969;63 > 94;0.0;3.999516929E7
1970;63 > 94;0.0;3.999525503E7
1971;63 > 94;0.0;3.999516337E7
1972;63 > 94;0.0;3.999517941E7
1973;63 > 94;0.0;3.999523508E7
1974;63 > 95;0.0;3.999520891E7
1975;63 > 95;0.0;3.999521266E7
1976;63 > 95;0.0;3.999516105E7
1977;63 > 95;0.0;3.999527811E7
1978;63 > 95;0.0;3.999523599E7
1979;63 > 95;0.0;3.999519788E7
1980;63 > 95;0.0;3.999522159E7
1981;63 > 95;0.0;3.999515618E7
1982;63 > 95;0.0;3.999521897E7
1983;63 > 95;0.0;3.999525177E7
1984;63 > 96;0.0;3.999523661E7
1985;63 > 96;0.0;3.999517543E7
1986;63 > 96;0.0;3.999513159E7
1987;63 > 96;0.0;3.99952068E7
1988;63 > 96;0.0;3.999489615E7
1989;63 > 96;0.0;3.999510093E7
1990;63 > 96;0.0;3.999515794E7
1991;63 > 96;0.0;3.999524627E7
1992;63 > 96;0.0;3.999515701E7
1993;63 > 96;0.0;3.999526554E7
1994;63 > 97;0.0;3.999505616E7
1995;63 > 97;0.0;3.999530393E7
1996;63 > 97;0.0;3.999514854E7
1997;63 > 97;0.0;3.999513915E7
1998;63 > 97;0.0;3.999522107E7
1999;63 > 97;0.0;3.999513342E7
2000;63 > 97;0.0;3.999516733E7
2001;63 > 97;0.0;3.999520428E7
2002;63 > 97;0.0;3.999521461E7
2003;63 > 97;0.0;3.999521234E7
2004;63 > 98;0.0;3.999518611E7
2005;63 > 98;0.0;3.999515394E7
2006;63 > 98;0.0;3.999516475E7
2007;63 > 98;0.0;3.999523767E7
2008;63 > 98;0.0;3.999521627E7
2009;63 > 98;0.0;3.99952023E7
2010;63 > 98;0.0;3.99949757E7
2011;63 > 98;0.0;3.999509528E7
2012;63 > 98;0.0;3.999524587E7
2013;63 > 98;0.0;3.99952304E7
2014;63 > 99;0.0;3.999520813E7
2015;63 > 99;0.0;3.999517339E7
2016;63 > 99;0.0;3.999520423E7
2017;63 > 99;0.0;3.999509205E7
2018;63 > 99;0.0;3.999507E7
2019;63 > 99;0.0;3.999517619E7
2020;63 > 99;0.0;3.999508881E7
2021;63 > 99;0.0;3.99951615E7
2022;63 > 99;0.0;3.999517792E7
2023;63 > 99;0.0;3.999506194E7
2024;63 > 100;0.0;3.999515696E7
2025;63 > 100;0.0;3.999514868E7
2026;63 > 100;0.0;3.99951969E7
2027;63 > 100;0.0;3.999523507E7
2028;63 > 100;0.0;3.999516005E7
2029;63 > 100;0.0;3.99951232E7
2030;63 > 100;0.0;4.000252625E7
2031;63 > 100;0.0;3.999525753E7
2032;63 > 100;0.0;3.999466426E7
2033;63 > 100;0.0;3.999511674E7
2034;63 > 101;0.0;3.999507015E7
2035;63 > 101;0.0;3.999516443E7
2036;63 > 101;0.0;3.999489696E7
2037;63 > 101;0.0;3.999510043E7
2038;63 > 101;0.0;3.999509885E7
2039;63 > 101;0.0;3.999503339E7
2040;63 > 101;0.0;3.999508639E7
2041;63 > 101;0.0;3.999507472E7
2042;63 > 101;0.0;3.999514228E7
2043;63 > 101;0.0;3.999515466E7
2044;63 > 102;0.0;3.999515388E7
2045;63 > 102;0.0;3.999518769E7
2046;63 > 102;0.0;3.999507629E7
2047;63 > 102;0.0;3.999501223E7
