0;63 + -102;0.0;3.999653836E7
1;63 + -102;0.0;3.99978738E7
2;63 + -102;0.0;3.999708339E7
3;63 + -102;0.0;3.999749234E7
4;63 + -102;0.0;3.999705075E7
5;63 + -101;0.0;3.99969591E7
6;63 + -101;0.0;3.999352217E7
7;63 + -101;0.0;3.999693413E7
8;63 + -101;0.0;3.999714078E7
9;63 + -101;0.0;3.999739866E7
10;63 + -101;0.0;3.999705528E7
11;63 + -101;0.0;3.9997151E7
12;63 + -101;0.0;3.999713199E7
13;63 + -101;0.0;3.999715761E7
14;63 + -101;0.0;3.999754041E7
15;63 + -100;0.0;3.999721029E7
16;63 + -100;0.0;3.999710776E7
17;63 + -100;0.0;3.999717738E7
18;63 + -100;0.0;3.999732844E7
19;63 + -100;0.0;3.999717584E7
20;63 + -100;0.0;3.999691779E7
21;63 + -100;0.0;3.999720091E7
22;63 + -100;0.0;3.999712351E7
23;63 + -100;0.0;3.999719645E7
24;63 + -100;0.0;3.999714139E7
25;63 + -99;0.0;3.999724851E7
26;63 + -99;0.0;3.999714934E7
27;63 + -99;0.0;3.999715E7
28;63 + -99;0.0;3.999717913E7
29;63 + -99;0.0;3.999750542E7
30;63 + -99;0.0;3.999711446E7
31;63 + -99;0.0;3.999713501E7
32;63 + -99;0.0;3.999726482E7
33;63 + -99;0.0;3.99969386E7
34;63 + -99;0.0;3.999713517E7
35;63 + -98;0.0;3.999712547E7
36;63 + -98;0.0;3.999707401E7
37;63 + -98;0.0;3.999695888E7
38;63 + -98;0.0;3.99970943E7
39;63 + -98;0.0;3.99971813E7
40;63 + -98;0.0;3.999710238E7
41;63 + -98;0.0;3.999706404E7
42;63 + -98;0.0;3.999723036E7
43;63 + -98;0.0;3.999715457E7
44;63 + -98;0.0;3.999714493E7
45;63 + -97;0.0;3.999698059E7
46;63 + -97;0.0;3.999750439E7
47;63 + -97;0.0;3.999893181E7
48;63 + -97;0.0;3.999716463E7
49;63 + -97;0.0;3.999701824E7
50;63 + -97;0.0;3.999702988E7
51;63 + -97;0.0;3.999723473E7
52;63 + -97;0.0;3.999703906E7
53;63 + -97;0.0;3.999715062E7
54;63 + -97;0.0;3.999708431E7
55;63 + -96;0.0;3.999731866E7
56;63 + -96;0.0;3.999724452E7
57;63 + -96;0.0;3.999710181E7
58;63 + -96;0.0;3.999706639E7
59;63 + -96;0.0;3.999708213E7
60;63 + -96;0.0;3.99971697E7
61;63 + -96;0.0;3.999713805E7
62;63 + -96;0.0;3.999717275E7
63;63 + -96;0.0;3.999702922E7
64;63 + -96;0.0;3.999715404E7
65;63 + -95;0.0;3.99971538E7
66;63 + -95;0.0;3.999713998E7
67;63 + -95;0.0;3.999722086E7
68;63 + -95;0.0;3.999714371E7
69;63 + -95;0.0;3.999711026E7
70;63 + -95;0.0;3.999709485E7
71;63 + -95;0.0;3.999695501E7
72;63 + -95;0.0;3.999711387E7
73;63 + -95;0.0;3.999707796E7
74;63 + -95;0.0;3.999716333E7
75;63 + -94;0.0;3.999704226E7
76;63 + -94;0.0;3.999711283E7
77;63 + -94;0.0;3.99971446E7
78;63 + -94;0.0;3.999708537E7
79;63 + -94;0.0;3.999715221E7
80;63 + -94;0.0;3.99971146E7
81;63 + -94;0.0;3.999712125E7
82;63 + -94;0.0;3.999688245E7
83;63 + -94;0.0;3.999711497E7
84;63 + -94;0.0;3.999715222E7
85;63 + -93;0.0;3.999718755E7
86;63 + -93;0.0;3.999711777E7
87;63 + -93;0.0;3.999698861E7
88;63 + -93;0.0;3.999601914E7
89;63 + -93;0.0;3.999709047E7
90;63 + -93;0.0;3.999709927E7
91;63 + -93;0.0;3.999697811E7
92;63 + -93;0.0;3.999710404E7
93;63 + -93;0.0;3.999715471E7
94;63 + -93;0.0;3.999529843E7
95;63 + -92;0.0;3.999679615E7
96;63 + -92;0.0;3.999694387E7
97;63 + -92;0.0;3.999688603E7
98;63 + -92;0.0;3.999687411E7
99;63 + -92;0.0;3.999726559E7
100;63 + -92;0.0;3.99971427E7
101;63 + -92;0.0;3.999685749E7
102;63 + -92;0.0;3.99971025E7
103;63 + -92;0.0;3.999677262E7
104;63 + -92;0.0;3.99971446E7
105;63 + -91;0.0;3.999705224E7
106;63 + -91;0.0;3.99970975E7
107;63 + -91;0.0;3.999702863E7
108;63 + -91;0.0;3.999707031E7
109;63 + -91;0.0;3.999712231E7
110;63 + -91;0.0;3.999716002E7
111;63 + -91;0.0;3.999711099E7
112;63 + -91;0.0;3.999709346E7
113;63 + -91;0.0;3.999701309E7
114;63 + -91;0.0;3.999722954E7
115;63 + -90;0.0;3.999708568E7
116;63 + -90;0.0;3.999704825E7
117;63 + -90;0.0;3.999698538E7
118;63 + -90;0.0;3.999712751E7
119;63 + -90;0.0;3.999708737E7
120;63 + -90;0.0;3.999706495E7
121;63 + -90;0.0;3.999725588E7
122;63 + -90;0.0;3.999704577E7
123;63 + -90;0.0;3.999712639E7
124;63 + -90;0.0;3.99971356E7
125;63 + -89;0.0;3.999713505E7
126;63 + -89;0.0;3.999706997E7
127;63 + -89;0.0;3.999683447E7
128;63 + -89;0.0;3.999712682E7
129;63 + -89;0.0;3.999336236E7
130;63 + -89;0.0;3.999711176E7
131;63 + -89;0.0;3.999701439E7
132;63 + -89;0.0;3.999707593E7
133;63 + -89;0.0;3.999787332E7
134;63 + -89;0.0;3.999711495E7
135;63 + -88;0.0;3.999709739E7
136;63 + -88;0.0;3.999711617E7
137;63 + -88;0.0;3.99971592E7
138;63 + -88;0.0;3.999713101E7
139;63 + -88;0.0;3.999711597E7
140;63 + -88;0.0;3.999710985E7
141;63 + -88;0.0;3.999717422E7
142;63 + -88;0.0;3.999715638E7
143;63 + -88;0.0;3.999698028E7
144;63 + -88;0.0;3.999709063E7
145;63 + -87;0.0;3.999705672E7
146;63 + -87;0.0;3.999701804E7
147;63 + -87;0.0;3.999717532E7
148;63 + -87;0.0;3.999693145E7
149;63 + -87;0.0;3.999700861E7
150;63 + -87;0.0;3.999709992E7
151;63 + -87;0.0;3.999682112E7
152;63 + -87;0.0;3.999698126E7
153;63 + -87;0.0;3.99970539E7
154;63 + -87;0.0;3.999708861E7
155;63 + -86;0.0;3.999716793E7
156;63 + -86;0.0;3.999671239E7
157;63 + -86;0.0;3.999708187E7
158;63 + -86;0.0;3.999709509E7
159;63 + -86;0.0;3.999713624E7
160;63 + -86;0.0;3.99971286E7
161;63 + -86;0.0;3.999704309E7
162;63 + -86;0.0;3.999712259E7
163;63 + -86;0.0;3.999699181E7
164;63 + -86;0.0;3.999713808E7
165;63 + -85;0.0;3.999711458E7
166;63 + -85;0.0;3.999691103E7
167;63 + -85;0.0;3.999716606E7
168;63 + -85;0.0;3.999690423E7
169;63 + -85;0.0;3.999717809E7
170;63 + -85;0.0;3.999699362E7
171;63 + -85;0.0;3.999707934E7
172;63 + -85;0.0;3.999686344E7
173;63 + -85;0.0;3.999709557E7
174;63 + -85;0.0;3.999707762E7
175;63 + -84;0.0;3.999710232E7
176;63 + -84;0.0;3.999707637E7
177;63 + -84;0.0;3.999701252E7
178;63 + -84;0.0;3.999687245E7
179;63 + -84;0.0;3.999709423E7
180;63 + -84;0.0;3.999708015E7
181;63 + -84;0.0;3.999708086E7
182;63 + -84;0.0;3.999679875E7
183;63 + -84;0.0;4.000358926E7
184;63 + -84;0.0;3.99971115E7
185;63 + -83;0.0;3.999703599E7
186;63 + -83;0.0;3.999704912E7
187;63 + -83;0.0;3.999704001E7
188;63 + -83;0.0;3.999696614E7
189;63 + -83;0.0;3.999713635E7
190;63 + -83;0.0;3.999709421E7
191;63 + -83;0.0;3.999683925E7
192;63 + -83;0.0;3.999708014E7
193;63 + -83;0.0;3.999700522E7
194;63 + -83;0.0;3.999703187E7
195;63 + -82;0.0;3.999708699E7
196;63 + -82;0.0;3.999703912E7
197;63 + -82;0.0;3.999707636E7
198;63 + -82;0.0;3.999708827E7
199;63 + -82;0.0;3.999701501E7
200;63 + -82;0.0;3.999706138E7
201;63 + -82;0.0;3.999702366E7
202;63 + -82;0.0;3.999686782E7
203;63 + -82;0.0;3.999699917E7
204;63 + -82;0.0;3.999702261E7
205;63 + -81;0.0;3.99969888E7
206;63 + -81;0.0;3.999709539E7
207;63 + -81;0.0;3.999697383E7
208;63 + -81;0.0;3.999700717E7
209;63 + -81;0.0;3.999707444E7
210;63 + -81;0.0;3.999704599E7
211;63 + -81;0.0;3.999696869E7
212;63 + -81;0.0;3.999707058E7
213;63 + -81;0.0;3.999706529E7
214;63 + -81;0.0;3.99970479E7
215;63 + -80;0.0;3.999713882E7
216;63 + -80;0.0;3.999698201E7
217;63 + -80;0.0;3.999697642E7
218;63 + -80;0.0;3.999703363E7
219;63 + -80;0.0;3.999707423E7
220;63 + -80;0.0;3.999694921E7
221;63 + -80;0.0;3.999705769E7
222;63 + -80;0.0;3.999704786E7
223;63 + -80;0.0;3.999700602E7
224;63 + -80;0.0;3.999703195E7
225;63 + -79;0.0;3.999699484E7
226;63 + -79;0.0;3.999697779E7
227;63 + -79;0.0;3.999702174E7
228;63 + -79;0.0;3.999708934E7
229;63 + -79;0.0;3.999708376E7
230;63 + -79;0.0;3.999702237E7
231;63 + -79;0.0;3.999708067E7
232;63 + -79;0.0;3.999703498E7
233;63 + -79;0.0;3.999705916E7
234;63 + -79;0.0;3.99970686E7
235;63 + -78;0.0;3.999699499E7
236;63 + -78;0.0;3.999706082E7
237;63 + -78;0.0;3.999699441E7
238;63 + -78;0.0;3.998961726E7
239;63 + -78;0.0;3.999706222E7
240;63 + -78;0.0;3.999703678E7
241;63 + -78;0.0;3.999694152E7
242;63 + -78;0.0;3.999704218E7
243;63 + -78;0.0;3.99969715E7
244;63 + -78;0.0;3.999691069E7
245;63 + -77;0.0;3.999702586E7
246;63 + -77;0.0;3.999707583E7
247;63 + -77;0.0;3.999689522E7
248;63 + -77;0.0;3.999700625E7
249;63 + -77;0.0;3.999701233E7
250;63 + -77;0.0;3.999697692E7
251;63 + -77;0.0;3.999704979E7
252;63 + -77;0.0;3.999696322E7
253;63 + -77;0.0;3.9996943E7
254;63 + -77;0.0;3.999699779E7
255;63 + -76;0.0;3.999694542E7
256;63 + -76;0.0;3.999690539E7
257;63 + -76;0.0;3.999706568E7
258;63 + -76;0.0;3.999698717E7
259;63 + -76;0.0;3.999700059E7
260;63 + -76;0.0;3.99970266E7
261;63 + -76;0.0;3.999689041E7
262;63 + -76;0.0;3.99970289E7
263;63 + -76;0.0;3.99970606E7
264;63 + -76;0.0;3.999701392E7
265;63 + -75;0.0;3.999695112E7
266;63 + -75;0.0;3.999694726E7
267;63 + -75;0.0;3.999682788E7
268;63 + -75;0.0;3.999687714E7
269;63 + -75;0.0;3.999687513E7
270;63 + -75;0.0;3.999697507E7
271;63 + -75;0.0;3.999699193E7
272;63 + -75;0.0;3.999702419E7
273;63 + -75;0.0;3.99970418E7
274;63 + -75;0.0;3.999697652E7
275;63 + -74;0.0;3.999694477E7
276;63 + -74;0.0;3.999696724E7
277;63 + -74;0.0;3.999694405E7
278;63 + -74;0.0;3.999700737E7
279;63 + -74;0.0;3.99970396E7
280;63 + -74;0.0;3.999696948E7
281;63 + -74;0.0;3.999696582E7
282;63 + -74;0.0;3.999692938E7
283;63 + -74;0.0;3.999693031E7
284;63 + -74;0.0;3.999686661E7
285;63 + -73;0.0;3.999698929E7
286;63 + -73;0.0;3.99967767E7
287;63 + -73;0.0;3.999696437E7
288;63 + -73;0.0;3.999686402E7
289;63 + -73;0.0;3.999058324E7
290;63 + -73;0.0;3.999693117E7
291;63 + -73;0.0;3.99968589E7
292;63 + -73;0.0;3.999683883E7
293;63 + -73;0.0;3.999706429E7
294;63 + -73;0.0;3.999690823E7
295;63 + -72;0.0;3.999685562E7
296;63 + -72;0.0;3.999696071E7
297;63 + -72;0.0;3.99970506E7
298;63 + -72;0.0;3.999682748E7
299;63 + -72;0.0;3.999695235E7
300;63 + -72;0.0;3.999688523E7
301;63 + -72;0.0;3.999677854E7
302;63 + -72;0.0;3.99969451E7
303;63 + -72;0.0;3.999696119E7
304;63 + -72;0.0;3.999696926E7
305;63 + -71;0.0;3.999700124E7
306;63 + -71;0.0;3.999695797E7
307;63 + -71;0.0;3.999691954E7
308;63 + -71;0.0;3.999683591E7
309;63 + -71;0.0;3.999692306E7
310;63 + -71;0.0;3.999696502E7
311;63 + -71;0.0;3.999686752E7
312;63 + -71;0.0;3.99968692E7
313;63 + -71;0.0;3.999688676E7
314;63 + -71;0.0;3.999682774E7
315;63 + -70;0.0;3.999687943E7
316;63 + -70;0.0;3.999691339E7
317;63 + -70;0.0;3.999694247E7
318;63 + -70;0.0;3.999692395E7
319;63 + -70;0.0;3.99968914E7
320;63 + -70;0.0;3.99969423E7
321;63 + -70;0.0;3.999693212E7
322;63 + -70;0.0;3.999692006E7
323;63 + -70;0.0;3.999695138E7
324;63 + -70;0.0;3.999699862E7
325;63 + -69;0.0;3.999690481E7
326;63 + -69;0.0;3.999673856E7
327;63 + -69;0.0;3.999686794E7
328;63 + -69;0.0;3.999688376E7
329;63 + -69;0.0;3.999691995E7
330;63 + -69;0.0;3.999703786E7
331;63 + -69;0.0;3.999682589E7
332;63 + -69;0.0;3.999692071E7
333;63 + -69;0.0;3.999683917E7
334;63 + -69;0.0;3.999682615E7
335;63 + -68;0.0;3.999681355E7
336;63 + -68;0.0;3.999688034E7
337;63 + -68;0.0;3.999697249E7
338;63 + -68;0.0;3.99968341E7
339;63 + -68;0.0;3.999703608E7
340;63 + -68;0.0;3.99969602E7
341;63 + -68;0.0;3.999681946E7
342;63 + -68;0.0;3.999689724E7
343;63 + -68;0.0;3.999692438E7
344;63 + -68;0.0;3.999681067E7
345;63 + -67;0.0;3.999693277E7
346;63 + -67;0.0;3.999690694E7
347;63 + -67;0.0;3.999691718E7
348;63 + -67;0.0;3.999677402E7
349;63 + -67;0.0;3.999691126E7
350;63 + -67;0.0;3.999682342E7
351;63 + -67;0.0;3.999694579E7
352;63 + -67;0.0;3.999682847E7
353;63 + -67;0.0;3.999667403E7
354;63 + -67;0.0;3.999679086E7
355;63 + -66;0.0;3.999687957E7
356;63 + -66;0.0;3.999695953E7
357;63 + -66;0.0;3.999683162E7
358;63 + -66;0.0;3.999678694E7
359;63 + -66;0.0;3.999688696E7
360;63 + -66;0.0;3.999685666E7
361;63 + -66;0.0;3.999687352E7
362;63 + -66;0.0;3.999684435E7
363;63 + -66;0.0;3.999690698E7
364;63 + -66;0.0;3.999688329E7
365;63 + -65;0.0;3.999665583E7
366;63 + -65;0.0;3.999692779E7
367;63 + -65;0.0;3.999671681E7
368;63 + -65;0.0;3.999678723E7
369;63 + -65;0.0;3.999682726E7
370;63 + -65;0.0;3.999684277E7
371;63 + -65;0.0;3.999695804E7
372;63 + -65;0.0;3.999674359E7
373;63 + -65;0.0;3.999688105E7
374;63 + -65;0.0;3.999683902E7
375;63 + -64;0.0;3.999662065E7
376;63 + -64;0.0;3.999690826E7
377;63 + -64;0.0;3.999692602E7
378;63 + -64;0.0;3.999691599E7
379;63 + -64;0.0;3.999675875E7
380;63 + -64;0.0;3.999691485E7
381;63 + -64;0.0;3.999682133E7
382;63 + -64;0.0;3.999671715E7
383;63 + -64;0.0;3.999684354E7
384;63 + -64;0.0;3.999678784E7
385;63 + -63;0.0;3.999678367E7
386;63 + -63;0.0;3.999689757E7
387;63 + -63;0.0;3.999686894E7
388;63 + -63;0.0;3.999661152E7
389;63 + -63;0.0;3.999711171E7
390;63 + -63;0.0;3.999683385E7
391;63 + -63;0.0;3.999680466E7
392;63 + -63;0.0;3.999688622E7
393;63 + -63;0.0;3.999664109E7
394;63 + -63;0.0;3.999681482E7
395;63 + -62;0.0;3.999683461E7
396;63 + -62;0.0;3.999682795E7
397;63 + -62;0.0;3.999680228E7
398;63 + -62;0.0;3.999675955E7
399;63 + -62;0.0;3.999685264E7
400;63 + -62;0.0;3.999695225E7
401;63 + -62;0.0;3.999682576E7
402;63 + -62;0.0;3.999671769E7
403;63 + -62;0.0;3.999684313E7
404;63 + -62;0.0;3.999688518E7
405;63 + -61;0.0;3.999697307E7
406;63 + -61;0.0;3.999684652E7
407;63 + -61;0.0;3.999681774E7
408;63 + -61;0.0;3.999683625E7
409;63 + -61;0.0;3.999683101E7
410;63 + -61;0.0;3.999684923E7
411;63 + -61;0.0;3.999681429E7
412;63 + -61;0.0;3.999679094E7
413;63 + -61;0.0;3.999679275E7
414;63 + -61;0.0;3.999691096E7
415;63 + -60;0.0;3.999676795E7
416;63 + -60;0.0;3.999684082E7
417;63 + -60;0.0;3.999687144E7
418;63 + -60;0.0;3.999657553E7
419;63 + -60;0.0;3.99968165E7
420;63 + -60;0.0;3.999679973E7
421;63 + -60;0.0;3.999685801E7
422;63 + -60;0.0;3.999685195E7
423;63 + -60;0.0;3.999681527E7
424;63 + -60;0.0;3.999678343E7
425;63 + -59;0.0;3.999678481E7
426;63 + -59;0.0;3.999677189E7
427;63 + -59;0.0;3.999680096E7
428;63 + -59;0.0;3.999677505E7
429;63 + -59;0.0;3.999691672E7
430;63 + -59;0.0;3.999678075E7
431;63 + -59;0.0;3.999685858E7
432;63 + -59;0.0;3.999672314E7
433;63 + -59;0.0;3.9996886E7
434;63 + -59;0.0;3.99967641E7
435;63 + -58;0.0;3.999687608E7
436;63 + -58;0.0;3.999680569E7
437;63 + -58;0.0;3.999684915E7
438;63 + -58;0.0;3.999677121E7
439;63 + -58;0.0;3.999680509E7
440;63 + -58;0.0;3.999677864E7
441;63 + -58;0.0;3.99966691E7
442;63 + -58;0.0;3.999681671E7
443;63 + -58;0.0;3.999677234E7
444;63 + -58;0.0;3.999676612E7
445;63 + -57;0.0;3.999685002E7
446;63 + -57;0.0;3.9996808E7
447;63 + -57;0.0;3.999684105E7
448;63 + -57;0.0;3.999666362E7
449;63 + -57;0.0;3.999677153E7
450;63 + -57;0.0;3.999675686E7
451;63 + -57;0.0;3.999679062E7
452;63 + -57;0.0;3.999677606E7
453;63 + -57;0.0;3.999676489E7
454;63 + -57;0.0;3.999677055E7
455;63 + -56;0.0;3.999676384E7
456;63 + -56;0.0;3.999678183E7
457;63 + -56;0.0;3.999679253E7
458;63 + -56;0.0;3.999680412E7
459;63 + -56;0.0;3.999682093E7
460;63 + -56;0.0;3.999675198E7
461;63 + -56;0.0;3.999669621E7
462;63 + -56;0.0;3.999666232E7
463;63 + -56;0.0;3.999677903E7
464;63 + -56;0.0;3.999682604E7
465;63 + -55;0.0;3.999665795E7
466;63 + -55;0.0;3.999673438E7
467;63 + -55;0.0;3.999683087E7
468;63 + -55;0.0;3.99967139E7
469;63 + -55;0.0;3.99966808E7
470;63 + -55;0.0;3.999681242E7
471;63 + -55;0.0;3.999687906E7
472;63 + -55;0.0;3.999679132E7
473;63 + -55;0.0;3.999684956E7
474;63 + -55;0.0;3.999682087E7
475;63 + -54;0.0;3.999674763E7
476;63 + -54;0.0;3.999683662E7
477;63 + -54;0.0;3.999673022E7
478;63 + -54;0.0;3.999678383E7
479;63 + -54;0.0;3.999684474E7
480;63 + -54;0.0;3.999679479E7
481;63 + -54;0.0;3.999676059E7
482;63 + -54;0.0;3.999663336E7
483;63 + -54;0.0;3.999679906E7
484;63 + -54;0.0;3.999656358E7
485;63 + -53;0.0;3.9996631E7
486;63 + -53;0.0;3.99966645E7
487;63 + -53;0.0;3.999664664E7
488;63 + -53;0.0;3.9996743E7
489;63 + -53;0.0;3.999673608E7
490;63 + -53;0.0;3.999674722E7
491;63 + -53;0.0;3.999669456E7
492;63 + -53;0.0;3.999673454E7
493;63 + -53;0.0;3.999679125E7
494;63 + -53;0.0;3.99967924E7
495;63 + -52;0.0;3.999671992E7
496;63 + -52;0.0;3.999672329E7
497;63 + -52;0.0;3.999680922E7
498;63 + -52;0.0;3.999675466E7
499;63 + -52;0.0;3.999676122E7
500;63 + -52;0.0;3.999674195E7
501;63 + -52;0.0;3.999676159E7
502;63 + -52;0.0;3.999665166E7
503;63 + -52;0.0;3.999662973E7
504;63 + -52;0.0;3.999668912E7
505;63 + -51;0.0;3.999663706E7
506;63 + -51;0.0;3.999678313E7
507;63 + -51;0.0;3.999678738E7
508;63 + -51;0.0;3.999663558E7
509;63 + -51;0.0;3.999669308E7
510;63 + -51;0.0;3.999672949E7
511;63 + -51;0.0;3.999658555E7
512;63 + -51;0.0;3.999676907E7
513;63 + -51;0.0;3.999675562E7
514;63 + -51;0.0;3.999669393E7
515;63 + -50;0.0;3.999670763E7
516;63 + -50;0.0;3.999670758E7
517;63 + -50;0.0;3.999673281E7
518;63 + -50;0.0;3.999674314E7
519;63 + -50;0.0;3.999670573E7
520;63 + -50;0.0;3.999669969E7
521;63 + -50;0.0;3.999673634E7
522;63 + -50;0.0;3.999678058E7
523;63 + -50;0.0;3.999671584E7
524;63 + -50;0.0;3.999666352E7
525;63 + -49;0.0;3.999666379E7
526;63 + -49;0.0;3.999664463E7
527;63 + -49;0.0;3.99967077E7
528;63 + -49;0.0;3.999675642E7
529;63 + -49;0.0;3.999666568E7
530;63 + -49;0.0;3.999674124E7
531;63 + -49;0.0;3.999670592E7
532;63 + -49;0.0;3.999656145E7
533;63 + -49;0.0;3.999677821E7
534;63 + -49;0.0;3.999664732E7
535;63 + -48;0.0;3.999681064E7
536;63 + -48;0.0;3.99966011E7
537;63 + -48;0.0;3.999660886E7
538;63 + -48;0.0;3.999673581E7
539;63 + -48;0.0;3.999665398E7
540;63 + -48;0.0;3.999663982E7
541;63 + -48;0.0;3.999664944E7
542;63 + -48;0.0;3.999674705E7
543;63 + -48;0.0;3.999662503E7
544;63 + -48;0.0;3.999670248E7
545;63 + -47;0.0;3.99966928E7
546;63 + -47;0.0;3.999670269E7
547;63 + -47;0.0;3.999658094E7
548;63 + -47;0.0;3.999653854E7
549;63 + -47;0.0;3.999663728E7
550;63 + -47;0.0;3.999663523E7
551;63 + -47;0.0;3.999642035E7
552;63 + -47;0.0;3.999674497E7
553;63 + -47;0.0;3.999672156E7
554;63 + -47;0.0;3.999658069E7
555;63 + -46;0.0;3.999677872E7
556;63 + -46;0.0;3.999664241E7
557;63 + -46;0.0;3.999662518E7
558;63 + -46;0.0;3.999667261E7
559;63 + -46;0.0;3.999656632E7
560;63 + -46;0.0;3.999662471E7
561;63 + -46;0.0;3.999672339E7
562;63 + -46;0.0;3.999665052E7
563;63 + -46;0.0;3.999664621E7
564;63 + -46;0.0;3.999679436E7
565;63 + -45;0.0;3.999672623E7
566;63 + -45;0.0;3.999667464E7
567;63 + -45;0.0;3.999673672E7
568;63 + -45;0.0;3.999657657E7
569;63 + -45;0.0;3.999665235E7
570;63 + -45;0.0;3.999668382E7
571;63 + -45;0.0;3.999680631E7
572;63 + -45;0.0;3.999671803E7
573;63 + -45;0.0;3.999665926E7
574;63 + -45;0.0;3.999664167E7
575;63 + -44;0.0;3.999648299E7
576;63 + -44;0.0;3.999651705E7
577;63 + -44;0.0;3.999665907E7
578;63 + -44;0.0;3.999665118E7
579;63 + -44;0.0;3.999671951E7
580;63 + -44;0.0;3.999679164E7
581;63 + -44;0.0;3.999658802E7
582;63 + -44;0.0;3.999660238E7
583;63 + -44;0.0;3.999663246E7
584;63 + -44;0.0;3.999666865E7
585;63 + -43;0.0;3.999671662E7
586;63 + -43;0.0;3.999667295E7
587;63 + -43;0.0;3.999664156E7
588;63 + -43;0.0;3.999664344E7
589;63 + -43;0.0;3.99966638E7
590;63 + -43;0.0;3.999655146E7
591;63 + -43;0.0;3.999659681E7
592;63 + -43;0.0;3.999659746E7
593;63 + -43;0.0;3.999645317E7
594;63 + -43;0.0;3.99967177E7
595;63 + -42;0.0;3.999663782E7
596;63 + -42;0.0;3.999669346E7
597;63 + -42;0.0;3.999668439E7
598;63 + -42;0.0;3.999667994E7
599;63 + -42;0.0;3.999656675E7
600;63 + -42;0.0;3.999666885E7
601;63 + -42;0.0;3.999674562E7
602;63 + -42;0.0;3.999660357E7
603;63 + -42;0.0;3.999667448E7
604;63 + -42;0.0;3.999677187E7
605;63 + -41;0.0;3.999657946E7
606;63 + -41;0.0;3.999663146E7
607;63 + -41;0.0;3.999664566E7
608;63 + -41;0.0;3.999668964E7
609;63 + -41;0.0;3.999659637E7
610;63 + -41;0.0;3.999659763E7
611;63 + -41;0.0;3.999661125E7
612;63 + -41;0.0;3.999654366E7
613;63 + -41;0.0;3.999656819E7
614;63 + -41;0.0;3.99966594E7
615;63 + -40;0.0;3.999668411E7
616;63 + -40;0.0;3.999664828E7
617;63 + -40;0.0;3.999660665E7
618;63 + -40;0.0;3.999661607E7
619;63 + -40;0.0;3.999668634E7
620;63 + -40;0.0;3.9996668E7
621;63 + -40;0.0;3.999664296E7
622;63 + -40;0.0;3.999670079E7
623;63 + -40;0.0;3.999648027E7
624;63 + -40;0.0;3.999659543E7
625;63 + -39;0.0;3.999661977E7
626;63 + -39;0.0;3.999663652E7
627;63 + -39;0.0;3.999676891E7
628;63 + -39;0.0;3.999658893E7
629;63 + -39;0.0;3.999663507E7
630;63 + -39;0.0;3.999666742E7
631;63 + -39;0.0;3.99966449E7
632;63 + -39;0.0;3.999663036E7
633;63 + -39;0.0;3.999654507E7
634;63 + -39;0.0;3.999658784E7
635;63 + -38;0.0;3.999657092E7
636;63 + -38;0.0;3.999641399E7
637;63 + -38;0.0;3.999657624E7
638;63 + -38;0.0;3.999648323E7
639;63 + -38;0.0;3.999668021E7
640;63 + -38;0.0;3.999658009E7
641;63 + -38;0.0;3.99965642E7
642;63 + -38;0.0;3.999658925E7
643;63 + -38;0.0;3.999667036E7
644;63 + -38;0.0;3.999644209E7
645;63 + -37;0.0;3.999660599E7
646;63 + -37;0.0;3.999643001E7
647;63 + -37;0.0;3.999668193E7
648;63 + -37;0.0;3.999654582E7
649;63 + -37;0.0;3.999658136E7
650;63 + -37;0.0;3.999662816E7
651;63 + -37;0.0;3.999660495E7
652;63 + -37;0.0;3.999656875E7
653;63 + -37;0.0;3.99963837E7
654;63 + -37;0.0;3.999637718E7
655;63 + -36;0.0;3.999671572E7
656;63 + -36;0.0;3.999667545E7
657;63 + -36;0.0;3.999661684E7
658;63 + -36;0.0;3.999650008E7
659;63 + -36;0.0;3.999651779E7
660;63 + -36;0.0;3.999646132E7
661;63 + -36;0.0;3.999675856E7
662;63 + -36;0.0;3.999660516E7
663;63 + -36;0.0;3.999659344E7
664;63 + -36;0.0;3.999659838E7
665;63 + -35;0.0;3.999651897E7
666;63 + -35;0.0;3.999668122E7
667;63 + -35;0.0;3.999652472E7
668;63 + -35;0.0;3.999655718E7
669;63 + -35;0.0;3.999658041E7
670;63 + -35;0.0;3.999657745E7
671;63 + -35;0.0;3.999659641E7
672;63 + -35;0.0;3.999653185E7
673;63 + -35;0.0;3.999650196E7
674;63 + -35;0.0;3.999652557E7
675;63 + -34;0.0;3.99963358E7
676;63 + -34;0.0;3.9996507E7
677;63 + -34;0.0;3.999641309E7
678;63 + -34;0.0;3.99966124E7
679;63 + -34;0.0;3.999661341E7
680;63 + -34;0.0;3.999654672E7
681;63 + -34;0.0;3.999659019E7
682;63 + -34;0.0;3.999657136E7
683;63 + -34;0.0;3.999652815E7
684;63 + -34;0.0;3.999658494E7
685;63 + -33;0.0;3.999648674E7
686;63 + -33;0.0;3.999654908E7
687;63 + -33;0.0;3.999654636E7
688;63 + -33;0.0;3.999653382E7
689;63 + -33;0.0;3.999660969E7
690;63 + -33;0.0;3.999655996E7
691;63 + -33;0.0;3.999645101E7
692;63 + -33;0.0;3.999657308E7
693;63 + -33;0.0;3.999658455E7
694;63 + -33;0.0;3.999648066E7
695;63 + -32;0.0;3.999651126E7
696;63 + -32;0.0;3.998996729E7
697;63 + -32;0.0;4.00030532E7
698;63 + -32;0.0;3.999653545E7
699;63 + -32;0.0;3.999664998E7
700;63 + -32;0.0;3.999658153E7
701;63 + -32;0.0;3.999651164E7
702;63 + -32;0.0;3.999644845E7
703;63 + -32;0.0;3.999666231E7
704;63 + -32;0.0;3.999655757E7
705;63 + -31;0.0;3.999659752E7
706;63 + -31;0.0;3.99965776E7
707;63 + -31;0.0;3.999645878E7
708;63 + -31;0.0;3.999648208E7
709;63 + -31;0.0;3.999653311E7
710;63 + -31;0.0;3.999657652E7
711;63 + -31;0.0;3.999638555E7
712;63 + -31;0.0;3.999651123E7
713;63 + -31;0.0;3.99965107E7
714;63 + -31;0.0;3.999654444E7
715;63 + -30;0.0;3.999653882E7
716;63 + -30;0.0;3.999648472E7
717;63 + -30;0.0;3.999656484E7
718;63 + -30;0.0;3.999652546E7
719;63 + -30;0.0;3.999640875E7
720;63 + -30;0.0;3.999644964E7
721;63 + -30;0.0;3.999658206E7
722;63 + -30;0.0;3.999650724E7
723;63 + -30;0.0;3.99964101E7
724;63 + -30;0.0;3.999657996E7
725;63 + -29;0.0;3.999648484E7
726;63 + -29;0.0;3.999650847E7
727;63 + -29;0.0;3.999652338E7
728;63 + -29;0.0;3.999651266E7
729;63 + -29;0.0;3.999645553E7
730;63 + -29;0.0;3.999648684E7
731;63 + -29;0.0;3.999652208E7
732;63 + -29;0.0;3.999646085E7
733;63 + -29;0.0;3.999654402E7
734;63 + -29;0.0;3.999662356E7
735;63 + -28;0.0;3.999649823E7
736;63 + -28;0.0;3.999656103E7
737;63 + -28;0.0;3.999657891E7
738;63 + -28;0.0;3.999658307E7
739;63 + -28;0.0;3.999656306E7
740;63 + -28;0.0;3.999638751E7
741;63 + -28;0.0;3.999658721E7
742;63 + -28;0.0;3.999653516E7
743;63 + -28;0.0;3.999650684E7
744;63 + -28;0.0;3.999647351E7
745;63 + -27;0.0;3.999665834E7
746;63 + -27;0.0;3.999650085E7
747;63 + -27;0.0;3.999643229E7
748;63 + -27;0.0;3.999652688E7
749;63 + -27;0.0;3.999642706E7
750;63 + -27;0.0;3.999646019E7
751;63 + -27;0.0;3.999638322E7
752;63 + -27;0.0;3.999648026E7
753;63 + -27;0.0;3.999642424E7
754;63 + -27;0.0;3.99966324E7
755;63 + -26;0.0;3.999646427E7
756;63 + -26;0.0;3.999146456E7
757;63 + -26;0.0;3.999650403E7
758;63 + -26;0.0;3.99965062E7
759;63 + -26;0.0;3.999635935E7
760;63 + -26;0.0;3.999645972E7
761;63 + -26;0.0;3.999637648E7
762;63 + -26;0.0;3.999644554E7
763;63 + -26;0.0;3.999656077E7
764;63 + -26;0.0;3.999649185E7
765;63 + -25;0.0;3.999644718E7
766;63 + -25;0.0;3.99964047E7
767;63 + -25;0.0;3.999650986E7
768;63 + -25;0.0;3.999646362E7
769;63 + -25;0.0;3.999650199E7
770;63 + -25;0.0;3.999640648E7
771;63 + -25;0.0;3.999640921E7
772;63 + -25;0.0;3.999641803E7
773;63 + -25;0.0;3.99963369E7
774;63 + -25;0.0;3.999644882E7
775;63 + -24;0.0;3.999649909E7
776;63 + -24;0.0;3.999644021E7
777;63 + -24;0.0;3.999634685E7
778;63 + -24;0.0;4.003635312E7
779;63 + -24;0.0;3.999640749E7
780;63 + -24;0.0;3.999652867E7
781;63 + -24;0.0;3.99964661E7
782;63 + -24;0.0;3.999637771E7
783;63 + -24;0.0;3.99965458E7
784;63 + -24;0.0;3.999648781E7
785;63 + -23;0.0;3.999644355E7
786;63 + -23;0.0;3.999622443E7
787;63 + -23;0.0;3.999654219E7
788;63 + -23;0.0;3.999642284E7
789;63 + -23;0.0;3.999653077E7
790;63 + -23;0.0;3.99965023E7
791;63 + -23;0.0;3.999650996E7
792;63 + -23;0.0;3.999638465E7
793;63 + -23;0.0;3.999647064E7
794;63 + -23;0.0;3.999646293E7
795;63 + -22;0.0;3.999640797E7
796;63 + -22;0.0;3.999638671E7
797;63 + -22;0.0;3.999641027E7
798;63 + -22;0.0;3.999650655E7
799;63 + -22;0.0;3.999646041E7
800;63 + -22;0.0;3.999639995E7
801;63 + -22;0.0;3.999644628E7
802;63 + -22;0.0;3.999628943E7
803;63 + -22;0.0;3.99964091E7
804;63 + -22;0.0;3.999640597E7
805;63 + -21;0.0;3.999651093E7
806;63 + -21;0.0;3.999635967E7
807;63 + -21;0.0;3.999645651E7
808;63 + -21;0.0;3.999640744E7
809;63 + -21;0.0;3.999625196E7
810;63 + -21;0.0;3.99963618E7
811;63 + -21;0.0;3.99963971E7
812;63 + -21;0.0;3.99963367E7
813;63 + -21;0.0;3.999636199E7
814;63 + -21;0.0;3.999648568E7
815;63 + -20;0.0;3.999636576E7
816;63 + -20;0.0;3.999633324E7
817;63 + -20;0.0;3.999631461E7
818;63 + -20;0.0;3.999643704E7
819;63 + -20;0.0;3.999636074E7
820;63 + -20;0.0;3.999646728E7
821;63 + -20;0.0;3.999642759E7
822;63 + -20;0.0;3.9996289E7
823;63 + -20;0.0;3.999645806E7
824;63 + -20;0.0;3.999634281E7
825;63 + -19;0.0;3.999638257E7
826;63 + -19;0.0;3.999638473E7
827;63 + -19;0.0;3.999631963E7
828;63 + -19;0.0;3.999639244E7
829;63 + -19;0.0;3.999637096E7
830;63 + -19;0.0;3.999645366E7
831;63 + -19;0.0;3.999637298E7
832;63 + -19;0.0;3.999638234E7
833;63 + -19;0.0;3.999634834E7
834;63 + -19;0.0;3.999623609E7
835;63 + -18;0.0;3.999641149E7
836;63 + -18;0.0;3.999639145E7
837;63 + -18;0.0;3.999633442E7
838;63 + -18;0.0;3.999643045E7
839;63 + -18;0.0;3.999641198E7
840;63 + -18;0.0;3.999622024E7
841;63 + -18;0.0;3.999645402E7
842;63 + -18;0.0;3.99962912E7
843;63 + -18;0.0;3.999643333E7
844;63 + -18;0.0;3.999649071E7
845;63 + -17;0.0;3.999644822E7
846;63 + -17;0.0;3.999631337E7
847;63 + -17;0.0;3.99962626E7
848;63 + -17;0.0;3.999638246E7
849;63 + -17;0.0;3.999625547E7
850;63 + -17;0.0;3.999637835E7
851;63 + -17;0.0;3.999636437E7
852;63 + -17;0.0;3.999631398E7
853;63 + -17;0.0;3.999635176E7
854;63 + -17;0.0;3.999659884E7
855;63 + -16;0.0;3.999648453E7
856;63 + -16;0.0;3.999636908E7
857;63 + -16;0.0;3.999630151E7
858;63 + -16;0.0;3.99963402E7
859;63 + -16;0.0;3.999639209E7
860;63 + -16;0.0;3.999635757E7
861;63 + -16;0.0;3.999641562E7
862;63 + -16;0.0;3.999637067E7
863;63 + -16;0.0;3.999634197E7
864;63 + -16;0.0;3.999636021E7
865;63 + -15;0.0;3.999629756E7
866;63 + -15;0.0;3.999637032E7
867;63 + -15;0.0;3.999626877E7
868;63 + -15;0.0;3.999628593E7
869;63 + -15;0.0;3.999636789E7
870;63 + -15;0.0;3.999617684E7
871;63 + -15;0.0;3.999637457E7
872;63 + -15;0.0;3.999637283E7
873;63 + -15;0.0;3.99963264E7
874;63 + -15;0.0;3.999637672E7
875;63 + -14;0.0;3.99963855E7
876;63 + -14;0.0;3.999628371E7
877;63 + -14;0.0;3.999629847E7
878;63 + -14;0.0;3.999630232E7
879;63 + -14;0.0;3.999630416E7
880;63 + -14;0.0;3.999641248E7
881;63 + -14;0.0;3.999633572E7
882;63 + -14;0.0;3.999629829E7
883;63 + -14;0.0;3.999636984E7
884;63 + -14;0.0;3.999633367E7
885;63 + -13;0.0;3.999634725E7
886;63 + -13;0.0;3.999626272E7
887;63 + -13;0.0;3.999636803E7
888;63 + -13;0.0;3.999641015E7
889;63 + -13;0.0;3.999623875E7
890;63 + -13;0.0;4.000291415E7
891;63 + -13;0.0;3.99963849E7
892;63 + -13;0.0;3.999631008E7
893;63 + -13;0.0;3.999624781E7
894;63 + -13;0.0;3.99962335E7
895;63 + -12;0.0;3.999621469E7
896;63 + -12;0.0;3.99964212E7
897;63 + -12;0.0;3.999612362E7
898;63 + -12;0.0;3.999630002E7
899;63 + -12;0.0;3.99964117E7
900;63 + -12;0.0;3.999621275E7
901;63 + -12;0.0;3.999627694E7
902;63 + -12;0.0;3.999630529E7
903;63 + -12;0.0;3.999633649E7
904;63 + -12;0.0;3.999628397E7
905;63 + -11;0.0;3.999640239E7
906;63 + -11;0.0;3.999628431E7
907;63 + -11;0.0;3.999628494E7
908;63 + -11;0.0;3.99964068E7
909;63 + -11;0.0;3.999634886E7
910;63 + -11;0.0;3.999634034E7
911;63 + -11;0.0;3.999634356E7
912;63 + -11;0.0;3.99962236E7
913;63 + -11;0.0;3.999625371E7
914;63 + -11;0.0;3.999625656E7
915;63 + -10;0.0;3.999629497E7
916;63 + -10;0.0;3.999624084E7
917;63 + -10;0.0;3.999624967E7
918;63 + -10;0.0;3.999615439E7
919;63 + -10;0.0;3.99962877E7
920;63 + -10;0.0;3.999632832E7
921;63 + -10;0.0;3.999627739E7
922;63 + -10;0.0;3.999631734E7
923;63 + -10;0.0;3.999628395E7
924;63 + -10;0.0;3.999629234E7
925;63 + -9;0.0;3.999628074E7
926;63 + -9;0.0;3.999630859E7
927;63 + -9;0.0;3.999630928E7
928;63 + -9;0.0;3.999627436E7
929;63 + -9;0.0;3.999622061E7
930;63 + -9;0.0;3.999632642E7
931;63 + -9;0.0;3.999626976E7
932;63 + -9;0.0;3.999632043E7
933;63 + -9;0.0;3.999621706E7
934;63 + -9;0.0;3.99963694E7
935;63 + -8;0.0;3.999639934E7
936;63 + -8;0.0;3.999623786E7
937;63 + -8;0.0;3.999622378E7
938;63 + -8;0.0;3.999636432E7
939;63 + -8;0.0;3.999633068E7
940;63 + -8;0.0;3.999632707E7
941;63 + -8;0.0;3.999615098E7
942;63 + -8;0.0;3.999626401E7
943;63 + -8;0.0;3.999626382E7
944;63 + -8;0.0;3.999625485E7
945;63 + -7;0.0;3.999622844E7
946;63 + -7;0.0;3.999629E7
947;63 + -7;0.0;3.999639251E7
948;63 + -7;0.0;3.999628602E7
949;63 + -7;0.0;3.999623762E7
950;63 + -7;0.0;3.999631334E7
951;63 + -7;0.0;3.999628109E7
952;63 + -7;0.0;3.999628284E7
953;63 + -7;0.0;3.999632426E7
954;63 + -7;0.0;3.999621667E7
955;63 + -6;0.0;3.999634389E7
956;63 + -6;0.0;3.999638132E7
957;63 + -6;0.0;3.999626631E7
958;63 + -6;0.0;3.999630499E7
959;63 + -6;0.0;3.999625891E7
960;63 + -6;0.0;3.999617728E7
961;63 + -6;0.0;3.999627774E7
962;63 + -6;0.0;3.999633226E7
963;63 + -6;0.0;3.999615725E7
964;63 + -6;0.0;3.999639931E7
965;63 + -5;0.0;3.999622981E7
966;63 + -5;0.0;3.999621213E7
967;63 + -5;0.0;3.999625456E7
968;63 + -5;0.0;3.999633663E7
969;63 + -5;0.0;3.999641902E7
970;63 + -5;0.0;3.999625572E7
971;63 + -5;0.0;3.999627062E7
972;63 + -5;0.0;3.99962598E7
973;63 + -5;0.0;3.999635292E7
974;63 + -5;0.0;3.999619956E7
975;63 + -4;0.0;3.999618036E7
976;63 + -4;0.0;3.999626548E7
977;63 + -4;0.0;3.999628259E7
978;63 + -4;0.0;3.999626953E7
979;63 + -4;0.0;3.999625248E7
980;63 + -4;0.0;3.99963413E7
981;63 + -4;0.0;3.999619614E7
982;63 + -4;0.0;3.999625467E7
983;63 + -4;0.0;3.999626012E7
984;63 + -4;0.0;3.999617483E7
985;63 + -3;0.0;3.999614963E7
986;63 + -3;0.0;3.999629285E7
987;63 + -3;0.0;3.999613166E7
988;63 + -3;0.0;3.999622226E7
989;63 + -3;0.0;3.999623371E7
990;63 + -3;0.0;3.999610765E7
991;63 + -3;0.0;3.9996282E7
992;63 + -3;0.0;3.999621518E7
993;63 + -3;0.0;3.99962439E7
994;63 + -3;0.0;3.999618821E7
995;63 + -2;0.0;3.999624232E7
996;63 + -2;0.0;3.998967106E7
997;63 + -2;0.0;4.000270712E7
998;63 + -2;0.0;3.999637061E7
999;63 + -2;0.0;3.999630424E7
1000;63 + -2;0.0;3.999622654E7
1001;63 + -2;0.0;3.999624947E7
1002;63 + -2;0.0;3.999615821E7
1003;63 + -2;0.0;3.99962008E7
1004;63 + -2;0.0;3.999625871E7
1005;63 + -1;0.0;3.999615352E7
1006;63 + -1;0.0;3.999626113E7
1007;63 + -1;0.0;3.999616093E7
1008;63 + -1;0.0;3.999616824E7
1009;63 + -1;0.0;3.999606122E7
1010;63 + -1;0.0;3.99961176E7
1011;63 + -1;0.0;3.999629919E7
1012;63 + -1;0.0;3.999628485E7
1013;63 + -1;0.0;3.999624602E7
1014;63 + -1;0.0;3.999621512E7
1015;63 + -;0.0;3.999623586E7
1016;63 + -;0.0;3.999624601E7
1017;63 + -;0.0;3.999624982E7
1018;63 + -;0.0;3.999625239E7
1019;63 + -;0.0;3.999617367E7
1020;63 + -;0.0;3.999612404E7
1021;63 + -;0.0;3.999610847E7
1022;63 + -;0.0;3.999617608E7
1023;63 + -;0.0;3.999615308E7
1024;63 + ;0.0;3.999622348E7
1025;63 + ;0.0;3.999614307E7
1026;63 + ;0.0;3.999621426E7
1027;63 + ;0.0;3.999615275E7
1028;63 + ;0.0;3.999627147E7
1029;63 + ;0.0;3.999621416E7
1030;63 + ;0.0;3.999607549E7
1031;63 + ;0.0;3.999611065E7
1032;63 + ;0.0;3.999622186E7
1033;63 + ;0.0;3.999609055E7
1034;63 + 1;0.0;3.999620539E7
1035;63 + 1;0.0;3.999614228E7
1036;63 + 1;0.0;3.999627038E7
1037;63 + 1;0.0;3.999619132E7
1038;63 + 1;0.0;3.999615148E7
1039;63 + 1;0.0;3.999624042E7
1040;63 + 1;0.0;3.999616153E7
1041;63 + 1;0.0;3.999616741E7
1042;63 + 1;0.0;3.999615476E7
1043;63 + 1;0.0;3.999619933E7
1044;63 + 2;0.0;3.999604562E7
1045;63 + 2;0.0;3.999619241E7
1046;63 + 2;0.0;3.999623035E7
1047;63 + 2;0.0;3.999610672E7
1048;63 + 2;0.0;3.999615303E7
1049;63 + 2;0.0;3.999620553E7
1050;63 + 2;0.0;3.999615786E7
1051;63 + 2;0.0;3.999616412E7
1052;63 + 2;0.0;3.999620355E7
1053;63 + 2;0.0;3.999598677E7
1054;63 + 3;0.0;3.999614851E7
1055;63 + 3;0.0;3.999621215E7
1056;63 + 3;0.0;3.999620137E7
1057;63 + 3;0.0;3.999611664E7
1058;63 + 3;0.0;3.999612685E7
1059;63 + 3;0.0;3.999610263E7
1060;63 + 3;0.0;3.999621737E7
1061;63 + 3;0.0;3.999618058E7
1062;63 + 3;0.0;3.999610466E7
1063;63 + 3;0.0;3.999608118E7
1064;63 + 4;0.0;3.999619207E7
1065;63 + 4;0.0;3.999612687E7
1066;63 + 4;0.0;3.999608772E7
1067;63 + 4;0.0;3.999622391E7
1068;63 + 4;0.0;3.99961104E7
1069;63 + 4;0.0;3.999621167E7
1070;63 + 4;0.0;3.999616275E7
1071;63 + 4;0.0;3.999610002E7
1072;63 + 4;0.0;3.999616724E7
1073;63 + 4;0.0;3.999614302E7
1074;63 + 5;0.0;3.999612456E7
1075;63 + 5;0.0;3.999609996E7
1076;63 + 5;0.0;3.999602888E7
1077;63 + 5;0.0;3.99961641E7
1078;63 + 5;0.0;3.999608346E7
1079;63 + 5;0.0;3.999608129E7
1080;63 + 5;0.0;3.999612558E7
1081;63 + 5;0.0;3.999619149E7
1082;63 + 5;0.0;3.999600404E7
1083;63 + 5;0.0;3.99961143E7
1084;63 + 6;0.0;3.999601788E7
1085;63 + 6;0.0;3.999632591E7
1086;63 + 6;0.0;3.999608904E7
1087;63 + 6;0.0;3.999611414E7
1088;63 + 6;0.0;3.999601487E7
1089;63 + 6;0.0;3.999608424E7
1090;63 + 6;0.0;3.999613473E7
1091;63 + 6;0.0;3.999622694E7
1092;63 + 6;0.0;3.99960978E7
1093;63 + 6;0.0;3.999616575E7
1094;63 + 7;0.0;3.999604705E7
1095;63 + 7;0.0;3.999620257E7
1096;63 + 7;0.0;3.9996179E7
1097;63 + 7;0.0;3.999617877E7
1098;63 + 7;0.0;3.999613013E7
1099;63 + 7;0.0;3.999602984E7
1100;63 + 7;0.0;3.999612403E7
1101;63 + 7;0.0;3.999611613E7
1102;63 + 7;0.0;3.999608084E7
1103;63 + 7;0.0;3.999614721E7
1104;63 + 8;0.0;3.99961172E7
1105;63 + 8;0.0;3.999613603E7
1106;63 + 8;0.0;3.99960662E7
1107;63 + 8;0.0;3.99959023E7
1108;63 + 8;0.0;3.999612079E7
1109;63 + 8;0.0;3.999604584E7
1110;63 + 8;0.0;3.999614749E7
1111;63 + 8;0.0;3.999602493E7
1112;63 + 8;0.0;3.999610711E7
1113;63 + 8;0.0;3.999609755E7
1114;63 + 9;0.0;3.999609432E7
1115;63 + 9;0.0;3.999598707E7
1116;63 + 9;0.0;3.999604627E7
1117;63 + 9;0.0;3.999621243E7
1118;63 + 9;0.0;3.999602721E7
1119;63 + 9;0.0;3.999613831E7
1120;63 + 9;0.0;3.999602659E7
1121;63 + 9;0.0;3.999611639E7
1122;63 + 9;0.0;3.999616815E7
1123;63 + 9;0.0;3.999605911E7
1124;63 + 10;0.0;3.999599731E7
1125;63 + 10;0.0;3.999593476E7
1126;63 + 10;0.0;3.999605311E7
1127;63 + 10;0.0;3.999616191E7
1128;63 + 10;0.0;3.999602563E7
1129;63 + 10;0.0;3.999607455E7
1130;63 + 10;0.0;3.999611616E7
1131;63 + 10;0.0;3.999609986E7
1132;63 + 10;0.0;3.999602785E7
1133;63 + 10;0.0;3.99960731E7
1134;63 + 11;0.0;3.99959892E7
1135;63 + 11;0.0;3.999604992E7
1136;63 + 11;0.0;3.999610028E7
1137;63 + 11;0.0;3.99960323E7
1138;63 + 11;0.0;3.999607034E7
1139;63 + 11;0.0;3.999613139E7
1140;63 + 11;0.0;3.999617453E7
1141;63 + 11;0.0;3.999604391E7
1142;63 + 11;0.0;3.999604488E7
1143;63 + 11;0.0;3.999614994E7
1144;63 + 12;0.0;3.999608001E7
1145;63 + 12;0.0;3.999643667E7
1146;63 + 12;0.0;3.999608408E7
1147;63 + 12;0.0;3.999614123E7
1148;63 + 12;0.0;3.999595786E7
1149;63 + 12;0.0;3.999600143E7
1150;63 + 12;0.0;3.999610748E7
1151;63 + 12;0.0;3.999606658E7
1152;63 + 12;0.0;3.999594897E7
1153;63 + 12;0.0;3.999609877E7
1154;63 + 13;0.0;3.999611475E7
1155;63 + 13;0.0;3.999599981E7
1156;63 + 13;0.0;3.999598057E7
1157;63 + 13;0.0;3.999607454E7
1158;63 + 13;0.0;3.999604561E7
1159;63 + 13;0.0;3.999586353E7
1160;63 + 13;0.0;3.999600352E7
1161;63 + 13;0.0;3.999600971E7
1162;63 + 13;0.0;3.999597643E7
1163;63 + 13;0.0;3.999602281E7
1164;63 + 14;0.0;3.999613821E7
1165;63 + 14;0.0;3.999612681E7
1166;63 + 14;0.0;3.999589576E7
1167;63 + 14;0.0;3.999609835E7
1168;63 + 14;0.0;3.99959962E7
1169;63 + 14;0.0;3.999599701E7
1170;63 + 14;0.0;3.999603942E7
1171;63 + 14;0.0;3.99960784E7
1172;63 + 14;0.0;3.99959607E7
1173;63 + 14;0.0;3.999614686E7
1174;63 + 15;0.0;3.999600632E7
1175;63 + 15;0.0;3.999604732E7
1176;63 + 15;0.0;3.999599123E7
1177;63 + 15;0.0;3.999598028E7
1178;63 + 15;0.0;3.99959923E7
1179;63 + 15;0.0;3.99960026E7
1180;63 + 15;0.0;3.999604999E7
1181;63 + 15;0.0;3.999605301E7
1182;63 + 15;0.0;3.999601826E7
1183;63 + 15;0.0;3.999594946E7
1184;63 + 16;0.0;3.999604113E7
1185;63 + 16;0.0;3.999606447E7
1186;63 + 16;0.0;3.999605746E7
1187;63 + 16;0.0;3.999602739E7
1188;63 + 16;0.0;3.999608918E7
1189;63 + 16;0.0;3.999598075E7
1190;63 + 16;0.0;3.999597018E7
1191;63 + 16;0.0;3.998957678E7
1192;63 + 16;0.0;4.00024285E7
1193;63 + 16;0.0;3.999591277E7
1194;63 + 17;0.0;3.999594518E7
1195;63 + 17;0.0;3.999599409E7
1196;63 + 17;0.0;3.999615565E7
1197;63 + 17;0.0;3.999593788E7
1198;63 + 17;0.0;3.999611012E7
1199;63 + 17;0.0;3.999608623E7
1200;63 + 17;0.0;3.99960154E7
1201;63 + 17;0.0;3.999599467E7
1202;63 + 17;0.0;3.999597966E7
1203;63 + 17;0.0;3.999605041E7
1204;63 + 18;0.0;3.999587238E7
1205;63 + 18;0.0;3.999612275E7
1206;63 + 18;0.0;3.999587817E7
1207;63 + 18;0.0;3.999597801E7
1208;63 + 18;0.0;3.999589257E7
1209;63 + 18;0.0;3.999598415E7
1210;63 + 18;0.0;3.999592261E7
1211;63 + 18;0.0;3.999598265E7
1212;63 + 18;0.0;3.99959197E7
1213;63 + 18;0.0;3.999597717E7
1214;63 + 19;0.0;3.999609646E7
1215;63 + 19;0.0;3.999599658E7
1216;63 + 19;0.0;3.99960447E7
1217;63 + 19;0.0;3.99959503E7
1218;63 + 19;0.0;3.999596272E7
1219;63 + 19;0.0;3.99961071E7
1220;63 + 19;0.0;3.999598809E7
1221;63 + 19;0.0;3.999604907E7
1222;63 + 19;0.0;3.999595891E7
1223;63 + 19;0.0;3.999596127E7
1224;63 + 20;0.0;3.999587269E7
1225;63 + 20;0.0;3.999594368E7
1226;63 + 20;0.0;3.999604198E7
1227;63 + 20;0.0;3.999601121E7
1228;63 + 20;0.0;3.999593136E7
1229;63 + 20;0.0;3.999609192E7
1230;63 + 20;0.0;3.999598529E7
1231;63 + 20;0.0;3.999603415E7
1232;63 + 20;0.0;3.999598357E7
1233;63 + 20;0.0;3.999607757E7
1234;63 + 21;0.0;3.999598899E7
1235;63 + 21;0.0;3.999595739E7
1236;63 + 21;0.0;3.999601094E7
1237;63 + 21;0.0;3.999593783E7
1238;63 + 21;0.0;3.999589059E7
1239;63 + 21;0.0;3.999600263E7
1240;63 + 21;0.0;3.999589887E7
1241;63 + 21;0.0;3.999584204E7
1242;63 + 21;0.0;3.999596993E7
1243;63 + 21;0.0;3.999585878E7
1244;63 + 22;0.0;3.999581456E7
1245;63 + 22;0.0;3.999591936E7
1246;63 + 22;0.0;3.999596192E7
1247;63 + 22;0.0;3.999597094E7
1248;63 + 22;0.0;3.999586015E7
1249;63 + 22;0.0;3.999607527E7
1250;63 + 22;0.0;3.999594478E7
1251;63 + 22;0.0;3.999590186E7
1252;63 + 22;0.0;3.999595076E7
1253;63 + 22;0.0;3.999591637E7
1254;63 + 23;0.0;3.999592269E7
1255;63 + 23;0.0;3.999590142E7
1256;63 + 23;0.0;3.999587794E7
1257;63 + 23;0.0;3.999595151E7
1258;63 + 23;0.0;3.999609586E7
1259;63 + 23;0.0;3.999595073E7
1260;63 + 23;0.0;3.999599111E7
1261;63 + 23;0.0;3.999598355E7
1262;63 + 23;0.0;3.999597216E7
1263;63 + 23;0.0;3.999596953E7
1264;63 + 24;0.0;3.999602065E7
1265;63 + 24;0.0;3.999599029E7
1266;63 + 24;0.0;3.999591301E7
1267;63 + 24;0.0;3.999591469E7
1268;63 + 24;0.0;3.999600368E7
1269;63 + 24;0.0;3.999597087E7
1270;63 + 24;0.0;3.999596924E7
1271;63 + 24;0.0;3.99958727E7
1272;63 + 24;0.0;3.999600442E7
1273;63 + 24;0.0;3.999598024E7
1274;63 + 25;0.0;3.999596419E7
1275;63 + 25;0.0;3.999593099E7
1276;63 + 25;0.0;3.999580289E7
1277;63 + 25;0.0;3.999587869E7
1278;63 + 25;0.0;3.999589466E7
1279;63 + 25;0.0;3.999602822E7
1280;63 + 25;0.0;3.999607051E7
1281;63 + 25;0.0;3.999598553E7
1282;63 + 25;0.0;3.999588561E7
1283;63 + 25;0.0;3.999594927E7
1284;63 + 26;0.0;3.999580573E7
1285;63 + 26;0.0;3.999589474E7
1286;63 + 26;0.0;3.999597231E7
1287;63 + 26;0.0;3.999598488E7
1288;63 + 26;0.0;3.999583496E7
1289;63 + 26;0.0;3.999595948E7
1290;63 + 26;0.0;3.999586482E7
1291;63 + 26;0.0;3.999590179E7
1292;63 + 26;0.0;3.999596238E7
1293;63 + 26;0.0;3.999581549E7
1294;63 + 27;0.0;3.999589929E7
1295;63 + 27;0.0;3.999588911E7
1296;63 + 27;0.0;3.999591969E7
1297;63 + 27;0.0;3.999586386E7
1298;63 + 27;0.0;3.999565122E7
1299;63 + 27;0.0;3.999606154E7
1300;63 + 27;0.0;3.999595227E7
1301;63 + 27;0.0;3.999592154E7
1302;63 + 27;0.0;3.999581967E7
1303;63 + 27;0.0;3.999586125E7
1304;63 + 28;0.0;3.999602239E7
1305;63 + 28;0.0;3.999596785E7
1306;63 + 28;0.0;3.999593169E7
1307;63 + 28;0.0;3.999584299E7
1308;63 + 28;0.0;3.999592478E7
1309;63 + 28;0.0;3.999588703E7
1310;63 + 28;0.0;3.999586313E7
1311;63 + 28;0.0;3.99958876E7
1312;63 + 28;0.0;3.999590751E7
1313;63 + 28;0.0;3.999582379E7
1314;63 + 29;0.0;3.999603146E7
1315;63 + 29;0.0;3.999590521E7
1316;63 + 29;0.0;3.999594522E7
1317;63 + 29;0.0;3.999591565E7
1318;63 + 29;0.0;3.999588466E7
1319;63 + 29;0.0;3.999583851E7
1320;63 + 29;0.0;3.999580148E7
1321;63 + 29;0.0;3.999577672E7
1322;63 + 29;0.0;3.999593738E7
1323;63 + 29;0.0;3.999592971E7
1324;63 + 30;0.0;3.99959217E7
1325;63 + 30;0.0;3.999585386E7
1326;63 + 30;0.0;3.999588118E7
1327;63 + 30;0.0;3.999589111E7
1328;63 + 30;0.0;3.999588113E7
1329;63 + 30;0.0;3.999583261E7
1330;63 + 30;0.0;3.999597566E7
1331;63 + 30;0.0;3.999589787E7
1332;63 + 30;0.0;3.999569896E7
1333;63 + 30;0.0;3.999599455E7
1334;63 + 31;0.0;3.99958714E7
1335;63 + 31;0.0;3.999580104E7
1336;63 + 31;0.0;3.99960671E7
1337;63 + 31;0.0;3.999587976E7
1338;63 + 31;0.0;3.999575746E7
1339;63 + 31;0.0;3.99959611E7
1340;63 + 31;0.0;3.999586436E7
1341;63 + 31;0.0;3.999587763E7
1342;63 + 31;0.0;3.99957176E7
1343;63 + 31;0.0;3.999591432E7
1344;63 + 32;0.0;3.99959119E7
1345;63 + 32;0.0;3.999574173E7
1346;63 + 32;0.0;3.999589758E7
1347;63 + 32;0.0;3.999586476E7
1348;63 + 32;0.0;3.999596681E7
1349;63 + 32;0.0;3.999585904E7
1350;63 + 32;0.0;3.999586663E7
1351;63 + 32;0.0;3.999571993E7
1352;63 + 32;0.0;3.999585304E7
1353;63 + 32;0.0;3.999589215E7
1354;63 + 33;0.0;3.999597187E7
1355;63 + 33;0.0;3.999580998E7
1356;63 + 33;0.0;3.998785447E7
1357;63 + 33;0.0;3.999580069E7
1358;63 + 33;0.0;3.999586214E7
1359;63 + 33;0.0;3.99958692E7
1360;63 + 33;0.0;3.999576574E7
1361;63 + 33;0.0;3.999586458E7
1362;63 + 33;0.0;3.999576565E7
1363;63 + 33;0.0;3.999567632E7
1364;63 + 34;0.0;3.999595405E7
1365;63 + 34;0.0;3.999587265E7
1366;63 + 34;0.0;3.999585438E7
1367;63 + 34;0.0;3.999588678E7
1368;63 + 34;0.0;3.999585453E7
1369;63 + 34;0.0;3.999587261E7
1370;63 + 34;0.0;3.999583064E7
1371;63 + 34;0.0;3.999584604E7
1372;63 + 34;0.0;3.999582288E7
1373;63 + 34;0.0;3.999572245E7
1374;63 + 35;0.0;3.999588991E7
1375;63 + 35;0.0;3.999579256E7
1376;63 + 35;0.0;3.999584143E7
1377;63 + 35;0.0;3.999588219E7
1378;63 + 35;0.0;3.999572466E7
1379;63 + 35;0.0;3.999566358E7
1380;63 + 35;0.0;3.999592214E7
1381;63 + 35;0.0;3.999589992E7
1382;63 + 35;0.0;3.999582933E7
1383;63 + 35;0.0;3.999578483E7
1384;63 + 36;0.0;3.9995728E7
1385;63 + 36;0.0;3.999584416E7
1386;63 + 36;0.0;3.999576233E7
1387;63 + 36;0.0;3.99957852E7
1388;63 + 36;0.0;3.999585975E7
1389;63 + 36;0.0;3.999592023E7
1390;63 + 36;0.0;3.999589007E7
1391;63 + 36;0.0;3.999577265E7
1392;63 + 36;0.0;3.999589552E7
1393;63 + 36;0.0;3.999570793E7
1394;63 + 37;0.0;3.99957481E7
1395;63 + 37;0.0;3.999579649E7
1396;63 + 37;0.0;3.999583583E7
1397;63 + 37;0.0;3.999575345E7
1398;63 + 37;0.0;3.999583901E7
1399;63 + 37;0.0;3.999583158E7
1400;63 + 37;0.0;3.999552441E7
1401;63 + 37;0.0;3.999587596E7
1402;63 + 37;0.0;3.999591477E7
1403;63 + 37;0.0;3.999578296E7
1404;63 + 38;0.0;3.999581989E7
1405;63 + 38;0.0;3.998935365E7
1406;63 + 38;0.0;3.99958709E7
1407;63 + 38;0.0;3.99957054E7
1408;63 + 38;0.0;3.999577359E7
1409;63 + 38;0.0;3.999583096E7
1410;63 + 38;0.0;3.999580932E7
1411;63 + 38;0.0;3.999574765E7
1412;63 + 38;0.0;3.999579602E7
1413;63 + 38;0.0;3.999594102E7
1414;63 + 39;0.0;3.999584135E7
1415;63 + 39;0.0;3.999587851E7
1416;63 + 39;0.0;3.999570282E7
1417;63 + 39;0.0;3.999576499E7
1418;63 + 39;0.0;3.999572019E7
1419;63 + 39;0.0;3.999575534E7
1420;63 + 39;0.0;3.999573134E7
1421;63 + 39;0.0;3.999579522E7
1422;63 + 39;0.0;3.999582806E7
1423;63 + 39;0.0;3.999573748E7
1424;63 + 40;0.0;3.999589681E7
1425;63 + 40;0.0;3.99957715E7
1426;63 + 40;0.0;3.999584586E7
1427;63 + 40;0.0;3.999566492E7
1428;63 + 40;0.0;3.999573555E7
1429;63 + 40;0.0;3.999604406E7
1430;63 + 40;0.0;3.99958608E7
1431;63 + 40;0.0;3.999586838E7
1432;63 + 40;0.0;3.999577704E7
1433;63 + 40;0.0;3.999570308E7
1434;63 + 41;0.0;3.999585031E7
1435;63 + 41;0.0;3.999578945E7
1436;63 + 41;0.0;3.999577203E7
1437;63 + 41;0.0;3.999575091E7
1438;63 + 41;0.0;3.999582878E7
1439;63 + 41;0.0;3.99957473E7
1440;63 + 41;0.0;3.999561699E7
1441;63 + 41;0.0;3.999571196E7
1442;63 + 41;0.0;3.999569427E7
1443;63 + 41;0.0;3.999579541E7
1444;63 + 42;0.0;3.99957162E7
1445;63 + 42;0.0;3.999580241E7
1446;63 + 42;0.0;3.999568114E7
1447;63 + 42;0.0;3.999577958E7
1448;63 + 42;0.0;3.999587658E7
1449;63 + 42;0.0;3.999576135E7
1450;63 + 42;0.0;3.999578905E7
1451;63 + 42;0.0;3.999580539E7
1452;63 + 42;0.0;3.999576528E7
1453;63 + 42;0.0;3.99956237E7
1454;63 + 43;0.0;3.999595753E7
1455;63 + 43;0.0;3.999582165E7
1456;63 + 43;0.0;3.999568848E7
1457;63 + 43;0.0;3.999566083E7
1458;63 + 43;0.0;3.999565619E7
1459;63 + 43;0.0;3.999559947E7
1460;63 + 43;0.0;3.999589987E7
1461;63 + 43;0.0;3.999584236E7
1462;63 + 43;0.0;3.999574277E7
1463;63 + 43;0.0;3.999566302E7
1464;63 + 44;0.0;3.9995745E7
1465;63 + 44;0.0;3.999566627E7
1466;63 + 44;0.0;3.999571559E7
1467;63 + 44;0.0;3.999577361E7
1468;63 + 44;0.0;3.999574017E7
1469;63 + 44;0.0;3.999578799E7
1470;63 + 44;0.0;3.999568541E7
1471;63 + 44;0.0;3.999571936E7
1472;63 + 44;0.0;3.999580931E7
1473;63 + 44;0.0;3.999566952E7
1474;63 + 45;0.0;3.999566651E7
1475;63 + 45;0.0;3.99957273E7
1476;63 + 45;0.0;3.99957098E7
1477;63 + 45;0.0;3.999564764E7
1478;63 + 45;0.0;3.999566913E7
1479;63 + 45;0.0;3.999576372E7
1480;63 + 45;0.0;3.999567223E7
1481;63 + 45;0.0;3.999582827E7
1482;63 + 45;0.0;3.999574026E7
1483;63 + 45;0.0;3.999574467E7
1484;63 + 46;0.0;3.999574351E7
1485;63 + 46;0.0;3.999580104E7
1486;63 + 46;0.0;3.999568573E7
1487;63 + 46;0.0;3.999563396E7
1488;63 + 46;0.0;3.999585608E7
1489;63 + 46;0.0;3.999578879E7
1490;63 + 46;0.0;3.999567253E7
1491;63 + 46;0.0;3.999560778E7
1492;63 + 46;0.0;3.999568827E7
1493;63 + 46;0.0;3.999571784E7
1494;63 + 47;0.0;3.999565169E7
1495;63 + 47;0.0;3.999567924E7
1496;63 + 47;0.0;3.999569521E7
1497;63 + 47;0.0;3.99956737E7
1498;63 + 47;0.0;3.99958095E7
1499;63 + 47;0.0;3.999575182E7
1500;63 + 47;0.0;3.999555158E7
1501;63 + 47;0.0;3.999571418E7
1502;63 + 47;0.0;3.999569994E7
1503;63 + 47;0.0;3.999572645E7
1504;63 + 48;0.0;3.999575339E7
1505;63 + 48;0.0;3.999577556E7
1506;63 + 48;0.0;3.999567123E7
1507;63 + 48;0.0;3.999574527E7
1508;63 + 48;0.0;3.999571946E7
1509;63 + 48;0.0;3.999569548E7
1510;63 + 48;0.0;3.99957291E7
1511;63 + 48;0.0;3.999562021E7
1512;63 + 48;0.0;3.998926159E7
1513;63 + 48;0.0;3.999580232E7
1514;63 + 49;0.0;3.999575514E7
1515;63 + 49;0.0;3.999566346E7
1516;63 + 49;0.0;3.999574263E7
1517;63 + 49;0.0;3.999562937E7
1518;63 + 49;0.0;3.999560018E7
1519;63 + 49;0.0;3.99957319E7
1520;63 + 49;0.0;3.999569023E7
1521;63 + 49;0.0;3.999566909E7
1522;63 + 49;0.0;3.999566771E7
1523;63 + 49;0.0;3.999563229E7
1524;63 + 50;0.0;3.999568546E7
1525;63 + 50;0.0;3.999572458E7
1526;63 + 50;0.0;3.999576297E7
1527;63 + 50;0.0;3.999564312E7
1528;63 + 50;0.0;3.999569419E7
1529;63 + 50;0.0;3.999557831E7
1530;63 + 50;0.0;3.999579287E7
1531;63 + 50;0.0;3.999557857E7
1532;63 + 50;0.0;3.999574042E7
1533;63 + 50;0.0;3.99955663E7
1534;63 + 51;0.0;3.999572727E7
1535;63 + 51;0.0;3.999569139E7
1536;63 + 51;0.0;3.999573001E7
1537;63 + 51;0.0;3.999561661E7
1538;63 + 51;0.0;3.999586916E7
1539;63 + 51;0.0;3.999576997E7
1540;63 + 51;0.0;3.999564417E7
1541;63 + 51;0.0;3.999561576E7
1542;63 + 51;0.0;3.999566164E7
1543;63 + 51;0.0;3.999571525E7
1544;63 + 52;0.0;3.99956875E7
1545;63 + 52;0.0;3.99956132E7
1546;63 + 52;0.0;3.999568071E7
1547;63 + 52;0.0;3.999562859E7
1548;63 + 52;0.0;3.999562526E7
1549;63 + 52;0.0;3.99956314E7
1550;63 + 52;0.0;3.999566428E7
1551;63 + 52;0.0;3.999573991E7
1552;63 + 52;0.0;3.999575148E7
1553;63 + 52;0.0;3.999563854E7
1554;63 + 53;0.0;3.999549558E7
1555;63 + 53;0.0;3.999568841E7
1556;63 + 53;0.0;3.999554919E7
1557;63 + 53;0.0;3.999558629E7
1558;63 + 53;0.0;3.999568374E7
1559;63 + 53;0.0;3.999568079E7
1560;63 + 53;0.0;3.999552118E7
1561;63 + 53;0.0;3.999561616E7
1562;63 + 53;0.0;3.999574525E7
1563;63 + 53;0.0;3.999562776E7
1564;63 + 54;0.0;3.999579911E7
1565;63 + 54;0.0;3.999557796E7
1566;63 + 54;0.0;3.999565152E7
1567;63 + 54;0.0;3.999553963E7
1568;63 + 54;0.0;3.999561625E7
1569;63 + 54;0.0;3.999563959E7
1570;63 + 54;0.0;3.999563663E7
1571;63 + 54;0.0;3.999558732E7
1572;63 + 54;0.0;3.999563191E7
1573;63 + 54;0.0;3.999561803E7
1574;63 + 55;0.0;3.999563872E7
1575;63 + 55;0.0;3.999568498E7
1576;63 + 55;0.0;3.999560334E7
1577;63 + 55;0.0;3.999552263E7
1578;63 + 55;0.0;3.999562063E7
1579;63 + 55;0.0;3.999572376E7
1580;63 + 55;0.0;3.999575619E7
1581;63 + 55;0.0;3.999555373E7
1582;63 + 55;0.0;3.999568375E7
1583;63 + 55;0.0;3.999573004E7
1584;63 + 56;0.0;3.999573469E7
1585;63 + 56;0.0;3.999558682E7
1586;63 + 56;0.0;3.999565401E7
1587;63 + 56;0.0;3.999553635E7
1588;63 + 56;0.0;3.999559634E7
1589;63 + 56;0.0;3.999571664E7
1590;63 + 56;0.0;3.999560026E7
1591;63 + 56;0.0;3.999552757E7
1592;63 + 56;0.0;3.999571456E7
1593;63 + 56;0.0;3.999560744E7
1594;63 + 57;0.0;3.999569771E7
1595;63 + 57;0.0;3.99956753E7
1596;63 + 57;0.0;3.999561792E7
1597;63 + 57;0.0;3.999565716E7
1598;63 + 57;0.0;3.999558227E7
1599;63 + 57;0.0;3.99956802E7
1600;63 + 57;0.0;3.999572271E7
1601;63 + 57;0.0;3.999550696E7
1602;63 + 57;0.0;3.999557144E7
1603;63 + 57;0.0;3.999559621E7
1604;63 + 58;0.0;3.99956426E7
1605;63 + 58;0.0;3.999565705E7
1606;63 + 58;0.0;3.999562761E7
1607;63 + 58;0.0;3.999558122E7
1608;63 + 58;0.0;3.999552223E7
1609;63 + 58;0.0;3.999561241E7
1610;63 + 58;0.0;3.999562481E7
1611;63 + 58;0.0;3.999559867E7
1612;63 + 58;0.0;3.999563644E7
1613;63 + 58;0.0;3.999551019E7
1614;63 + 59;0.0;3.999557739E7
1615;63 + 59;0.0;3.99955449E7
1616;63 + 59;0.0;3.999560846E7
1617;63 + 59;0.0;3.999560836E7
1618;63 + 59;0.0;3.999558475E7
1619;63 + 59;0.0;3.999554637E7
1620;63 + 59;0.0;3.999553321E7
1621;63 + 59;0.0;3.999548697E7
1622;63 + 59;0.0;3.999548887E7
1623;63 + 59;0.0;3.999563014E7
1624;63 + 60;0.0;3.999566683E7
1625;63 + 60;0.0;3.999551977E7
1626;63 + 60;0.0;3.99955639E7
1627;63 + 60;0.0;3.999556495E7
1628;63 + 60;0.0;3.999569208E7
1629;63 + 60;0.0;3.999558423E7
1630;63 + 60;0.0;3.999551571E7
1631;63 + 60;0.0;3.999559406E7
1632;63 + 60;0.0;3.999552543E7
1633;63 + 60;0.0;3.999559122E7
1634;63 + 61;0.0;3.999563552E7
1635;63 + 61;0.0;3.999539484E7
1636;63 + 61;0.0;3.999546151E7
1637;63 + 61;0.0;3.999550782E7
1638;63 + 61;0.0;3.999558793E7
1639;63 + 61;0.0;3.999558306E7
1640;63 + 61;0.0;3.999549005E7
1641;63 + 61;0.0;3.999539792E7
1642;63 + 61;0.0;3.999570325E7
1643;63 + 61;0.0;3.999563475E7
1644;63 + 62;0.0;3.999547698E7
1645;63 + 62;0.0;3.999558402E7
1646;63 + 62;0.0;3.999557424E7
1647;63 + 62;0.0;3.999552373E7
1648;63 + 62;0.0;3.999562666E7
1649;63 + 62;0.0;3.999553085E7
1650;63 + 62;0.0;3.999546667E7
1651;63 + 62;0.0;3.999553785E7
1652;63 + 62;0.0;3.999557752E7
1653;63 + 62;0.0;3.999540584E7
1654;63 + 63;0.0;3.999560771E7
1655;63 + 63;0.0;3.999552006E7
1656;63 + 63;0.0;3.99852247E7
1657;63 + 63;0.0;3.999549287E7
1658;63 + 63;0.0;3.999564135E7
1659;63 + 63;0.0;3.999554102E7
1660;63 + 63;0.0;3.999549374E7
1661;63 + 63;0.0;3.999549516E7
1662;63 + 63;0.0;3.999547851E7
1663;63 + 63;0.0;3.999549257E7
1664;63 + 64;0.0;3.999543292E7
1665;63 + 64;0.0;3.99955007E7
1666;63 + 64;0.0;3.999547398E7
1667;63 + 64;0.0;3.999551607E7
1668;63 + 64;0.0;3.999555224E7
1669;63 + 64;0.0;3.999550445E7
1670;63 + 64;0.0;3.999555603E7
1671;63 + 64;0.0;3.999552086E7
1672;63 + 64;0.0;3.999550971E7
1673;63 + 64;0.0;3.99955164E7
1674;63 + 65;0.0;3.999555728E7
1675;63 + 65;0.0;3.999549504E7
1676;63 + 65;0.0;3.999551758E7
1677;63 + 65;0.0;3.999562836E7
1678;63 + 65;0.0;3.999556212E7
1679;63 + 65;0.0;3.999554037E7
1680;63 + 65;0.0;3.999565746E7
1681;63 + 65;0.0;3.999549128E7
1682;63 + 65;0.0;3.9995514E7
1683;63 + 65;0.0;3.999546067E7
1684;63 + 66;0.0;3.999545107E7
1685;63 + 66;0.0;3.999554803E7
1686;63 + 66;0.0;3.999552885E7
1687;63 + 66;0.0;3.99955245E7
1688;63 + 66;0.0;3.99955659E7
1689;63 + 66;0.0;3.999565665E7
1690;63 + 66;0.0;3.999554888E7
1691;63 + 66;0.0;3.999551582E7
1692;63 + 66;0.0;3.999553097E7
1693;63 + 66;0.0;3.999553911E7
1694;63 + 67;0.0;3.999553084E7
1695;63 + 67;0.0;3.999540881E7
1696;63 + 67;0.0;3.999566181E7
1697;63 + 67;0.0;3.999553064E7
1698;63 + 67;0.0;3.999550904E7
1699;63 + 67;0.0;3.999562286E7
1700;63 + 67;0.0;3.999560266E7
1701;63 + 67;0.0;3.999538984E7
1702;63 + 67;0.0;3.999564234E7
1703;63 + 67;0.0;3.999544427E7
1704;63 + 68;0.0;3.999552115E7
1705;63 + 68;0.0;3.999553524E7
1706;63 + 68;0.0;3.999553932E7
1707;63 + 68;0.0;3.999547227E7
1708;63 + 68;0.0;3.999542068E7
1709;63 + 68;0.0;3.999543638E7
1710;63 + 68;0.0;3.999539013E7
1711;63 + 68;0.0;3.999554037E7
1712;63 + 68;0.0;3.999541822E7
1713;63 + 68;0.0;3.9995487E7
1714;63 + 69;0.0;3.999547389E7
1715;63 + 69;0.0;3.99954761E7
1716;63 + 69;0.0;3.999543879E7
1717;63 + 69;0.0;3.999553307E7
1718;63 + 69;0.0;3.999543341E7
1719;63 + 69;0.0;3.999548303E7
1720;63 + 69;0.0;3.99955163E7
1721;63 + 69;0.0;3.999552766E7
1722;63 + 69;0.0;3.999541693E7
1723;63 + 69;0.0;3.999551115E7
1724;63 + 70;0.0;3.999548142E7
1725;63 + 70;0.0;3.999545908E7
1726;63 + 70;0.0;3.998897498E7
1727;63 + 70;0.0;4.00019627E7
1728;63 + 70;0.0;3.99955301E7
1729;63 + 70;0.0;3.999551358E7
1730;63 + 70;0.0;3.999553971E7
1731;63 + 70;0.0;3.999552259E7
1732;63 + 70;0.0;3.999547529E7
1733;63 + 70;0.0;3.999555515E7
1734;63 + 71;0.0;3.999562193E7
1735;63 + 71;0.0;3.999539587E7
1736;63 + 71;0.0;3.999542817E7
1737;63 + 71;0.0;3.999537589E7
1738;63 + 71;0.0;3.999542934E7
1739;63 + 71;0.0;3.999551668E7
1740;63 + 71;0.0;3.999551944E7
1741;63 + 71;0.0;3.999539454E7
1742;63 + 71;0.0;3.999553957E7
1743;63 + 71;0.0;3.999544728E7
1744;63 + 72;0.0;3.999542718E7
1745;63 + 72;0.0;3.999536488E7
1746;63 + 72;0.0;3.999545672E7
1747;63 + 72;0.0;3.999543093E7
1748;63 + 72;0.0;3.999547452E7
1749;63 + 72;0.0;3.999543821E7
1750;63 + 72;0.0;3.999545654E7
1751;63 + 72;0.0;3.999551553E7
1752;63 + 72;0.0;3.999556179E7
1753;63 + 72;0.0;3.99954021E7
1754;63 + 73;0.0;3.999543897E7
1755;63 + 73;0.0;3.999563869E7
1756;63 + 73;0.0;3.999546339E7
1757;63 + 73;0.0;3.999541542E7
1758;63 + 73;0.0;3.999545858E7
1759;63 + 73;0.0;3.999548855E7
1760;63 + 73;0.0;3.999538876E7
1761;63 + 73;0.0;3.999532576E7
1762;63 + 73;0.0;3.999543241E7
1763;63 + 73;0.0;3.999536308E7
1764;63 + 74;0.0;3.999541856E7
1765;63 + 74;0.0;3.999551364E7
1766;63 + 74;0.0;3.99955187E7
1767;63 + 74;0.0;3.999542923E7
1768;63 + 74;0.0;3.999542038E7
1769;63 + 74;0.0;3.999539588E7
1770;63 + 74;0.0;3.999535981E7
1771;63 + 74;0.0;3.99954413E7
1772;63 + 74;0.0;3.999547042E7
1773;63 + 74;0.0;3.999546168E7
1774;63 + 75;0.0;3.999542569E7
1775;63 + 75;0.0;3.999546372E7
1776;63 + 75;0.0;3.999536779E7
1777;63 + 75;0.0;3.999543935E7
1778;63 + 75;0.0;3.999545727E7
1779;63 + 75;0.0;3.999545785E7
1780;63 + 75;0.0;3.999539263E7
1781;63 + 75;0.0;3.999530535E7
1782;63 + 75;0.0;3.999536182E7
1783;63 + 75;0.0;3.999550148E7
1784;63 + 76;0.0;3.999546046E7
1785;63 + 76;0.0;3.999540459E7
1786;63 + 76;0.0;3.99954786E7
1787;63 + 76;0.0;3.999539255E7
1788;63 + 76;0.0;3.999537007E7
1789;63 + 76;0.0;3.999548969E7
1790;63 + 76;0.0;3.999531214E7
1791;63 + 76;0.0;3.999533065E7
1792;63 + 76;0.0;3.999547638E7
1793;63 + 76;0.0;3.999546699E7
1794;63 + 77;0.0;3.999537392E7
1795;63 + 77;0.0;3.999542675E7
1796;63 + 77;0.0;3.999543094E7
1797;63 + 77;0.0;3.999538122E7
1798;63 + 77;0.0;3.999537354E7
1799;63 + 77;0.0;3.999535845E7
1800;63 + 77;0.0;3.999548493E7
1801;63 + 77;0.0;3.999536159E7
1802;63 + 77;0.0;3.999533994E7
1803;63 + 77;0.0;3.999548965E7
1804;63 + 78;0.0;3.999543604E7
1805;63 + 78;0.0;3.999541208E7
1806;63 + 78;0.0;3.999552372E7
1807;63 + 78;0.0;3.999552898E7
1808;63 + 78;0.0;3.99954108E7
1809;63 + 78;0.0;3.999551084E7
1810;63 + 78;0.0;3.999534339E7
1811;63 + 78;0.0;3.999536749E7
1812;63 + 78;0.0;3.999529708E7
1813;63 + 78;0.0;3.999543989E7
1814;63 + 79;0.0;3.999539258E7
1815;63 + 79;0.0;3.999539138E7
1816;63 + 79;0.0;3.999542204E7
1817;63 + 79;0.0;3.999525055E7
1818;63 + 79;0.0;3.99954022E7
1819;63 + 79;0.0;3.999532095E7
1820;63 + 79;0.0;3.999543352E7
1821;63 + 79;0.0;3.999532703E7
1822;63 + 79;0.0;3.999536808E7
1823;63 + 79;0.0;3.999540616E7
1824;63 + 80;0.0;3.999532854E7
1825;63 + 80;0.0;3.999537734E7
1826;63 + 80;0.0;3.9995291E7
1827;63 + 80;0.0;3.99954115E7
1828;63 + 80;0.0;3.999538966E7
1829;63 + 80;0.0;3.999550068E7
1830;63 + 80;0.0;3.998171496E7
1831;63 + 80;0.0;3.999544284E7
1832;63 + 80;0.0;3.999534902E7
1833;63 + 80;0.0;3.999533339E7
1834;63 + 81;0.0;3.999534307E7
1835;63 + 81;0.0;3.999536117E7
1836;63 + 81;0.0;3.999534828E7
1837;63 + 81;0.0;3.999536863E7
1838;63 + 81;0.0;3.99953489E7
1839;63 + 81;0.0;3.999534826E7
1840;63 + 81;0.0;3.999531749E7
1841;63 + 81;0.0;3.999537328E7
1842;63 + 81;0.0;3.999528031E7
1843;63 + 81;0.0;3.999535703E7
1844;63 + 82;0.0;3.999538841E7
1845;63 + 82;0.0;3.999541436E7
1846;63 + 82;0.0;3.999534277E7
1847;63 + 82;0.0;3.999540881E7
1848;63 + 82;0.0;3.999529226E7
1849;63 + 82;0.0;3.999530449E7
1850;63 + 82;0.0;3.99953381E7
1851;63 + 82;0.0;3.999546896E7
1852;63 + 82;0.0;3.999522806E7
1853;63 + 82;0.0;3.999531327E7
1854;63 + 83;0.0;3.999547415E7
1855;63 + 83;0.0;3.99953281E7
1856;63 + 83;0.0;3.999532474E7
1857;63 + 83;0.0;3.999540427E7
1858;63 + 83;0.0;3.999535075E7
1859;63 + 83;0.0;3.999532888E7
1860;63 + 83;0.0;3.999531002E7
1861;63 + 83;0.0;3.999538215E7
1862;63 + 83;0.0;3.999526989E7
1863;63 + 83;0.0;3.999539605E7
1864;63 + 84;0.0;3.99954482E7
1865;63 + 84;0.0;3.999520989E7
1866;63 + 84;0.0;3.999536176E7
1867;63 + 84;0.0;3.999513796E7
1868;63 + 84;0.0;3.999538318E7
1869;63 + 84;0.0;3.999529923E7
1870;63 + 84;0.0;3.999534284E7
1871;63 + 84;0.0;3.999512948E7
1872;63 + 84;0.0;3.999532382E7
1873;63 + 84;0.0;3.999523852E7
1874;63 + 85;0.0;3.999534794E7
1875;63 + 85;0.0;3.999538598E7
1876;63 + 85;0.0;3.9995437E7
1877;63 + 85;0.0;3.999524348E7
1878;63 + 85;0.0;3.999536947E7
1879;63 + 85;0.0;3.999539843E7
1880;63 + 85;0.0;3.999530736E7
1881;63 + 85;0.0;3.99953566E7
1882;63 + 85;0.0;3.999533964E7
1883;63 + 85;0.0;3.999520753E7
1884;63 + 86;0.0;3.999525593E7
1885;63 + 86;0.0;3.999534243E7
1886;63 + 86;0.0;3.999530835E7
1887;63 + 86;0.0;3.999534211E7
1888;63 + 86;0.0;3.999518448E7
1889;63 + 86;0.0;3.999544364E7
1890;63 + 86;0.0;3.999545314E7
1891;63 + 86;0.0;3.999534396E7
1892;63 + 86;0.0;3.999539253E7
1893;63 + 86;0.0;3.999529559E7
1894;63 + 87;0.0;3.999541411E7
1895;63 + 87;0.0;3.99951947E7
1896;63 + 87;0.0;3.999529792E7
1897;63 + 87;0.0;3.999522498E7
1898;63 + 87;0.0;3.999528698E7
1899;63 + 87;0.0;3.999533158E7
1900;63 + 87;0.0;3.999531001E7
1901;63 + 87;0.0;3.999509086E7
1902;63 + 87;0.0;3.999533401E7
1903;63 + 87;0.0;3.999532652E7
1904;63 + 88;0.0;3.999529097E7
1905;63 + 88;0.0;3.999536593E7
1906;63 + 88;0.0;3.999537612E7
1907;63 + 88;0.0;3.999532664E7
1908;63 + 88;0.0;3.999525952E7
1909;63 + 88;0.0;3.999529639E7
1910;63 + 88;0.0;3.99953356E7
1911;63 + 88;0.0;3.999521138E7
1912;63 + 88;0.0;3.999534729E7
1913;63 + 88;0.0;3.999529607E7
1914;63 + 89;0.0;3.999525537E7
1915;63 + 89;0.0;3.999534013E7
1916;63 + 89;0.0;3.999525537E7
1917;63 + 89;0.0;3.999521526E7
1918;63 + 89;0.0;3.999531868E7
1919;63 + 89;0.0;3.999518385E7
1920;63 + 89;0.0;3.999534495E7
1921;63 + 89;0.0;3.999542746E7
1922;63 + 89;0.0;3.999531373E7
1923;63 + 89;0.0;3.999530489E7
1924;63 + 90;0.0;3.999525266E7
1925;63 + 90;0.0;3.999520383E7
1926;63 + 90;0.0;3.999534295E7
1927;63 + 90;0.0;3.999536244E7
1928;63 + 90;0.0;3.999517921E7
1929;63 + 90;0.0;3.999526572E7
1930;63 + 90;0.0;3.999526669E7
1931;63 + 90;0.0;3.999529788E7
1932;63 + 90;0.0;3.999520898E7
1933;63 + 90;0.0;3.999536366E7
1934;63 + 91;0.0;3.999528926E7
1935;63 + 91;0.0;3.999525148E7
1936;63 + 91;0.0;3.999528534E7
1937;63 + 91;0.0;3.999526337E7
1938;63 + 91;0.0;3.999529141E7
1939;63 + 91;0.0;3.999532531E7
1940;63 + 91;0.0;3.999505902E7
1941;63 + 91;0.0;3.99953285E7
1942;63 + 91;0.0;3.999524933E7
1943;63 + 91;0.0;3.999532629E7
1944;63 + 92;0.0;3.99953146E7
1945;63 + 92;0.0;3.999523295E7
1946;63 + 92;0.0;3.999526601E7
1947;63 + 92;0.0;3.999518955E7
1948;63 + 92;0.0;3.999522904E7
1949;63 + 92;0.0;3.999532845E7
1950;63 + 92;0.0;3.999525822E7
1951;63 + 92;0.0;3.999520248E7
1952;63 + 92;0.0;3.999526307E7
1953;63 + 92;0.0;3.999525456E7
1954;63 + 93;0.0;3.999530754E7
1955;63 + 93;0.0;3.999524325E7
1956;63 + 93;0.0;3.998716869E7
1957;63 + 93;0.0;3.99953142E7
1958;63 + 93;0.0;3.999521569E7
1959;63 + 93;0.0;3.9995186E7
1960;63 + 93;0.0;3.999530831E7
1961;63 + 93;0.0;3.999527934E7
1962;63 + 93;0.0;3.99952456E7
1963;63 + 93;0.0;3.999511992E7
1964;63 + 94;0.0;3.999514625E7
1965;63 + 94;0.0;3.999525953E7
1966;63 + 94;0.0;3.999520849E7
1967;63 + 94;0.0;3.999529304E7
1968;63 + 94;0.0;3.99952608E7
1969;63 + 94;0.0;3.999525287E7
1970;63 + 94;0.0;3.999521564E7
1971;63 + 94;0.0;3.999527595E7
1972;63 + 94;0.0;3.999524825E7
1973;63 + 94;0.0;3.99951935E7
1974;63 + 95;0.0;3.999507788E7
1975;63 + 95;0.0;3.999524622E7
1976;63 + 95;0.0;3.999522676E7
1977;63 + 95;0.0;3.999512432E7
1978;63 + 95;0.0;3.999519908E7
1979;63 + 95;0.0;3.99951733E7
1980;63 + 95;0.0;3.999526539E7
1981;63 + 95;0.0;3.999518947E7
1982;63 + 95;0.0;3.999518636E7
1983;63 + 95;0.0;3.999521655E7
1984;63 + 96;0.0;3.999492561E7
1985;63 + 96;0.0;3.999513834E7
1986;63 + 96;0.0;3.999519302E7
1987;63 + 96;0.0;3.999496455E7
1988;63 + 96;0.0;3.999530595E7
1989;63 + 96;0.0;3.999530649E7
1990;63 + 96;0.0;3.999529786E7
1991;63 + 96;0.0;3.999526464E7
1992;63 + 96;0.0;3.999521664E7
1993;63 + 96;0.0;3.999526625E7
1994;63 + 97;0.0;3.999523571E7
1995;63 + 97;0.0;3.9995215E7
1996;63 + 97;0.0;3.999522454E7
1997;63 + 97;0.0;3.999525006E7
1998;63 + 97;0.0;3.999522191E7
1999;63 + 97;0.0;3.999528769E7
2000;63 + 97;0.0;3.999522701E7
2001;63 + 97;0.0;3.999521096E7
2002;63 + 97;0.0;3.999523495E7
2003;63 + 97;0.0;3.999513204E7
2004;63 + 98;0.0;3.999526195E7
2005;63 + 98;0.0;3.999509361E7
2006;63 + 98;0.0;3.999510398E7
2007;63 + 98;0.0;3.999520959E7
2008;63 + 98;0.0;3.999526228E7
2009;63 + 98;0.0;3.999513601E7
2010;63 + 98;0.0;3.999505764E7
2011;63 + 98;0.0;3.999523881E7
2012;63 + 98;0.0;3.999526808E7
2013;63 + 98;0.0;3.999511514E7
2014;63 + 99;0.0;3.999530433E7
2015;63 + 99;0.0;3.999524734E7
2016;63 + 99;0.0;3.999514189E7
2017;63 + 99;0.0;3.999521135E7
2018;63 + 99;0.0;3.9995175E7
2019;63 + 99;0.0;3.999523844E7
2020;63 + 99;0.0;3.999518289E7
2021;63 + 99;0.0;3.999511184E7
2022;63 + 99;0.0;3.999516712E7
2023;63 + 99;0.0;3.999519911E7
2024;63 + 100;0.0;3.999516648E7
2025;63 + 100;0.0;3.99952782E7
2026;63 + 100;0.0;3.999485911E7
2027;63 + 100;0.0;3.99954576E7
2028;63 + 100;0.0;3.999518462E7
2029;63 + 100;0.0;3.999515466E7
2030;63 + 100;0.0;3.999523024E7
2031;63 + 100;0.0;3.999516004E7
2032;63 + 100;0.0;3.99951439E7
2033;63 + 100;0.0;3.999505468E7
2034;63 + 101;0.0;3.999511669E7
2035;63 + 101;0.0;3.999517383E7
2036;63 + 101;0.0;3.999526979E7
2037;63 + 101;0.0;3.999508201E7
2038;63 + 101;0.0;3.999510165E7
2039;63 + 101;0.0;3.999507421E7
2040;63 + 101;0.0;3.999517949E7
2041;63 + 101;0.0;3.999514979E7
2042;63 + 101;0.0;3.999527272E7
2043;63 + 101;0.0;3.999512476E7
2044;63 + 102;0.0;3.999512762E7
2045;63 + 102;0.0;3.999514766E7
2046;63 + 102;0.0;3.999516053E7
2047;63 + 102;0.0;3.999517891E7
