0;63 * -102;0.0;3.999766716E7
1;63 * -102;0.0;3.999721888E7
2;63 * -102;0.0;3.999717568E7
3;63 * -102;0.0;3.999722602E7
4;63 * -102;0.0;3.999718448E7
5;63 * -101;0.0;3.999715357E7
6;63 * -101;0.0;3.999714107E7
7;63 * -101;0.0;3.999721321E7
8;63 * -101;0.0;3.99880672E7
9;63 * -101;0.0;3.999727999E7
10;63 * -101;0.0;3.999708175E7
11;63 * -101;0.0;3.999711524E7
12;63 * -101;0.0;3.999718644E7
13;63 * -101;0.0;3.999725515E7
14;63 * -101;0.0;3.999726072E7
15;63 * -100;0.0;3.999716945E7
16;63 * -100;0.0;3.999718394E7
17;63 * -100;0.0;3.999719629E7
18;63 * -100;0.0;3.999722284E7
19;63 * -100;0.0;3.999719794E7
20;63 * -100;0.0;3.999719675E7
21;63 * -100;0.0;3.999719806E7
22;63 * -100;0.0;3.999704518E7
23;63 * -100;0.0;3.999728474E7
24;63 * -100;0.0;3.999718256E7
25;63 * -99;0.0;3.999722942E7
26;63 * -99;0.0;3.999720566E7
27;63 * -99;0.0;3.999710495E7
28;63 * -99;0.0;3.999715127E7
29;63 * -99;0.0;3.999717143E7
30;63 * -99;0.0;3.999721648E7
31;63 * -99;0.0;3.999723265E7
32;63 * -99;0.0;3.99972268E7
33;63 * -99;0.0;3.999722055E7
34;63 * -99;0.0;3.999720487E7
35;63 * -98;0.0;3.999722474E7
36;63 * -98;0.0;3.999723271E7
37;63 * -98;0.0;3.99971821E7
38;63 * -98;0.0;3.999716615E7
39;63 * -98;0.0;3.999721483E7
40;63 * -98;0.0;3.999721878E7
41;63 * -98;0.0;3.999718404E7
42;63 * -98;0.0;3.999710895E7
43;63 * -98;0.0;3.999721752E7
44;63 * -98;0.0;3.999708785E7
45;63 * -97;0.0;3.999709529E7
46;63 * -97;0.0;3.99970513E7
47;63 * -97;0.0;3.999723746E7
48;63 * -97;0.0;3.999724728E7
49;63 * -97;0.0;3.999717832E7
50;63 * -97;0.0;3.99971649E7
51;63 * -97;0.0;3.999715275E7
52;63 * -97;0.0;3.999721821E7
53;63 * -97;0.0;3.999715142E7
54;63 * -97;0.0;3.999719762E7
55;63 * -96;0.0;3.999720962E7
56;63 * -96;0.0;3.999714295E7
57;63 * -96;0.0;3.999716467E7
58;63 * -96;0.0;3.999731885E7
59;63 * -96;0.0;3.999722754E7
60;63 * -96;0.0;3.999713151E7
61;63 * -96;0.0;3.999718173E7
62;63 * -96;0.0;3.999720185E7
63;63 * -96;0.0;3.99970447E7
64;63 * -96;0.0;3.999705793E7
65;63 * -95;0.0;3.999716347E7
66;63 * -95;0.0;3.9997124E7
67;63 * -95;0.0;3.999715093E7
68;63 * -95;0.0;3.999710698E7
69;63 * -95;0.0;3.999704023E7
70;63 * -95;0.0;3.999718157E7
71;63 * -95;0.0;3.99970613E7
72;63 * -95;0.0;3.999707694E7
73;63 * -95;0.0;3.999712427E7
74;63 * -95;0.0;3.999715976E7
75;63 * -94;0.0;3.999711585E7
76;63 * -94;0.0;3.999712595E7
77;63 * -94;0.0;3.999717669E7
78;63 * -94;0.0;3.999710482E7
79;63 * -94;0.0;3.999713709E7
80;63 * -94;0.0;3.999712277E7
81;63 * -94;0.0;3.999716273E7
82;63 * -94;0.0;3.99971752E7
83;63 * -94;0.0;3.999708312E7
84;63 * -94;0.0;3.999719707E7
85;63 * -93;0.0;3.99971394E7
86;63 * -93;0.0;3.999710618E7
87;63 * -93;0.0;3.999720364E7
88;63 * -93;0.0;3.999709853E7
89;63 * -93;0.0;3.999705709E7
90;63 * -93;0.0;3.999713577E7
91;63 * -93;0.0;3.999712266E7
92;63 * -93;0.0;3.999717762E7
93;63 * -93;0.0;3.999719481E7
94;63 * -93;0.0;3.999713944E7
95;63 * -92;0.0;3.999727062E7
96;63 * -92;0.0;3.99971039E7
97;63 * -92;0.0;3.999700572E7
98;63 * -92;0.0;3.999709007E7
99;63 * -92;0.0;3.999722079E7
100;63 * -92;0.0;3.999710441E7
101;63 * -92;0.0;3.999714223E7
102;63 * -92;0.0;3.999708577E7
103;63 * -92;0.0;3.999718198E7
104;63 * -92;0.0;3.999710645E7
105;63 * -91;0.0;3.99970733E7
106;63 * -91;0.0;3.999701847E7
107;63 * -91;0.0;3.999710919E7
108;63 * -91;0.0;3.999718809E7
109;63 * -91;0.0;3.999705111E7
110;63 * -91;0.0;3.99971747E7
111;63 * -91;0.0;3.999701821E7
112;63 * -91;0.0;3.999705117E7
113;63 * -91;0.0;3.999688856E7
114;63 * -91;0.0;3.999720148E7
115;63 * -90;0.0;3.99973107E7
116;63 * -90;0.0;3.999714076E7
117;63 * -90;0.0;3.99971419E7
118;63 * -90;0.0;3.999714941E7
119;63 * -90;0.0;3.999711418E7
120;63 * -90;0.0;3.999706414E7
121;63 * -90;0.0;3.99971584E7
122;63 * -90;0.0;3.999712059E7
123;63 * -90;0.0;3.999707675E7
124;63 * -90;0.0;3.999711892E7
125;63 * -89;0.0;3.999717511E7
126;63 * -89;0.0;3.999708662E7
127;63 * -89;0.0;3.999707547E7
128;63 * -89;0.0;3.999707912E7
129;63 * -89;0.0;3.99970199E7
130;63 * -89;0.0;3.999708267E7
131;63 * -89;0.0;3.999712746E7
132;63 * -89;0.0;3.999709521E7
133;63 * -89;0.0;3.999696617E7
134;63 * -89;0.0;3.999719712E7
135;63 * -88;0.0;3.999707361E7
136;63 * -88;0.0;3.999713347E7
137;63 * -88;0.0;3.999713985E7
138;63 * -88;0.0;3.999704323E7
139;63 * -88;0.0;3.999697235E7
140;63 * -88;0.0;3.999707825E7
141;63 * -88;0.0;3.999709841E7
142;63 * -88;0.0;3.999709787E7
143;63 * -88;0.0;3.999713781E7
144;63 * -88;0.0;3.999706823E7
145;63 * -87;0.0;3.999710381E7
146;63 * -87;0.0;3.999687571E7
147;63 * -87;0.0;3.999705902E7
148;63 * -87;0.0;3.999709508E7
149;63 * -87;0.0;3.999706512E7
150;63 * -87;0.0;3.999711451E7
151;63 * -87;0.0;3.999711798E7
152;63 * -87;0.0;3.999697452E7
153;63 * -87;0.0;3.999695102E7
154;63 * -87;0.0;3.999702677E7
155;63 * -86;0.0;3.999709547E7
156;63 * -86;0.0;3.999695824E7
157;63 * -86;0.0;3.999699335E7
158;63 * -86;0.0;3.999704943E7
159;63 * -86;0.0;3.999715917E7
160;63 * -86;0.0;3.999703565E7
161;63 * -86;0.0;3.999707597E7
162;63 * -86;0.0;3.999701434E7
163;63 * -86;0.0;3.999703348E7
164;63 * -86;0.0;3.999697889E7
165;63 * -85;0.0;3.999699907E7
166;63 * -85;0.0;3.99968515E7
167;63 * -85;0.0;3.999701098E7
168;63 * -85;0.0;3.999689016E7
169;63 * -85;0.0;3.999701105E7
170;63 * -85;0.0;3.999708263E7
171;63 * -85;0.0;3.999702473E7
172;63 * -85;0.0;3.999707096E7
173;63 * -85;0.0;3.999694962E7
174;63 * -85;0.0;3.99970075E7
175;63 * -84;0.0;3.999709529E7
176;63 * -84;0.0;3.999709971E7
177;63 * -84;0.0;3.999703808E7
178;63 * -84;0.0;3.999722002E7
179;63 * -84;0.0;3.99969812E7
180;63 * -84;0.0;3.99970412E7
181;63 * -84;0.0;3.9997026E7
182;63 * -84;0.0;3.999699736E7
183;63 * -84;0.0;3.999699912E7
184;63 * -84;0.0;3.999710613E7
185;63 * -83;0.0;3.999698972E7
186;63 * -83;0.0;3.999702173E7
187;63 * -83;0.0;3.999707896E7
188;63 * -83;0.0;3.999701406E7
189;63 * -83;0.0;3.999710952E7
190;63 * -83;0.0;3.99969305E7
191;63 * -83;0.0;3.999708465E7
192;63 * -83;0.0;3.999701703E7
193;63 * -83;0.0;3.999703676E7
194;63 * -83;0.0;3.999705304E7
195;63 * -82;0.0;3.999706033E7
196;63 * -82;0.0;3.999678285E7
197;63 * -82;0.0;3.999699443E7
198;63 * -82;0.0;3.999681592E7
199;63 * -82;0.0;3.999708958E7
200;63 * -82;0.0;3.999700552E7
201;63 * -82;0.0;3.999692762E7
202;63 * -82;0.0;3.999696306E7
203;63 * -82;0.0;3.999685921E7
204;63 * -82;0.0;3.999697923E7
205;63 * -81;0.0;3.999709528E7
206;63 * -81;0.0;3.999700144E7
207;63 * -81;0.0;3.999706916E7
208;63 * -81;0.0;3.999702206E7
209;63 * -81;0.0;3.999703432E7
210;63 * -81;0.0;3.999696578E7
211;63 * -81;0.0;3.999703101E7
212;63 * -81;0.0;3.999697213E7
213;63 * -81;0.0;3.998805973E7
214;63 * -81;0.0;3.999697142E7
215;63 * -80;0.0;3.999700153E7
216;63 * -80;0.0;3.999684114E7
217;63 * -80;0.0;3.999703389E7
218;63 * -80;0.0;3.999703211E7
219;63 * -80;0.0;3.999679136E7
220;63 * -80;0.0;3.999703324E7
221;63 * -80;0.0;3.999702883E7
222;63 * -80;0.0;3.999692099E7
223;63 * -80;0.0;3.999700281E7
224;63 * -80;0.0;3.9996977E7
225;63 * -79;0.0;3.9997064E7
226;63 * -79;0.0;3.999697882E7
227;63 * -79;0.0;3.999695175E7
228;63 * -79;0.0;3.999701405E7
229;63 * -79;0.0;3.999698411E7
230;63 * -79;0.0;3.999697271E7
231;63 * -79;0.0;3.999706599E7
232;63 * -79;0.0;3.999699286E7
233;63 * -79;0.0;3.999689639E7
234;63 * -79;0.0;3.999697414E7
235;63 * -78;0.0;3.999696342E7
236;63 * -78;0.0;3.999698927E7
237;63 * -78;0.0;3.999701027E7
238;63 * -78;0.0;3.999703886E7
239;63 * -78;0.0;3.999689929E7
240;63 * -78;0.0;3.999697926E7
241;63 * -78;0.0;3.999693989E7
242;63 * -78;0.0;3.999677801E7
243;63 * -78;0.0;3.999695828E7
244;63 * -78;0.0;3.999696375E7
245;63 * -77;0.0;3.999694207E7
246;63 * -77;0.0;3.999693641E7
247;63 * -77;0.0;3.999699215E7
248;63 * -77;0.0;3.999688932E7
249;63 * -77;0.0;3.999703556E7
250;63 * -77;0.0;3.999698566E7
251;63 * -77;0.0;3.999692184E7
252;63 * -77;0.0;3.999697224E7
253;63 * -77;0.0;3.999691449E7
254;63 * -77;0.0;3.999690423E7
255;63 * -76;0.0;3.999686173E7
256;63 * -76;0.0;3.999706144E7
257;63 * -76;0.0;3.999694469E7
258;63 * -76;0.0;3.999699254E7
259;63 * -76;0.0;3.999698042E7
260;63 * -76;0.0;3.99969378E7
261;63 * -76;0.0;3.999684381E7
262;63 * -76;0.0;3.999696033E7
263;63 * -76;0.0;3.999683064E7
264;63 * -76;0.0;3.999698414E7
265;63 * -75;0.0;3.999689075E7
266;63 * -75;0.0;3.999698708E7
267;63 * -75;0.0;3.999681267E7
268;63 * -75;0.0;3.999700811E7
269;63 * -75;0.0;3.999689118E7
270;63 * -75;0.0;3.999684146E7
271;63 * -75;0.0;3.999693798E7
272;63 * -75;0.0;3.999696499E7
273;63 * -75;0.0;3.999693605E7
274;63 * -75;0.0;3.999671622E7
275;63 * -74;0.0;3.999708447E7
276;63 * -74;0.0;3.999691552E7
277;63 * -74;0.0;3.999696159E7
278;63 * -74;0.0;3.99969778E7
279;63 * -74;0.0;3.999687728E7
280;63 * -74;0.0;3.999696283E7
281;63 * -74;0.0;3.999673757E7
282;63 * -74;0.0;3.999692618E7
283;63 * -74;0.0;3.999694966E7
284;63 * -74;0.0;3.999691309E7
285;63 * -73;0.0;3.999683896E7
286;63 * -73;0.0;3.999694376E7
287;63 * -73;0.0;3.999689224E7
288;63 * -73;0.0;3.999694131E7
289;63 * -73;0.0;3.999689984E7
290;63 * -73;0.0;3.999693695E7
291;63 * -73;0.0;3.999698214E7
292;63 * -73;0.0;3.999695204E7
293;63 * -73;0.0;3.999703717E7
294;63 * -73;0.0;3.9996891E7
295;63 * -72;0.0;3.999691547E7
296;63 * -72;0.0;3.999703895E7
297;63 * -72;0.0;3.999689653E7
298;63 * -72;0.0;3.999701234E7
299;63 * -72;0.0;3.999689306E7
300;63 * -72;0.0;3.999687432E7
301;63 * -72;0.0;3.999682111E7
302;63 * -72;0.0;3.999683313E7
303;63 * -72;0.0;3.999678772E7
304;63 * -72;0.0;3.999685721E7
305;63 * -71;0.0;3.999673983E7
306;63 * -71;0.0;3.999694283E7
307;63 * -71;0.0;3.99969212E7
308;63 * -71;0.0;3.999689464E7
309;63 * -71;0.0;3.999697942E7
310;63 * -71;0.0;3.999689774E7
311;63 * -71;0.0;3.999684492E7
312;63 * -71;0.0;3.999689508E7
313;63 * -71;0.0;3.999690042E7
314;63 * -71;0.0;3.999672999E7
315;63 * -70;0.0;3.999694267E7
316;63 * -70;0.0;3.999686562E7
317;63 * -70;0.0;3.999687448E7
318;63 * -70;0.0;3.999690734E7
319;63 * -70;0.0;3.999694474E7
320;63 * -70;0.0;3.999694634E7
321;63 * -70;0.0;3.999683865E7
322;63 * -70;0.0;3.999689265E7
323;63 * -70;0.0;3.999668303E7
324;63 * -70;0.0;3.999684724E7
325;63 * -69;0.0;3.999698996E7
326;63 * -69;0.0;3.999676438E7
327;63 * -69;0.0;3.999686395E7
328;63 * -69;0.0;3.999689842E7
329;63 * -69;0.0;3.999681813E7
330;63 * -69;0.0;3.99968092E7
331;63 * -69;0.0;4.000564384E7
332;63 * -69;0.0;3.999676816E7
333;63 * -69;0.0;3.999682629E7
334;63 * -69;0.0;3.999690925E7
335;63 * -68;0.0;3.999693908E7
336;63 * -68;0.0;3.999684382E7
337;63 * -68;0.0;3.999678258E7
338;63 * -68;0.0;3.999690052E7
339;63 * -68;0.0;3.999690017E7
340;63 * -68;0.0;3.999677566E7
341;63 * -68;0.0;3.999687776E7
342;63 * -68;0.0;3.999682382E7
343;63 * -68;0.0;3.999689904E7
344;63 * -68;0.0;3.999690908E7
345;63 * -67;0.0;3.999686896E7
346;63 * -67;0.0;3.999678982E7
347;63 * -67;0.0;3.99969028E7
348;63 * -67;0.0;3.999687815E7
349;63 * -67;0.0;3.999676597E7
350;63 * -67;0.0;3.999696093E7
351;63 * -67;0.0;3.999678558E7
352;63 * -67;0.0;3.999681234E7
353;63 * -67;0.0;3.99968688E7
354;63 * -67;0.0;3.999684382E7
355;63 * -66;0.0;3.999660207E7
356;63 * -66;0.0;3.999685397E7
357;63 * -66;0.0;3.999688234E7
358;63 * -66;0.0;3.999696428E7
359;63 * -66;0.0;3.99968957E7
360;63 * -66;0.0;3.999686966E7
361;63 * -66;0.0;3.999679937E7
362;63 * -66;0.0;3.999688157E7
363;63 * -66;0.0;3.99968422E7
364;63 * -66;0.0;3.999683418E7
365;63 * -65;0.0;3.999664558E7
366;63 * -65;0.0;3.999686337E7
367;63 * -65;0.0;3.999681641E7
368;63 * -65;0.0;3.999684917E7
369;63 * -65;0.0;3.999686214E7
370;63 * -65;0.0;3.999682054E7
371;63 * -65;0.0;3.999688388E7
372;63 * -65;0.0;3.99967631E7
373;63 * -65;0.0;3.99968377E7
374;63 * -65;0.0;3.999666448E7
375;63 * -64;0.0;3.999675289E7
376;63 * -64;0.0;3.999683156E7
377;63 * -64;0.0;3.999680503E7
378;63 * -64;0.0;3.999681269E7
379;63 * -64;0.0;3.99968418E7
380;63 * -64;0.0;3.999685098E7
381;63 * -64;0.0;3.999676793E7
382;63 * -64;0.0;3.999662576E7
383;63 * -64;0.0;3.999681815E7
384;63 * -64;0.0;3.999690754E7
385;63 * -63;0.0;3.999687753E7
386;63 * -63;0.0;3.999685769E7
387;63 * -63;0.0;3.999681568E7
388;63 * -63;0.0;3.999676843E7
389;63 * -63;0.0;3.999679715E7
390;63 * -63;0.0;3.999686069E7
391;63 * -63;0.0;3.999674294E7
392;63 * -63;0.0;3.999677676E7
393;63 * -63;0.0;3.99967907E7
394;63 * -63;0.0;3.999679753E7
395;63 * -62;0.0;3.999684375E7
396;63 * -62;0.0;3.999684727E7
397;63 * -62;0.0;3.999670188E7
398;63 * -62;0.0;3.999690104E7
399;63 * -62;0.0;3.999687769E7
400;63 * -62;0.0;3.999681359E7
401;63 * -62;0.0;3.999664452E7
402;63 * -62;0.0;3.999668893E7
403;63 * -62;0.0;3.99967192E7
404;63 * -62;0.0;3.999680968E7
405;63 * -61;0.0;3.999677729E7
406;63 * -61;0.0;3.999679903E7
407;63 * -61;0.0;3.999688479E7
408;63 * -61;0.0;3.999698078E7
409;63 * -61;0.0;3.999686124E7
410;63 * -61;0.0;3.999673361E7
411;63 * -61;0.0;3.999673748E7
412;63 * -61;0.0;3.9996767E7
413;63 * -61;0.0;3.999679653E7
414;63 * -61;0.0;3.999682801E7
415;63 * -60;0.0;3.999674535E7
416;63 * -60;0.0;3.999671848E7
417;63 * -60;0.0;3.999680333E7
418;63 * -60;0.0;3.999676822E7
419;63 * -60;0.0;3.999672583E7
420;63 * -60;0.0;3.999679654E7
421;63 * -60;0.0;3.999671121E7
422;63 * -60;0.0;3.999674351E7
423;63 * -60;0.0;3.999678237E7
424;63 * -60;0.0;3.999677137E7
425;63 * -59;0.0;3.999679052E7
426;63 * -59;0.0;3.999677952E7
427;63 * -59;0.0;3.999673147E7
428;63 * -59;0.0;3.99968146E7
429;63 * -59;0.0;3.999674262E7
430;63 * -59;0.0;3.999670467E7
431;63 * -59;0.0;3.999675227E7
432;63 * -59;0.0;3.999669811E7
433;63 * -59;0.0;3.999660131E7
434;63 * -59;0.0;3.999673888E7
435;63 * -58;0.0;3.999670198E7
436;63 * -58;0.0;3.999657099E7
437;63 * -58;0.0;3.999676528E7
438;63 * -58;0.0;3.999664598E7
439;63 * -58;0.0;3.99967128E7
440;63 * -58;0.0;3.999670708E7
441;63 * -58;0.0;3.999694009E7
442;63 * -58;0.0;3.999689484E7
443;63 * -58;0.0;3.99967713E7
444;63 * -58;0.0;3.999673089E7
445;63 * -57;0.0;3.999690633E7
446;63 * -57;0.0;3.999678777E7
447;63 * -57;0.0;3.999675582E7
448;63 * -57;0.0;3.999671425E7
449;63 * -57;0.0;3.999664299E7
450;63 * -57;0.0;3.999674925E7
451;63 * -57;0.0;3.999680469E7
452;63 * -57;0.0;3.999676329E7
453;63 * -57;0.0;3.999671935E7
454;63 * -57;0.0;3.999675478E7
455;63 * -56;0.0;3.999679195E7
456;63 * -56;0.0;3.999672493E7
457;63 * -56;0.0;3.999664338E7
458;63 * -56;0.0;3.999676739E7
459;63 * -56;0.0;3.99968027E7
460;63 * -56;0.0;3.999676722E7
461;63 * -56;0.0;3.999669257E7
462;63 * -56;0.0;3.999669234E7
463;63 * -56;0.0;3.999683689E7
464;63 * -56;0.0;3.999671628E7
465;63 * -55;0.0;3.999667993E7
466;63 * -55;0.0;3.999669643E7
467;63 * -55;0.0;3.999672406E7
468;63 * -55;0.0;3.999677104E7
469;63 * -55;0.0;3.999668131E7
470;63 * -55;0.0;3.999673203E7
471;63 * -55;0.0;3.999673349E7
472;63 * -55;0.0;3.99967207E7
473;63 * -55;0.0;3.999667434E7
474;63 * -55;0.0;3.99967324E7
475;63 * -54;0.0;3.999673946E7
476;63 * -54;0.0;3.99966579E7
477;63 * -54;0.0;3.999662447E7
478;63 * -54;0.0;3.99968605E7
479;63 * -54;0.0;3.999615571E7
480;63 * -54;0.0;3.999658037E7
481;63 * -54;0.0;3.999671594E7
482;63 * -54;0.0;3.999668772E7
483;63 * -54;0.0;3.999672114E7
484;63 * -54;0.0;3.99968028E7
485;63 * -53;0.0;3.999671221E7
486;63 * -53;0.0;3.99966993E7
487;63 * -53;0.0;3.999654886E7
488;63 * -53;0.0;3.999672778E7
489;63 * -53;0.0;3.999672489E7
490;63 * -53;0.0;3.999672207E7
491;63 * -53;0.0;3.999672923E7
492;63 * -53;0.0;3.999664875E7
493;63 * -53;0.0;3.999676539E7
494;63 * -53;0.0;3.999672038E7
495;63 * -52;0.0;3.999660484E7
496;63 * -52;0.0;3.999654304E7
497;63 * -52;0.0;3.999663589E7
498;63 * -52;0.0;3.999664734E7
499;63 * -52;0.0;3.999670703E7
500;63 * -52;0.0;3.999664832E7
501;63 * -52;0.0;3.999669381E7
502;63 * -52;0.0;3.999667973E7
503;63 * -52;0.0;3.999669255E7
504;63 * -52;0.0;3.99966668E7
505;63 * -51;0.0;3.999669807E7
506;63 * -51;0.0;3.999666981E7
507;63 * -51;0.0;3.999665939E7
508;63 * -51;0.0;3.999664477E7
509;63 * -51;0.0;3.999674665E7
510;63 * -51;0.0;3.999670859E7
511;63 * -51;0.0;3.999666945E7
512;63 * -51;0.0;3.999665311E7
513;63 * -51;0.0;3.999657041E7
514;63 * -51;0.0;3.99966295E7
515;63 * -50;0.0;3.999660358E7
516;63 * -50;0.0;3.999650667E7
517;63 * -50;0.0;3.999655233E7
518;63 * -50;0.0;3.999654069E7
519;63 * -50;0.0;3.999662161E7
520;63 * -50;0.0;3.999664556E7
521;63 * -50;0.0;3.999673496E7
522;63 * -50;0.0;3.999662621E7
523;63 * -50;0.0;3.999662686E7
524;63 * -50;0.0;3.999668186E7
525;63 * -49;0.0;3.999661612E7
526;63 * -49;0.0;3.999661361E7
527;63 * -49;0.0;3.999665873E7
528;63 * -49;0.0;3.999649033E7
529;63 * -49;0.0;3.999672923E7
530;63 * -49;0.0;3.999665927E7
531;63 * -49;0.0;3.99966341E7
532;63 * -49;0.0;3.999664616E7
533;63 * -49;0.0;3.999649113E7
534;63 * -49;0.0;3.999676217E7
535;63 * -48;0.0;3.999668321E7
536;63 * -48;0.0;3.999662909E7
537;63 * -48;0.0;3.999659037E7
538;63 * -48;0.0;3.999662465E7
539;63 * -48;0.0;3.99965357E7
540;63 * -48;0.0;3.998771342E7
541;63 * -48;0.0;3.999666885E7
542;63 * -48;0.0;3.999661205E7
543;63 * -48;0.0;3.999657722E7
544;63 * -48;0.0;3.999662538E7
545;63 * -47;0.0;3.99966756E7
546;63 * -47;0.0;3.999653738E7
547;63 * -47;0.0;3.999663474E7
548;63 * -47;0.0;3.999662359E7
549;63 * -47;0.0;3.999651969E7
550;63 * -47;0.0;3.99966952E7
551;63 * -47;0.0;3.999666011E7
552;63 * -47;0.0;3.999674479E7
553;63 * -47;0.0;3.999655812E7
554;63 * -47;0.0;3.999661386E7
555;63 * -46;0.0;3.999668932E7
556;63 * -46;0.0;3.999663425E7
557;63 * -46;0.0;3.99965676E7
558;63 * -46;0.0;3.999660778E7
559;63 * -46;0.0;3.999668759E7
560;63 * -46;0.0;3.999660011E7
561;63 * -46;0.0;3.999658062E7
562;63 * -46;0.0;3.999663949E7
563;63 * -46;0.0;3.999665601E7
564;63 * -46;0.0;3.999669252E7
565;63 * -45;0.0;3.999658912E7
566;63 * -45;0.0;3.999646087E7
567;63 * -45;0.0;3.999666016E7
568;63 * -45;0.0;3.999666123E7
569;63 * -45;0.0;3.999652351E7
570;63 * -45;0.0;3.999663053E7
571;63 * -45;0.0;3.999643787E7
572;63 * -45;0.0;3.999659494E7
573;63 * -45;0.0;3.999651873E7
574;63 * -45;0.0;3.999664043E7
575;63 * -44;0.0;3.999633914E7
576;63 * -44;0.0;3.999651334E7
577;63 * -44;0.0;3.99966337E7
578;63 * -44;0.0;3.99966218E7
579;63 * -44;0.0;3.999655256E7
580;63 * -44;0.0;3.999665865E7
581;63 * -44;0.0;3.999650314E7
582;63 * -44;0.0;3.999647986E7
583;63 * -44;0.0;3.999650052E7
584;63 * -44;0.0;3.999661401E7
585;63 * -43;0.0;3.999661042E7
586;63 * -43;0.0;3.999656935E7
587;63 * -43;0.0;3.999661354E7
588;63 * -43;0.0;3.999664327E7
589;63 * -43;0.0;3.999660431E7
590;63 * -43;0.0;3.999656355E7
591;63 * -43;0.0;3.999660342E7
592;63 * -43;0.0;3.999661903E7
593;63 * -43;0.0;3.999642071E7
594;63 * -43;0.0;3.999651938E7
595;63 * -42;0.0;3.999645694E7
596;63 * -42;0.0;3.999661439E7
597;63 * -42;0.0;3.999656253E7
598;63 * -42;0.0;3.999654105E7
599;63 * -42;0.0;3.99964321E7
600;63 * -42;0.0;3.999656003E7
601;63 * -42;0.0;3.999658619E7
602;63 * -42;0.0;3.999660824E7
603;63 * -42;0.0;3.999663622E7
604;63 * -42;0.0;3.999655999E7
605;63 * -41;0.0;3.999644303E7
606;63 * -41;0.0;3.999656086E7
607;63 * -41;0.0;3.999657765E7
608;63 * -41;0.0;3.99966387E7
609;63 * -41;0.0;3.999650404E7
610;63 * -41;0.0;3.999635591E7
611;63 * -41;0.0;3.999654386E7
612;63 * -41;0.0;3.999653952E7
613;63 * -41;0.0;3.99965703E7
614;63 * -41;0.0;3.999656839E7
615;63 * -40;0.0;3.9996554E7
616;63 * -40;0.0;3.999654673E7
617;63 * -40;0.0;3.999658653E7
618;63 * -40;0.0;3.999650852E7
619;63 * -40;0.0;3.999650358E7
620;63 * -40;0.0;3.999657809E7
621;63 * -40;0.0;3.999662137E7
622;63 * -40;0.0;3.99965509E7
623;63 * -40;0.0;3.999665799E7
624;63 * -40;0.0;3.999643999E7
625;63 * -39;0.0;3.999662323E7
626;63 * -39;0.0;3.999654889E7
627;63 * -39;0.0;3.999660553E7
628;63 * -39;0.0;3.999651684E7
629;63 * -39;0.0;3.999642098E7
630;63 * -39;0.0;3.999661913E7
631;63 * -39;0.0;3.999659658E7
632;63 * -39;0.0;3.999652944E7
633;63 * -39;0.0;3.999672526E7
634;63 * -39;0.0;3.999646751E7
635;63 * -38;0.0;3.999654107E7
636;63 * -38;0.0;3.999657815E7
637;63 * -38;0.0;3.999651541E7
638;63 * -38;0.0;3.999651865E7
639;63 * -38;0.0;3.999647974E7
640;63 * -38;0.0;3.999632702E7
641;63 * -38;0.0;3.999660452E7
642;63 * -38;0.0;3.999650636E7
643;63 * -38;0.0;3.999663714E7
644;63 * -38;0.0;3.999656542E7
645;63 * -37;0.0;3.999648264E7
646;63 * -37;0.0;3.999657178E7
647;63 * -37;0.0;3.999639649E7
648;63 * -37;0.0;3.999637617E7
649;63 * -37;0.0;3.999658818E7
650;63 * -37;0.0;3.999632785E7
651;63 * -37;0.0;3.999654567E7
652;63 * -37;0.0;3.999654728E7
653;63 * -37;0.0;3.999635436E7
654;63 * -37;0.0;3.999651164E7
655;63 * -36;0.0;3.999656582E7
656;63 * -36;0.0;3.999638405E7
657;63 * -36;0.0;3.999656838E7
658;63 * -36;0.0;4.000490069E7
659;63 * -36;0.0;3.999662563E7
660;63 * -36;0.0;3.999648853E7
661;63 * -36;0.0;3.999662775E7
662;63 * -36;0.0;3.999658452E7
663;63 * -36;0.0;3.999650324E7
664;63 * -36;0.0;3.999645384E7
665;63 * -35;0.0;3.999658274E7
666;63 * -35;0.0;3.999646531E7
667;63 * -35;0.0;3.99964222E7
668;63 * -35;0.0;3.999650559E7
669;63 * -35;0.0;3.999647456E7
670;63 * -35;0.0;3.99965646E7
671;63 * -35;0.0;3.999656723E7
672;63 * -35;0.0;3.999649265E7
673;63 * -35;0.0;3.999655102E7
674;63 * -35;0.0;3.999657924E7
675;63 * -34;0.0;3.999656101E7
676;63 * -34;0.0;3.999651255E7
677;63 * -34;0.0;3.999651706E7
678;63 * -34;0.0;3.999651956E7
679;63 * -34;0.0;3.999647298E7
680;63 * -34;0.0;3.999653956E7
681;63 * -34;0.0;3.999651855E7
682;63 * -34;0.0;3.999623338E7
683;63 * -34;0.0;3.999658595E7
684;63 * -34;0.0;3.999661012E7
685;63 * -33;0.0;3.999648E7
686;63 * -33;0.0;3.999647857E7
687;63 * -33;0.0;3.999644193E7
688;63 * -33;0.0;3.999647887E7
689;63 * -33;0.0;3.999653587E7
690;63 * -33;0.0;3.999669051E7
691;63 * -33;0.0;3.999649249E7
692;63 * -33;0.0;3.999639238E7
693;63 * -33;0.0;3.99965887E7
694;63 * -33;0.0;3.999646906E7
695;63 * -32;0.0;3.999651942E7
696;63 * -32;0.0;3.999633592E7
697;63 * -32;0.0;3.999641885E7
698;63 * -32;0.0;3.999650707E7
699;63 * -32;0.0;3.999653416E7
700;63 * -32;0.0;3.999655999E7
701;63 * -32;0.0;3.99965859E7
702;63 * -32;0.0;3.999650949E7
703;63 * -32;0.0;3.999652963E7
704;63 * -32;0.0;3.999647713E7
705;63 * -31;0.0;3.999651496E7
706;63 * -31;0.0;3.999651724E7
707;63 * -31;0.0;3.999651508E7
708;63 * -31;0.0;3.999642343E7
709;63 * -31;0.0;3.999651449E7
710;63 * -31;0.0;3.999631935E7
711;63 * -31;0.0;3.999640032E7
712;63 * -31;0.0;3.999651947E7
713;63 * -31;0.0;3.999645653E7
714;63 * -31;0.0;3.999649099E7
715;63 * -30;0.0;3.999644117E7
716;63 * -30;0.0;3.999649959E7
717;63 * -30;0.0;3.999633015E7
718;63 * -30;0.0;3.999627061E7
719;63 * -30;0.0;3.999647894E7
720;63 * -30;0.0;3.999646497E7
721;63 * -30;0.0;3.999634107E7
722;63 * -30;0.0;3.99963958E7
723;63 * -30;0.0;3.999648403E7
724;63 * -30;0.0;3.999653652E7
725;63 * -29;0.0;3.99908911E7
726;63 * -29;0.0;3.999641951E7
727;63 * -29;0.0;3.999645446E7
728;63 * -29;0.0;3.999641366E7
729;63 * -29;0.0;3.999648843E7
730;63 * -29;0.0;3.999642972E7
731;63 * -29;0.0;3.999650864E7
732;63 * -29;0.0;3.999651183E7
733;63 * -29;0.0;3.999647228E7
734;63 * -29;0.0;3.999644594E7
735;63 * -28;0.0;3.99965078E7
736;63 * -28;0.0;3.999643224E7
737;63 * -28;0.0;3.999653687E7
738;63 * -28;0.0;3.999653321E7
739;63 * -28;0.0;3.999643063E7
740;63 * -28;0.0;3.999636408E7
741;63 * -28;0.0;3.999644954E7
742;63 * -28;0.0;3.999645899E7
743;63 * -28;0.0;3.999657095E7
744;63 * -28;0.0;3.999647527E7
745;63 * -27;0.0;3.999634534E7
746;63 * -27;0.0;3.999649525E7
747;63 * -27;0.0;3.999640604E7
748;63 * -27;0.0;3.999644736E7
749;63 * -27;0.0;3.999640002E7
750;63 * -27;0.0;3.999635318E7
751;63 * -27;0.0;3.999640119E7
752;63 * -27;0.0;4.003635854E7
753;63 * -27;0.0;3.999639734E7
754;63 * -27;0.0;3.99963987E7
755;63 * -26;0.0;3.999646105E7
756;63 * -26;0.0;3.999642915E7
757;63 * -26;0.0;3.999641411E7
758;63 * -26;0.0;3.999638585E7
759;63 * -26;0.0;3.999652685E7
760;63 * -26;0.0;3.999631547E7
761;63 * -26;0.0;3.999645332E7
762;63 * -26;0.0;3.999641916E7
763;63 * -26;0.0;3.999642517E7
764;63 * -26;0.0;3.99964259E7
765;63 * -25;0.0;3.999644825E7
766;63 * -25;0.0;3.999638713E7
767;63 * -25;0.0;3.99964362E7
768;63 * -25;0.0;3.999659718E7
769;63 * -25;0.0;3.999648957E7
770;63 * -25;0.0;3.999639834E7
771;63 * -25;0.0;3.999654785E7
772;63 * -25;0.0;3.999651809E7
773;63 * -25;0.0;3.999646767E7
774;63 * -25;0.0;3.999635147E7
775;63 * -24;0.0;3.999640012E7
776;63 * -24;0.0;3.999637115E7
777;63 * -24;0.0;3.999636045E7
778;63 * -24;0.0;3.99965022E7
779;63 * -24;0.0;3.999644553E7
780;63 * -24;0.0;3.999633514E7
781;63 * -24;0.0;3.999645136E7
782;63 * -24;0.0;3.99963239E7
783;63 * -24;0.0;3.999635287E7
784;63 * -24;0.0;3.99965569E7
785;63 * -23;0.0;3.999641638E7
786;63 * -23;0.0;3.999637844E7
787;63 * -23;0.0;3.999635527E7
788;63 * -23;0.0;3.999634738E7
789;63 * -23;0.0;3.999631892E7
790;63 * -23;0.0;3.999626394E7
791;63 * -23;0.0;3.999646912E7
792;63 * -23;0.0;3.999636708E7
793;63 * -23;0.0;3.999642023E7
794;63 * -23;0.0;3.999636475E7
795;63 * -22;0.0;3.999634004E7
796;63 * -22;0.0;3.999636232E7
797;63 * -22;0.0;3.99964023E7
798;63 * -22;0.0;3.999624311E7
799;63 * -22;0.0;3.99963918E7
800;63 * -22;0.0;3.999638717E7
801;63 * -22;0.0;3.999641496E7
802;63 * -22;0.0;3.999635147E7
803;63 * -22;0.0;3.999639962E7
804;63 * -22;0.0;3.999639352E7
805;63 * -21;0.0;3.999638604E7
806;63 * -21;0.0;3.999636173E7
807;63 * -21;0.0;3.999055689E7
808;63 * -21;0.0;3.99963663E7
809;63 * -21;0.0;3.999652376E7
810;63 * -21;0.0;3.999637915E7
811;63 * -21;0.0;3.99963435E7
812;63 * -21;0.0;3.999630019E7
813;63 * -21;0.0;3.999632045E7
814;63 * -21;0.0;3.999638991E7
815;63 * -20;0.0;3.999633199E7
816;63 * -20;0.0;3.999626803E7
817;63 * -20;0.0;3.999629817E7
818;63 * -20;0.0;3.999627733E7
819;63 * -20;0.0;3.999637032E7
820;63 * -20;0.0;3.999628894E7
821;63 * -20;0.0;3.999628912E7
822;63 * -20;0.0;3.999631128E7
823;63 * -20;0.0;3.999633562E7
824;63 * -20;0.0;3.99963403E7
825;63 * -19;0.0;3.999634444E7
826;63 * -19;0.0;3.999626402E7
827;63 * -19;0.0;3.999633241E7
828;63 * -19;0.0;3.999634097E7
829;63 * -19;0.0;3.999639385E7
830;63 * -19;0.0;3.999643285E7
831;63 * -19;0.0;3.999622714E7
832;63 * -19;0.0;3.999644189E7
833;63 * -19;0.0;3.999633063E7
834;63 * -19;0.0;3.999641474E7
835;63 * -18;0.0;3.99964567E7
836;63 * -18;0.0;3.999638224E7
837;63 * -18;0.0;3.999634332E7
838;63 * -18;0.0;3.999637375E7
839;63 * -18;0.0;3.999632284E7
840;63 * -18;0.0;3.9996323E7
841;63 * -18;0.0;3.999636071E7
842;63 * -18;0.0;3.999631729E7
843;63 * -18;0.0;3.99965124E7
844;63 * -18;0.0;3.99963298E7
845;63 * -17;0.0;3.99961882E7
846;63 * -17;0.0;3.999635965E7
847;63 * -17;0.0;3.999638999E7
848;63 * -17;0.0;3.999641995E7
849;63 * -17;0.0;3.999630094E7
850;63 * -17;0.0;3.999623129E7
851;63 * -17;0.0;3.999628307E7
852;63 * -17;0.0;3.999636085E7
853;63 * -17;0.0;3.999634463E7
854;63 * -17;0.0;3.999632388E7
855;63 * -16;0.0;3.999626889E7
856;63 * -16;0.0;3.999635023E7
857;63 * -16;0.0;3.999619715E7
858;63 * -16;0.0;3.999632422E7
859;63 * -16;0.0;3.999643834E7
860;63 * -16;0.0;3.999628166E7
861;63 * -16;0.0;3.999640569E7
862;63 * -16;0.0;3.999643129E7
863;63 * -16;0.0;3.99963039E7
864;63 * -16;0.0;3.99963566E7
865;63 * -15;0.0;3.999627277E7
866;63 * -15;0.0;3.999632886E7
867;63 * -15;0.0;3.998755227E7
868;63 * -15;0.0;3.999642871E7
869;63 * -15;0.0;3.99963595E7
870;63 * -15;0.0;3.99962107E7
871;63 * -15;0.0;3.999633788E7
872;63 * -15;0.0;3.999632418E7
873;63 * -15;0.0;3.999608979E7
874;63 * -15;0.0;3.999616786E7
875;63 * -14;0.0;3.999630086E7
876;63 * -14;0.0;3.999619305E7
877;63 * -14;0.0;3.999632571E7
878;63 * -14;0.0;3.999638514E7
879;63 * -14;0.0;3.99964447E7
880;63 * -14;0.0;3.999620626E7
881;63 * -14;0.0;3.99963061E7
882;63 * -14;0.0;3.999628511E7
883;63 * -14;0.0;3.999638381E7
884;63 * -14;0.0;3.999621257E7
885;63 * -13;0.0;3.999637329E7
886;63 * -13;0.0;3.999630972E7
887;63 * -13;0.0;3.999632235E7
888;63 * -13;0.0;3.999630432E7
889;63 * -13;0.0;3.999630581E7
890;63 * -13;0.0;3.999637055E7
891;63 * -13;0.0;3.999623791E7
892;63 * -13;0.0;3.999634705E7
893;63 * -13;0.0;3.999628847E7
894;63 * -13;0.0;3.999626969E7
895;63 * -12;0.0;3.999630324E7
896;63 * -12;0.0;3.999611434E7
897;63 * -12;0.0;3.999631678E7
898;63 * -12;0.0;3.99963101E7
899;63 * -12;0.0;3.999628122E7
900;63 * -12;0.0;3.99961686E7
901;63 * -12;0.0;3.99961793E7
902;63 * -12;0.0;3.999626693E7
903;63 * -12;0.0;3.999612608E7
904;63 * -12;0.0;3.999630689E7
905;63 * -11;0.0;3.9996221E7
906;63 * -11;0.0;3.999629016E7
907;63 * -11;0.0;3.999622297E7
908;63 * -11;0.0;3.999627274E7
909;63 * -11;0.0;3.999634465E7
910;63 * -11;0.0;3.999619573E7
911;63 * -11;0.0;3.999628883E7
912;63 * -11;0.0;3.999630055E7
913;63 * -11;0.0;3.999628834E7
914;63 * -11;0.0;3.999621748E7
915;63 * -10;0.0;3.999626947E7
916;63 * -10;0.0;3.999626694E7
917;63 * -10;0.0;3.999630937E7
918;63 * -10;0.0;3.99963363E7
919;63 * -10;0.0;3.999632145E7
920;63 * -10;0.0;3.999621535E7
921;63 * -10;0.0;3.999618497E7
922;63 * -10;0.0;3.999621872E7
923;63 * -10;0.0;3.999621689E7
924;63 * -10;0.0;3.999623696E7
925;63 * -9;0.0;3.999633908E7
926;63 * -9;0.0;3.999632638E7
927;63 * -9;0.0;3.999629154E7
928;63 * -9;0.0;3.999624153E7
929;63 * -9;0.0;3.99962324E7
930;63 * -9;0.0;3.999629519E7
931;63 * -9;0.0;3.999629548E7
932;63 * -9;0.0;3.99962809E7
933;63 * -9;0.0;3.999632892E7
934;63 * -9;0.0;3.999632719E7
935;63 * -8;0.0;3.999623261E7
936;63 * -8;0.0;3.999625347E7
937;63 * -8;0.0;3.999618328E7
938;63 * -8;0.0;3.999627452E7
939;63 * -8;0.0;3.999626931E7
940;63 * -8;0.0;3.999626313E7
941;63 * -8;0.0;3.999616371E7
942;63 * -8;0.0;3.99961953E7
943;63 * -8;0.0;3.999617869E7
944;63 * -8;0.0;3.9996202E7
945;63 * -7;0.0;3.999627114E7
946;63 * -7;0.0;3.999622084E7
947;63 * -7;0.0;3.999623795E7
948;63 * -7;0.0;3.999629343E7
949;63 * -7;0.0;3.999623279E7
950;63 * -7;0.0;3.999627358E7
951;63 * -7;0.0;3.999618854E7
952;63 * -7;0.0;3.999617952E7
953;63 * -7;0.0;3.999624254E7
954;63 * -7;0.0;3.999623911E7
955;63 * -6;0.0;3.999614512E7
956;63 * -6;0.0;3.999614511E7
957;63 * -6;0.0;3.999624907E7
958;63 * -6;0.0;3.999641529E7
959;63 * -6;0.0;3.999628191E7
960;63 * -6;0.0;3.999616701E7
961;63 * -6;0.0;3.999617356E7
962;63 * -6;0.0;3.999607267E7
963;63 * -6;0.0;3.99962121E7
964;63 * -6;0.0;3.999624107E7
965;63 * -5;0.0;3.999605993E7
966;63 * -5;0.0;3.999623996E7
967;63 * -5;0.0;3.999623628E7
968;63 * -5;0.0;3.999631017E7
969;63 * -5;0.0;3.999621915E7
970;63 * -5;0.0;3.999617336E7
971;63 * -5;0.0;3.999617392E7
972;63 * -5;0.0;3.999614917E7
973;63 * -5;0.0;3.999618348E7
974;63 * -5;0.0;3.999609809E7
975;63 * -4;0.0;3.999624632E7
976;63 * -4;0.0;3.999604352E7
977;63 * -4;0.0;3.999598119E7
978;63 * -4;0.0;3.999620665E7
979;63 * -4;0.0;3.999615618E7
980;63 * -4;0.0;3.999619614E7
981;63 * -4;0.0;3.999619342E7
982;63 * -4;0.0;3.999619845E7
983;63 * -4;0.0;3.99961801E7
984;63 * -4;0.0;3.999617619E7
985;63 * -3;0.0;4.000502546E7
986;63 * -3;0.0;3.999631935E7
987;63 * -3;0.0;3.999619565E7
988;63 * -3;0.0;3.999621057E7
989;63 * -3;0.0;3.999620379E7
990;63 * -3;0.0;3.999628938E7
991;63 * -3;0.0;3.999615533E7
992;63 * -3;0.0;3.999631437E7
993;63 * -3;0.0;3.999613157E7
994;63 * -3;0.0;3.999604195E7
995;63 * -2;0.0;3.999619935E7
996;63 * -2;0.0;3.999621471E7
997;63 * -2;0.0;3.999619596E7
998;63 * -2;0.0;4.003621175E7
999;63 * -2;0.0;3.999600832E7
1000;63 * -2;0.0;3.999611188E7
1001;63 * -2;0.0;3.999628084E7
1002;63 * -2;0.0;3.999621678E7
1003;63 * -2;0.0;3.999608917E7
1004;63 * -2;0.0;3.999624368E7
1005;63 * -1;0.0;3.999624383E7
1006;63 * -1;0.0;3.999616515E7
1007;63 * -1;0.0;3.999620359E7
1008;63 * -1;0.0;3.999609666E7
1009;63 * -1;0.0;3.999608898E7
1010;63 * -1;0.0;3.999627717E7
1011;63 * -1;0.0;3.999605024E7
1012;63 * -1;0.0;3.999616726E7
1013;63 * -1;0.0;3.999608405E7
1014;63 * -1;0.0;3.999617625E7
1015;63 * -;0.0;3.999610287E7
1016;63 * -;0.0;3.999622192E7
1017;63 * -;0.0;3.999605229E7
1018;63 * -;0.0;3.999613347E7
1019;63 * -;0.0;3.999620149E7
1020;63 * -;0.0;3.999621265E7
1021;63 * -;0.0;3.999618518E7
1022;63 * -;0.0;3.999610167E7
1023;63 * -;0.0;3.999603146E7
1024;63 * ;0.0;3.999616925E7
1025;63 * ;0.0;3.999614157E7
1026;63 * ;0.0;3.999600693E7
1027;63 * ;0.0;3.999616696E7
1028;63 * ;0.0;3.999619947E7
1029;63 * ;0.0;3.999618074E7
1030;63 * ;0.0;3.999609687E7
1031;63 * ;0.0;3.999606841E7
1032;63 * ;0.0;3.999619336E7
1033;63 * ;0.0;3.99961125E7
1034;63 * 1;0.0;3.999618188E7
1035;63 * 1;0.0;3.99961752E7
1036;63 * 1;0.0;3.999613817E7
1037;63 * 1;0.0;3.999594964E7
1038;63 * 1;0.0;3.999613223E7
1039;63 * 1;0.0;3.99962001E7
1040;63 * 1;0.0;3.999610408E7
1041;63 * 1;0.0;3.999619911E7
1042;63 * 1;0.0;3.999594012E7
1043;63 * 1;0.0;3.999622674E7
1044;63 * 2;0.0;3.999618377E7
1045;63 * 2;0.0;3.999618856E7
1046;63 * 2;0.0;3.999607782E7
1047;63 * 2;0.0;3.999611975E7
1048;63 * 2;0.0;3.99961215E7
1049;63 * 2;0.0;3.999614204E7
1050;63 * 2;0.0;3.999629372E7
1051;63 * 2;0.0;3.99961242E7
1052;63 * 2;0.0;3.999611356E7
1053;63 * 2;0.0;3.999609222E7
1054;63 * 3;0.0;3.999620789E7
1055;63 * 3;0.0;3.999607027E7
1056;63 * 3;0.0;3.999609823E7
1057;63 * 3;0.0;3.999614427E7
1058;63 * 3;0.0;3.99961346E7
1059;63 * 3;0.0;3.99961584E7
1060;63 * 3;0.0;3.999602375E7
1061;63 * 3;0.0;3.999613276E7
1062;63 * 3;0.0;3.999615354E7
1063;63 * 3;0.0;3.999619057E7
1064;63 * 4;0.0;3.999609339E7
1065;63 * 4;0.0;3.999614465E7
1066;63 * 4;0.0;3.999595663E7
1067;63 * 4;0.0;3.999614635E7
1068;63 * 4;0.0;3.999620505E7
1069;63 * 4;0.0;3.999608416E7
1070;63 * 4;0.0;3.999608976E7
1071;63 * 4;0.0;3.999603563E7
1072;63 * 4;0.0;3.999602427E7
1073;63 * 4;0.0;3.999614026E7
1074;63 * 5;0.0;3.999608507E7
1075;63 * 5;0.0;3.999616812E7
1076;63 * 5;0.0;3.999585106E7
1077;63 * 5;0.0;3.999614484E7
1078;63 * 5;0.0;3.999602739E7
1079;63 * 5;0.0;3.999607112E7
1080;63 * 5;0.0;3.99961207E7
1081;63 * 5;0.0;3.999603653E7
1082;63 * 5;0.0;3.999610406E7
1083;63 * 5;0.0;3.999621394E7
1084;63 * 6;0.0;3.999624839E7
1085;63 * 6;0.0;3.999610108E7
1086;63 * 6;0.0;3.999597282E7
1087;63 * 6;0.0;3.99960692E7
1088;63 * 6;0.0;3.999608795E7
1089;63 * 6;0.0;3.999602499E7
1090;63 * 6;0.0;3.999602146E7
1091;63 * 6;0.0;3.999613255E7
1092;63 * 6;0.0;3.999605965E7
1093;63 * 6;0.0;3.999622839E7
1094;63 * 7;0.0;3.999610411E7
1095;63 * 7;0.0;3.999605883E7
1096;63 * 7;0.0;3.999605336E7
1097;63 * 7;0.0;3.999606592E7
1098;63 * 7;0.0;3.999606E7
1099;63 * 7;0.0;3.99960151E7
1100;63 * 7;0.0;3.999607846E7
1101;63 * 7;0.0;3.999606438E7
1102;63 * 7;0.0;3.999599326E7
1103;63 * 7;0.0;3.999607746E7
1104;63 * 8;0.0;3.999608609E7
1105;63 * 8;0.0;3.999611958E7
1106;63 * 8;0.0;3.999608194E7
1107;63 * 8;0.0;3.999606628E7
1108;63 * 8;0.0;3.999603732E7
1109;63 * 8;0.0;3.999594216E7
1110;63 * 8;0.0;3.999612661E7
1111;63 * 8;0.0;3.999606525E7
1112;63 * 8;0.0;3.999594289E7
1113;63 * 8;0.0;3.999610682E7
1114;63 * 9;0.0;3.99873567E7
1115;63 * 9;0.0;3.999606703E7
1116;63 * 9;0.0;3.999605216E7
1117;63 * 9;0.0;3.999571768E7
1118;63 * 9;0.0;3.999592167E7
1119;63 * 9;0.0;3.999612531E7
1120;63 * 9;0.0;3.999599089E7
1121;63 * 9;0.0;3.999612175E7
1122;63 * 9;0.0;3.999602495E7
1123;63 * 9;0.0;3.999591724E7
1124;63 * 10;0.0;3.999610425E7
1125;63 * 10;0.0;3.999610022E7
1126;63 * 10;0.0;3.999587044E7
1127;63 * 10;0.0;3.999600011E7
1128;63 * 10;0.0;4.000473024E7
1129;63 * 10;0.0;3.999608829E7
1130;63 * 10;0.0;3.999602125E7
1131;63 * 10;0.0;3.999611225E7
1132;63 * 10;0.0;3.999623194E7
1133;63 * 10;0.0;3.999596575E7
1134;63 * 11;0.0;3.999610717E7
1135;63 * 11;0.0;3.999613144E7
1136;63 * 11;0.0;3.999607333E7
1137;63 * 11;0.0;3.999608035E7
1138;63 * 11;0.0;3.999616542E7
1139;63 * 11;0.0;3.999603713E7
1140;63 * 11;0.0;3.999603202E7
1141;63 * 11;0.0;3.999616682E7
1142;63 * 11;0.0;3.999609395E7
1143;63 * 11;0.0;3.999605017E7
1144;63 * 12;0.0;3.999610669E7
1145;63 * 12;0.0;3.9996081E7
1146;63 * 12;0.0;3.999584556E7
1147;63 * 12;0.0;3.999604402E7
1148;63 * 12;0.0;3.999600555E7
1149;63 * 12;0.0;3.99959743E7
1150;63 * 12;0.0;3.999599845E7
1151;63 * 12;0.0;3.999604186E7
1152;63 * 12;0.0;3.999603954E7
1153;63 * 12;0.0;3.9996024E7
1154;63 * 13;0.0;3.999602276E7
1155;63 * 13;0.0;3.999592644E7
1156;63 * 13;0.0;3.99960736E7
1157;63 * 13;0.0;3.999599257E7
1158;63 * 13;0.0;3.999613616E7
1159;63 * 13;0.0;3.999612928E7
1160;63 * 13;0.0;3.999601793E7
1161;63 * 13;0.0;3.99959459E7
1162;63 * 13;0.0;3.99960257E7
1163;63 * 13;0.0;3.999603237E7
1164;63 * 14;0.0;3.999596745E7
1165;63 * 14;0.0;3.999600575E7
1166;63 * 14;0.0;3.999599361E7
1167;63 * 14;0.0;3.999595277E7
1168;63 * 14;0.0;3.999596653E7
1169;63 * 14;0.0;3.999602197E7
1170;63 * 14;0.0;3.999593652E7
1171;63 * 14;0.0;3.999595417E7
1172;63 * 14;0.0;3.99960553E7
1173;63 * 14;0.0;3.999606578E7
1174;63 * 15;0.0;3.999598294E7
1175;63 * 15;0.0;3.999606846E7
1176;63 * 15;0.0;3.99959014E7
1177;63 * 15;0.0;3.999631933E7
1178;63 * 15;0.0;3.999606126E7
1179;63 * 15;0.0;3.999600331E7
1180;63 * 15;0.0;3.999589325E7
1181;63 * 15;0.0;3.999608902E7
1182;63 * 15;0.0;3.999596831E7
1183;63 * 15;0.0;3.999597842E7
1184;63 * 16;0.0;3.999614461E7
1185;63 * 16;0.0;3.999586923E7
1186;63 * 16;0.0;3.999597283E7
1187;63 * 16;0.0;3.999601979E7
1188;63 * 16;0.0;3.999605943E7
1189;63 * 16;0.0;3.999584886E7
1190;63 * 16;0.0;3.999603768E7
1191;63 * 16;0.0;3.999599604E7
1192;63 * 16;0.0;3.999608797E7
1193;63 * 16;0.0;3.999601625E7
1194;63 * 17;0.0;3.9995961E7
1195;63 * 17;0.0;3.9995957E7
1196;63 * 17;0.0;3.999576514E7
1197;63 * 17;0.0;3.999598645E7
1198;63 * 17;0.0;3.999590186E7
1199;63 * 17;0.0;3.999597252E7
1200;63 * 17;0.0;3.999589544E7
1201;63 * 17;0.0;3.999598672E7
1202;63 * 17;0.0;3.99958472E7
1203;63 * 17;0.0;3.999595266E7
1204;63 * 18;0.0;3.999592451E7
1205;63 * 18;0.0;3.999606137E7
1206;63 * 18;0.0;3.999588749E7
1207;63 * 18;0.0;3.999595946E7
1208;63 * 18;0.0;3.99959448E7
1209;63 * 18;0.0;3.999583587E7
1210;63 * 18;0.0;3.999595468E7
1211;63 * 18;0.0;3.999594096E7
1212;63 * 18;0.0;3.999592773E7
1213;63 * 18;0.0;3.99959926E7
1214;63 * 19;0.0;3.999594054E7
1215;63 * 19;0.0;3.999597371E7
1216;63 * 19;0.0;3.99959511E7
1217;63 * 19;0.0;3.99959272E7
1218;63 * 19;0.0;3.999608002E7
1219;63 * 19;0.0;3.999602483E7
1220;63 * 19;0.0;3.999596326E7
1221;63 * 19;0.0;3.999591269E7
1222;63 * 19;0.0;3.99959862E7
1223;63 * 19;0.0;3.999619132E7
1224;63 * 20;0.0;3.999590678E7
1225;63 * 20;0.0;3.99959391E7
1226;63 * 20;0.0;3.999592736E7
1227;63 * 20;0.0;3.999587442E7
1228;63 * 20;0.0;3.999591211E7
1229;63 * 20;0.0;3.999595252E7
1230;63 * 20;0.0;3.999582285E7
1231;63 * 20;0.0;3.999600502E7
1232;63 * 20;0.0;3.999593E7
1233;63 * 20;0.0;3.999598358E7
1234;63 * 21;0.0;3.999597749E7
1235;63 * 21;0.0;3.99959785E7
1236;63 * 21;0.0;3.999591191E7
1237;63 * 21;0.0;3.99959848E7
1238;63 * 21;0.0;3.999575812E7
1239;63 * 21;0.0;3.999598631E7
1240;63 * 21;0.0;3.999601425E7
1241;63 * 21;0.0;3.999581214E7
1242;63 * 21;0.0;3.999596569E7
1243;63 * 21;0.0;3.999578524E7
1244;63 * 22;0.0;3.99959003E7
1245;63 * 22;0.0;3.998725939E7
1246;63 * 22;0.0;3.999595865E7
1247;63 * 22;0.0;3.999589054E7
1248;63 * 22;0.0;3.999597774E7
1249;63 * 22;0.0;3.999593455E7
1250;63 * 22;0.0;3.999597871E7
1251;63 * 22;0.0;3.999574654E7
1252;63 * 22;0.0;3.999589025E7
1253;63 * 22;0.0;3.999593537E7
1254;63 * 23;0.0;3.99958952E7
1255;63 * 23;0.0;3.999604176E7
1256;63 * 23;0.0;3.999593047E7
1257;63 * 23;0.0;3.999582586E7
1258;63 * 23;0.0;3.999594495E7
1259;63 * 23;0.0;3.999594718E7
1260;63 * 23;0.0;3.999590823E7
1261;63 * 23;0.0;3.999573465E7
1262;63 * 23;0.0;3.999591265E7
1263;63 * 23;0.0;3.999587519E7
1264;63 * 24;0.0;3.999595395E7
1265;63 * 24;0.0;3.999591429E7
1266;63 * 24;0.0;3.999573905E7
1267;63 * 24;0.0;3.999594672E7
1268;63 * 24;0.0;3.999599706E7
1269;63 * 24;0.0;3.999582146E7
1270;63 * 24;0.0;3.999596141E7
1271;63 * 24;0.0;3.999576998E7
1272;63 * 24;0.0;3.999587887E7
1273;63 * 24;0.0;3.999596459E7
1274;63 * 25;0.0;3.999586245E7
1275;63 * 25;0.0;3.999589171E7
1276;63 * 25;0.0;3.999595854E7
1277;63 * 25;0.0;3.999586636E7
1278;63 * 25;0.0;3.998725748E7
1279;63 * 25;0.0;3.999579423E7
1280;63 * 25;0.0;3.999592992E7
1281;63 * 25;0.0;3.999580474E7
1282;63 * 25;0.0;3.999589162E7
1283;63 * 25;0.0;3.999590812E7
1284;63 * 26;0.0;3.99958114E7
1285;63 * 26;0.0;3.999595456E7
1286;63 * 26;0.0;3.99960002E7
1287;63 * 26;0.0;3.999580427E7
1288;63 * 26;0.0;3.9995701E7
1289;63 * 26;0.0;3.999594658E7
1290;63 * 26;0.0;3.999574364E7
1291;63 * 26;0.0;3.999584958E7
1292;63 * 26;0.0;4.000450934E7
1293;63 * 26;0.0;3.999606847E7
1294;63 * 27;0.0;3.999593026E7
1295;63 * 27;0.0;3.999581278E7
1296;63 * 27;0.0;3.999582881E7
1297;63 * 27;0.0;3.999588166E7
1298;63 * 27;0.0;3.999584941E7
1299;63 * 27;0.0;3.999592843E7
1300;63 * 27;0.0;3.999592343E7
1301;63 * 27;0.0;3.999591561E7
1302;63 * 27;0.0;3.99959097E7
1303;63 * 27;0.0;3.999580215E7
1304;63 * 28;0.0;3.999588298E7
1305;63 * 28;0.0;3.999592296E7
1306;63 * 28;0.0;3.999597481E7
1307;63 * 28;0.0;3.999584962E7
1308;63 * 28;0.0;3.999581149E7
1309;63 * 28;0.0;3.999594321E7
1310;63 * 28;0.0;3.999576726E7
1311;63 * 28;0.0;3.999588611E7
1312;63 * 28;0.0;3.999584172E7
1313;63 * 28;0.0;3.999596718E7
1314;63 * 29;0.0;3.999589367E7
1315;63 * 29;0.0;3.999584076E7
1316;63 * 29;0.0;3.999585143E7
1317;63 * 29;0.0;3.999593032E7
1318;63 * 29;0.0;3.999594084E7
1319;63 * 29;0.0;3.999586203E7
1320;63 * 29;0.0;3.999583087E7
1321;63 * 29;0.0;3.999596182E7
1322;63 * 29;0.0;3.999589932E7
1323;63 * 29;0.0;3.999590093E7
1324;63 * 30;0.0;3.999580376E7
1325;63 * 30;0.0;3.99957874E7
1326;63 * 30;0.0;3.999583893E7
1327;63 * 30;0.0;3.999583617E7
1328;63 * 30;0.0;3.999579938E7
1329;63 * 30;0.0;3.999586111E7
1330;63 * 30;0.0;3.999593896E7
1331;63 * 30;0.0;3.999597053E7
1332;63 * 30;0.0;3.999586813E7
1333;63 * 30;0.0;3.999588454E7
1334;63 * 31;0.0;3.999583644E7
1335;63 * 31;0.0;3.999581865E7
1336;63 * 31;0.0;3.999582726E7
1337;63 * 31;0.0;3.999574803E7
1338;63 * 31;0.0;3.999583036E7
1339;63 * 31;0.0;3.999586524E7
1340;63 * 31;0.0;3.999573046E7
1341;63 * 31;0.0;3.999591078E7
1342;63 * 31;0.0;3.999585184E7
1343;63 * 31;0.0;3.999590673E7
1344;63 * 32;0.0;3.999587E7
1345;63 * 32;0.0;3.999580314E7
1346;63 * 32;0.0;3.99957012E7
1347;63 * 32;0.0;3.999585249E7
1348;63 * 32;0.0;3.999572514E7
1349;63 * 32;0.0;3.999581625E7
1350;63 * 32;0.0;3.999595633E7
1351;63 * 32;0.0;3.999590427E7
1352;63 * 32;0.0;3.999589928E7
1353;63 * 32;0.0;3.999572871E7
1354;63 * 33;0.0;3.999578752E7
1355;63 * 33;0.0;3.999576184E7
1356;63 * 33;0.0;3.999574781E7
1357;63 * 33;0.0;3.999587199E7
1358;63 * 33;0.0;3.999580599E7
1359;63 * 33;0.0;3.999597267E7
1360;63 * 33;0.0;3.999585454E7
1361;63 * 33;0.0;3.999582926E7
1362;63 * 33;0.0;3.99958051E7
1363;63 * 33;0.0;3.999586856E7
1364;63 * 34;0.0;3.999569414E7
1365;63 * 34;0.0;3.999582061E7
1366;63 * 34;0.0;3.999575173E7
1367;63 * 34;0.0;3.999580614E7
1368;63 * 34;0.0;3.999585532E7
1369;63 * 34;0.0;3.999583884E7
1370;63 * 34;0.0;3.999567855E7
1371;63 * 34;0.0;3.999569068E7
1372;63 * 34;0.0;3.999577701E7
1373;63 * 34;0.0;3.999576068E7
1374;63 * 35;0.0;3.999576485E7
1375;63 * 35;0.0;3.999582297E7
1376;63 * 35;0.0;3.999585873E7
1377;63 * 35;0.0;3.999576721E7
1378;63 * 35;0.0;3.999580755E7
1379;63 * 35;0.0;3.999575285E7
1380;63 * 35;0.0;3.999576124E7
1381;63 * 35;0.0;3.999577457E7
1382;63 * 35;0.0;3.999591136E7
1383;63 * 35;0.0;3.999572013E7
1384;63 * 36;0.0;3.999574462E7
1385;63 * 36;0.0;3.999572297E7
1386;63 * 36;0.0;3.999580397E7
1387;63 * 36;0.0;3.999579384E7
1388;63 * 36;0.0;3.999578611E7
1389;63 * 36;0.0;3.999569874E7
1390;63 * 36;0.0;3.999575633E7
1391;63 * 36;0.0;3.99956643E7
1392;63 * 36;0.0;3.999579713E7
1393;63 * 36;0.0;3.999586062E7
1394;63 * 37;0.0;3.999579227E7
1395;63 * 37;0.0;3.999577884E7
1396;63 * 37;0.0;3.999582064E7
1397;63 * 37;0.0;3.999578861E7
1398;63 * 37;0.0;3.999578505E7
1399;63 * 37;0.0;3.999569344E7
1400;63 * 37;0.0;3.999570859E7
1401;63 * 37;0.0;3.999564551E7
1402;63 * 37;0.0;3.999574186E7
1403;63 * 37;0.0;3.999574634E7
1404;63 * 38;0.0;3.99956994E7
1405;63 * 38;0.0;3.999568131E7
1406;63 * 38;0.0;3.99957336E7
1407;63 * 38;0.0;3.99957349E7
1408;63 * 38;0.0;3.999575369E7
1409;63 * 38;0.0;3.999580112E7
1410;63 * 38;0.0;3.999569201E7
1411;63 * 38;0.0;3.999564143E7
1412;63 * 38;0.0;3.999582987E7
1413;63 * 38;0.0;3.999573711E7
1414;63 * 39;0.0;3.999554265E7
1415;63 * 39;0.0;3.999575495E7
1416;63 * 39;0.0;3.999576812E7
1417;63 * 39;0.0;3.999561495E7
1418;63 * 39;0.0;3.999574957E7
1419;63 * 39;0.0;3.999576093E7
1420;63 * 39;0.0;3.99955933E7
1421;63 * 39;0.0;3.999580105E7
1422;63 * 39;0.0;3.999581508E7
1423;63 * 39;0.0;3.999572552E7
1424;63 * 40;0.0;3.99956774E7
1425;63 * 40;0.0;3.999582137E7
1426;63 * 40;0.0;3.999555909E7
1427;63 * 40;0.0;3.999564568E7
1428;63 * 40;0.0;3.999573156E7
1429;63 * 40;0.0;3.999572166E7
1430;63 * 40;0.0;3.999536716E7
1431;63 * 40;0.0;3.99956299E7
1432;63 * 40;0.0;3.99957534E7
1433;63 * 40;0.0;3.999584295E7
1434;63 * 41;0.0;3.999581767E7
1435;63 * 41;0.0;3.999584347E7
1436;63 * 41;0.0;3.999576132E7
1437;63 * 41;0.0;3.999575993E7
1438;63 * 41;0.0;3.999573179E7
1439;63 * 41;0.0;3.999562332E7
1440;63 * 41;0.0;3.999578803E7
1441;63 * 41;0.0;3.999574325E7
1442;63 * 41;0.0;3.998711487E7
1443;63 * 41;0.0;3.99956332E7
1444;63 * 42;0.0;3.999575991E7
1445;63 * 42;0.0;3.999555544E7
1446;63 * 42;0.0;3.999561583E7
1447;63 * 42;0.0;3.999556302E7
1448;63 * 42;0.0;3.999567658E7
1449;63 * 42;0.0;3.999579365E7
1450;63 * 42;0.0;3.999571328E7
1451;63 * 42;0.0;3.999563989E7
1452;63 * 42;0.0;3.999572693E7
1453;63 * 42;0.0;3.999570124E7
1454;63 * 43;0.0;3.999571628E7
1455;63 * 43;0.0;3.999572107E7
1456;63 * 43;0.0;4.000452751E7
1457;63 * 43;0.0;3.999579839E7
1458;63 * 43;0.0;3.99956731E7
1459;63 * 43;0.0;3.999579231E7
1460;63 * 43;0.0;3.999585244E7
1461;63 * 43;0.0;3.999571949E7
1462;63 * 43;0.0;3.999577261E7
1463;63 * 43;0.0;3.999567421E7
1464;63 * 44;0.0;3.999586208E7
1465;63 * 44;0.0;3.999570533E7
1466;63 * 44;0.0;3.999564675E7
1467;63 * 44;0.0;3.999573529E7
1468;63 * 44;0.0;3.999574375E7
1469;63 * 44;0.0;3.999577844E7
1470;63 * 44;0.0;3.999571227E7
1471;63 * 44;0.0;3.999570123E7
1472;63 * 44;0.0;3.999568782E7
1473;63 * 44;0.0;3.99956725E7
1474;63 * 45;0.0;3.99956535E7
1475;63 * 45;0.0;3.999572024E7
1476;63 * 45;0.0;3.999570291E7
1477;63 * 45;0.0;3.999564703E7
1478;63 * 45;0.0;3.999572845E7
1479;63 * 45;0.0;3.999567454E7
1480;63 * 45;0.0;3.99956584E7
1481;63 * 45;0.0;3.999565464E7
1482;63 * 45;0.0;3.999564715E7
1483;63 * 45;0.0;3.999570649E7
1484;63 * 46;0.0;3.999571573E7
1485;63 * 46;0.0;3.99958606E7
1486;63 * 46;0.0;3.999572984E7
1487;63 * 46;0.0;3.999572944E7
1488;63 * 46;0.0;3.999568264E7
1489;63 * 46;0.0;3.999565219E7
1490;63 * 46;0.0;3.999572895E7
1491;63 * 46;0.0;3.999565681E7
1492;63 * 46;0.0;3.999561962E7
1493;63 * 46;0.0;3.999586193E7
1494;63 * 47;0.0;3.999557432E7
1495;63 * 47;0.0;3.999565573E7
1496;63 * 47;0.0;3.999569181E7
1497;63 * 47;0.0;3.999566435E7
1498;63 * 47;0.0;3.999562454E7
1499;63 * 47;0.0;3.999566697E7
1500;63 * 47;0.0;3.999563692E7
1501;63 * 47;0.0;3.999563947E7
1502;63 * 47;0.0;3.999566682E7
1503;63 * 47;0.0;3.999565994E7
1504;63 * 48;0.0;3.999564539E7
1505;63 * 48;0.0;3.999563973E7
1506;63 * 48;0.0;3.999571918E7
1507;63 * 48;0.0;3.999573009E7
1508;63 * 48;0.0;3.999572225E7
1509;63 * 48;0.0;3.999572591E7
1510;63 * 48;0.0;3.9995619E7
1511;63 * 48;0.0;3.999570286E7
1512;63 * 48;0.0;3.999565754E7
1513;63 * 48;0.0;3.999561817E7
1514;63 * 49;0.0;3.999548433E7
1515;63 * 49;0.0;3.999550315E7
1516;63 * 49;0.0;3.999580743E7
1517;63 * 49;0.0;3.999566084E7
1518;63 * 49;0.0;3.999572785E7
1519;63 * 49;0.0;3.999561983E7
1520;63 * 49;0.0;3.999565115E7
1521;63 * 49;0.0;3.999561842E7
1522;63 * 49;0.0;3.999563696E7
1523;63 * 49;0.0;3.999545223E7
1524;63 * 50;0.0;3.999568388E7
1525;63 * 50;0.0;3.999562888E7
1526;63 * 50;0.0;3.999571208E7
1527;63 * 50;0.0;3.999549752E7
1528;63 * 50;0.0;3.999562881E7
1529;63 * 50;0.0;3.999565369E7
1530;63 * 50;0.0;3.999560316E7
1531;63 * 50;0.0;3.999564456E7
1532;63 * 50;0.0;3.99956552E7
1533;63 * 50;0.0;3.999556136E7
1534;63 * 51;0.0;3.99956177E7
1535;63 * 51;0.0;3.999559766E7
1536;63 * 51;0.0;3.999568134E7
1537;63 * 51;0.0;3.999572582E7
1538;63 * 51;0.0;3.999564533E7
1539;63 * 51;0.0;3.999564982E7
1540;63 * 51;0.0;3.999563523E7
1541;63 * 51;0.0;3.999562056E7
1542;63 * 51;0.0;3.999566212E7
1543;63 * 51;0.0;3.999568335E7
1544;63 * 52;0.0;3.999557654E7
1545;63 * 52;0.0;3.999566928E7
1546;63 * 52;0.0;3.999576941E7
1547;63 * 52;0.0;3.999549282E7
1548;63 * 52;0.0;3.999546508E7
1549;63 * 52;0.0;3.999563098E7
1550;63 * 52;0.0;3.999567781E7
1551;63 * 52;0.0;3.999560585E7
1552;63 * 52;0.0;3.999568251E7
1553;63 * 52;0.0;3.999558934E7
1554;63 * 53;0.0;3.999559827E7
1555;63 * 53;0.0;3.999568801E7
1556;63 * 53;0.0;3.999564086E7
1557;63 * 53;0.0;3.999560077E7
1558;63 * 53;0.0;3.999560413E7
1559;63 * 53;0.0;3.999571869E7
1560;63 * 53;0.0;3.999562232E7
1561;63 * 53;0.0;3.999560633E7
1562;63 * 53;0.0;3.999562992E7
1563;63 * 53;0.0;3.999559987E7
1564;63 * 54;0.0;3.999548241E7
1565;63 * 54;0.0;3.999564977E7
1566;63 * 54;0.0;3.999560945E7
1567;63 * 54;0.0;3.999563508E7
1568;63 * 54;0.0;3.999559974E7
1569;63 * 54;0.0;3.999564368E7
1570;63 * 54;0.0;3.999559092E7
1571;63 * 54;0.0;3.999558111E7
1572;63 * 54;0.0;3.999543297E7
1573;63 * 54;0.0;3.999545299E7
1574;63 * 55;0.0;3.999560571E7
1575;63 * 55;0.0;3.999560263E7
1576;63 * 55;0.0;3.999569123E7
1577;63 * 55;0.0;3.999563805E7
1578;63 * 55;0.0;3.999561684E7
1579;63 * 55;0.0;3.999559152E7
1580;63 * 55;0.0;3.999558004E7
1581;63 * 55;0.0;3.999558642E7
1582;63 * 55;0.0;3.999559622E7
1583;63 * 55;0.0;3.999560714E7
1584;63 * 56;0.0;3.999551449E7
1585;63 * 56;0.0;3.999548307E7
1586;63 * 56;0.0;3.999548803E7
1587;63 * 56;0.0;3.999551438E7
1588;63 * 56;0.0;3.999559787E7
1589;63 * 56;0.0;3.999566679E7
1590;63 * 56;0.0;3.999559354E7
1591;63 * 56;0.0;3.999550238E7
1592;63 * 56;0.0;3.9995589E7
1593;63 * 56;0.0;3.999569794E7
1594;63 * 57;0.0;3.999555839E7
1595;63 * 57;0.0;3.99956169E7
1596;63 * 57;0.0;3.999559264E7
1597;63 * 57;0.0;3.999556884E7
1598;63 * 57;0.0;3.999560545E7
1599;63 * 57;0.0;3.999562826E7
1600;63 * 57;0.0;3.999555147E7
1601;63 * 57;0.0;3.999554242E7
1602;63 * 57;0.0;3.999554534E7
1603;63 * 57;0.0;3.999546094E7
1604;63 * 58;0.0;3.999538247E7
1605;63 * 58;0.0;3.999548023E7
1606;63 * 58;0.0;3.998684892E7
1607;63 * 58;0.0;3.999557487E7
1608;63 * 58;0.0;3.999551945E7
1609;63 * 58;0.0;3.999547292E7
1610;63 * 58;0.0;3.999555753E7
1611;63 * 58;0.0;3.999555586E7
1612;63 * 58;0.0;3.999552024E7
1613;63 * 58;0.0;3.999557406E7
1614;63 * 59;0.0;3.999559838E7
1615;63 * 59;0.0;3.999555884E7
1616;63 * 59;0.0;3.999542683E7
1617;63 * 59;0.0;3.999549735E7
1618;63 * 59;0.0;3.999557994E7
1619;63 * 59;0.0;3.999557832E7
1620;63 * 59;0.0;4.00042366E7
1621;63 * 59;0.0;3.999558097E7
1622;63 * 59;0.0;3.999548712E7
1623;63 * 59;0.0;3.99954683E7
1624;63 * 60;0.0;3.999561286E7
1625;63 * 60;0.0;3.999560233E7
1626;63 * 60;0.0;3.999549228E7
1627;63 * 60;0.0;3.999560474E7
1628;63 * 60;0.0;3.999550883E7
1629;63 * 60;0.0;3.999576486E7
1630;63 * 60;0.0;3.999553983E7
1631;63 * 60;0.0;3.999545115E7
1632;63 * 60;0.0;3.99955567E7
1633;63 * 60;0.0;3.999562551E7
1634;63 * 61;0.0;3.999558291E7
1635;63 * 61;0.0;3.999552329E7
1636;63 * 61;0.0;3.999551151E7
1637;63 * 61;0.0;3.999557565E7
1638;63 * 61;0.0;3.99954705E7
1639;63 * 61;0.0;3.999555287E7
1640;63 * 61;0.0;3.999545022E7
1641;63 * 61;0.0;3.999553678E7
1642;63 * 61;0.0;3.999555732E7
1643;63 * 61;0.0;3.999565203E7
1644;63 * 62;0.0;3.999556107E7
1645;63 * 62;0.0;3.999554539E7
1646;63 * 62;0.0;3.999551341E7
1647;63 * 62;0.0;3.999546752E7
1648;63 * 62;0.0;3.999556243E7
1649;63 * 62;0.0;3.999541632E7
1650;63 * 62;0.0;3.999567125E7
1651;63 * 62;0.0;3.999557437E7
1652;63 * 62;0.0;3.999553277E7
1653;63 * 62;0.0;3.999529602E7
1654;63 * 63;0.0;3.999554206E7
1655;63 * 63;0.0;3.999518102E7
1656;63 * 63;0.0;3.999547339E7
1657;63 * 63;0.0;3.999551786E7
1658;63 * 63;0.0;3.999545165E7
1659;63 * 63;0.0;3.999552049E7
1660;63 * 63;0.0;3.999550001E7
1661;63 * 63;0.0;3.999539103E7
1662;63 * 63;0.0;3.999538476E7
1663;63 * 63;0.0;3.999552739E7
1664;63 * 64;0.0;3.999550262E7
1665;63 * 64;0.0;3.999553271E7
1666;63 * 64;0.0;3.999545841E7
1667;63 * 64;0.0;3.999551449E7
1668;63 * 64;0.0;3.999551551E7
1669;63 * 64;0.0;3.999555199E7
1670;63 * 64;0.0;3.999550059E7
1671;63 * 64;0.0;3.999545598E7
1672;63 * 64;0.0;3.999551506E7
1673;63 * 64;0.0;3.999553249E7
1674;63 * 65;0.0;3.999552798E7
1675;63 * 65;0.0;3.99955892E7
1676;63 * 65;0.0;3.999553291E7
1677;63 * 65;0.0;3.999544578E7
1678;63 * 65;0.0;3.99953093E7
1679;63 * 65;0.0;3.999546478E7
1680;63 * 65;0.0;3.999573616E7
1681;63 * 65;0.0;3.999551682E7
1682;63 * 65;0.0;3.999549838E7
1683;63 * 65;0.0;3.999550927E7
1684;63 * 66;0.0;3.999553164E7
1685;63 * 66;0.0;3.999539273E7
1686;63 * 66;0.0;3.999548434E7
1687;63 * 66;0.0;3.999548009E7
1688;63 * 66;0.0;3.999551402E7
1689;63 * 66;0.0;3.99955606E7
1690;63 * 66;0.0;3.999546188E7
1691;63 * 66;0.0;3.999545792E7
1692;63 * 66;0.0;3.999546209E7
1693;63 * 66;0.0;3.999557876E7
1694;63 * 67;0.0;3.999551628E7
1695;63 * 67;0.0;3.999553662E7
1696;63 * 67;0.0;3.999535403E7
1697;63 * 67;0.0;3.999555733E7
1698;63 * 67;0.0;3.999546607E7
1699;63 * 67;0.0;3.999546326E7
1700;63 * 67;0.0;3.999554221E7
1701;63 * 67;0.0;3.999536732E7
1702;63 * 67;0.0;3.999541631E7
1703;63 * 67;0.0;3.999549663E7
1704;63 * 68;0.0;3.999546893E7
1705;63 * 68;0.0;3.99954634E7
1706;63 * 68;0.0;3.999552306E7
1707;63 * 68;0.0;3.99954414E7
1708;63 * 68;0.0;3.999553389E7
1709;63 * 68;0.0;3.999548161E7
1710;63 * 68;0.0;3.999554527E7
1711;63 * 68;0.0;3.999556292E7
1712;63 * 68;0.0;3.999545005E7
1713;63 * 68;0.0;3.999545585E7
1714;63 * 69;0.0;3.999536366E7
1715;63 * 69;0.0;3.999540969E7
1716;63 * 69;0.0;3.9995492E7
1717;63 * 69;0.0;3.999577267E7
1718;63 * 69;0.0;3.999538235E7
1719;63 * 69;0.0;3.999542405E7
1720;63 * 69;0.0;3.999532941E7
1721;63 * 69;0.0;3.999542732E7
1722;63 * 69;0.0;3.999544243E7
1723;63 * 69;0.0;3.999552297E7
1724;63 * 70;0.0;3.999541227E7
1725;63 * 70;0.0;3.999539364E7
1726;63 * 70;0.0;3.999537924E7
1727;63 * 70;0.0;3.9995467E7
1728;63 * 70;0.0;3.999532846E7
1729;63 * 70;0.0;3.999548307E7
1730;63 * 70;0.0;3.999546078E7
1731;63 * 70;0.0;3.999542951E7
1732;63 * 70;0.0;3.999545436E7
1733;63 * 70;0.0;3.999535946E7
1734;63 * 71;0.0;3.999544998E7
1735;63 * 71;0.0;3.999538397E7
1736;63 * 71;0.0;3.999537136E7
1737;63 * 71;0.0;3.999539947E7
1738;63 * 71;0.0;3.999543649E7
1739;63 * 71;0.0;3.999543298E7
1740;63 * 71;0.0;3.99954442E7
1741;63 * 71;0.0;3.999546912E7
1742;63 * 71;0.0;3.999547971E7
1743;63 * 71;0.0;3.999546795E7
1744;63 * 72;0.0;3.99954242E7
1745;63 * 72;0.0;3.999541543E7
1746;63 * 72;0.0;3.999540391E7
1747;63 * 72;0.0;3.999539702E7
1748;63 * 72;0.0;3.999540717E7
1749;63 * 72;0.0;3.999544219E7
1750;63 * 72;0.0;3.999540728E7
1751;63 * 72;0.0;3.999542102E7
1752;63 * 72;0.0;3.999536888E7
1753;63 * 72;0.0;3.999539598E7
1754;63 * 73;0.0;3.99953086E7
1755;63 * 73;0.0;3.999539538E7
1756;63 * 73;0.0;3.999547749E7
1757;63 * 73;0.0;3.999543478E7
1758;63 * 73;0.0;3.999534171E7
1759;63 * 73;0.0;3.999546006E7
1760;63 * 73;0.0;3.999536642E7
1761;63 * 73;0.0;3.999527143E7
1762;63 * 73;0.0;3.999543658E7
1763;63 * 73;0.0;3.999541212E7
1764;63 * 74;0.0;3.999545297E7
1765;63 * 74;0.0;3.999545961E7
1766;63 * 74;0.0;3.999535854E7
1767;63 * 74;0.0;3.999534508E7
1768;63 * 74;0.0;3.999546196E7
1769;63 * 74;0.0;3.999542331E7
1770;63 * 74;0.0;3.998655399E7
1771;63 * 74;0.0;3.999535797E7
1772;63 * 74;0.0;3.999529277E7
1773;63 * 74;0.0;3.999528474E7
1774;63 * 75;0.0;3.999536534E7
1775;63 * 75;0.0;3.999539775E7
1776;63 * 75;0.0;3.99952202E7
1777;63 * 75;0.0;3.999541003E7
1778;63 * 75;0.0;3.999542611E7
1779;63 * 75;0.0;3.999530739E7
1780;63 * 75;0.0;3.999531803E7
1781;63 * 75;0.0;3.999541647E7
1782;63 * 75;0.0;3.999520612E7
1783;63 * 75;0.0;3.999529196E7
1784;63 * 76;0.0;4.000396304E7
1785;63 * 76;0.0;3.999547149E7
1786;63 * 76;0.0;3.999535986E7
1787;63 * 76;0.0;3.999543195E7
1788;63 * 76;0.0;3.999548845E7
1789;63 * 76;0.0;3.999553833E7
1790;63 * 76;0.0;3.999534146E7
1791;63 * 76;0.0;3.999546614E7
1792;63 * 76;0.0;3.999541421E7
1793;63 * 76;0.0;3.999549078E7
1794;63 * 77;0.0;3.999549661E7
1795;63 * 77;0.0;3.999542886E7
1796;63 * 77;0.0;3.999536638E7
1797;63 * 77;0.0;3.99953872E7
1798;63 * 77;0.0;3.999539717E7
1799;63 * 77;0.0;3.999545813E7
1800;63 * 77;0.0;3.999543773E7
1801;63 * 77;0.0;3.999524332E7
1802;63 * 77;0.0;3.999527312E7
1803;63 * 77;0.0;3.999539893E7
1804;63 * 78;0.0;3.999536728E7
1805;63 * 78;0.0;3.999534721E7
1806;63 * 78;0.0;3.999533515E7
1807;63 * 78;0.0;3.999534182E7
1808;63 * 78;0.0;3.999540095E7
1809;63 * 78;0.0;3.999544855E7
1810;63 * 78;0.0;3.999535202E7
1811;63 * 78;0.0;3.999528899E7
1812;63 * 78;0.0;3.999539657E7
1813;63 * 78;0.0;3.999538217E7
1814;63 * 79;0.0;3.999540889E7
1815;63 * 79;0.0;3.999535545E7
1816;63 * 79;0.0;3.999539069E7
1817;63 * 79;0.0;3.999520086E7
1818;63 * 79;0.0;3.999546423E7
1819;63 * 79;0.0;3.999535447E7
1820;63 * 79;0.0;3.999528497E7
1821;63 * 79;0.0;3.999534688E7
1822;63 * 79;0.0;3.999530406E7
1823;63 * 79;0.0;3.999536426E7
1824;63 * 80;0.0;3.99953753E7
1825;63 * 80;0.0;3.999539611E7
1826;63 * 80;0.0;3.999531189E7
1827;63 * 80;0.0;3.999524256E7
1828;63 * 80;0.0;3.999532228E7
1829;63 * 80;0.0;3.999533303E7
1830;63 * 80;0.0;3.999526241E7
1831;63 * 80;0.0;3.999532534E7
1832;63 * 80;0.0;3.999521105E7
1833;63 * 80;0.0;3.999537432E7
1834;63 * 81;0.0;3.999535568E7
1835;63 * 81;0.0;3.999522379E7
1836;63 * 81;0.0;3.999541563E7
1837;63 * 81;0.0;3.999535587E7
1838;63 * 81;0.0;3.999529844E7
1839;63 * 81;0.0;3.999539209E7
1840;63 * 81;0.0;3.999538312E7
1841;63 * 81;0.0;3.999530018E7
1842;63 * 81;0.0;3.999529609E7
1843;63 * 81;0.0;3.999539568E7
1844;63 * 82;0.0;3.999540563E7
1845;63 * 82;0.0;3.999540907E7
1846;63 * 82;0.0;3.999531358E7
1847;63 * 82;0.0;3.999531402E7
1848;63 * 82;0.0;3.99952799E7
1849;63 * 82;0.0;3.999536112E7
1850;63 * 82;0.0;3.999534359E7
1851;63 * 82;0.0;3.999525107E7
1852;63 * 82;0.0;3.999537718E7
1853;63 * 82;0.0;3.999540908E7
1854;63 * 83;0.0;3.999535068E7
1855;63 * 83;0.0;3.999533271E7
1856;63 * 83;0.0;3.999519666E7
1857;63 * 83;0.0;3.999539976E7
1858;63 * 83;0.0;3.999531293E7
1859;63 * 83;0.0;3.999540303E7
1860;63 * 83;0.0;3.999538052E7
1861;63 * 83;0.0;3.999532418E7
1862;63 * 83;0.0;3.999523989E7
1863;63 * 83;0.0;3.999526576E7
1864;63 * 84;0.0;3.999523494E7
1865;63 * 84;0.0;3.999533543E7
1866;63 * 84;0.0;3.999534119E7
1867;63 * 84;0.0;3.999529587E7
1868;63 * 84;0.0;3.999535469E7
1869;63 * 84;0.0;3.999521978E7
1870;63 * 84;0.0;3.999529702E7
1871;63 * 84;0.0;3.999533304E7
1872;63 * 84;0.0;3.999534083E7
1873;63 * 84;0.0;3.999532321E7
1874;63 * 85;0.0;3.998949804E7
1875;63 * 85;0.0;3.999530153E7
1876;63 * 85;0.0;3.999523688E7
1877;63 * 85;0.0;3.999518285E7
1878;63 * 85;0.0;3.999529119E7
1879;63 * 85;0.0;3.999528667E7
1880;63 * 85;0.0;3.999530511E7
1881;63 * 85;0.0;3.999513694E7
1882;63 * 85;0.0;3.99952239E7
1883;63 * 85;0.0;3.999525999E7
1884;63 * 86;0.0;3.999530632E7
1885;63 * 86;0.0;3.999527555E7
1886;63 * 86;0.0;3.999524118E7
1887;63 * 86;0.0;3.999529566E7
1888;63 * 86;0.0;3.999526387E7
1889;63 * 86;0.0;3.999530311E7
1890;63 * 86;0.0;3.999527618E7
1891;63 * 86;0.0;3.999518916E7
1892;63 * 86;0.0;3.999520582E7
1893;63 * 86;0.0;3.999536069E7
1894;63 * 87;0.0;3.999529453E7
1895;63 * 87;0.0;3.999523085E7
1896;63 * 87;0.0;3.999528087E7
1897;63 * 87;0.0;3.99952512E7
1898;63 * 87;0.0;3.999513436E7
1899;63 * 87;0.0;3.999525091E7
1900;63 * 87;0.0;3.999527636E7
1901;63 * 87;0.0;3.999521607E7
1902;63 * 87;0.0;3.999530315E7
1903;63 * 87;0.0;3.999535565E7
1904;63 * 88;0.0;3.999530847E7
1905;63 * 88;0.0;3.999524496E7
1906;63 * 88;0.0;3.999529616E7
1907;63 * 88;0.0;3.999518751E7
1908;63 * 88;0.0;3.999526939E7
1909;63 * 88;0.0;3.999539815E7
1910;63 * 88;0.0;3.99952686E7
1911;63 * 88;0.0;3.999514361E7
1912;63 * 88;0.0;3.999517998E7
1913;63 * 88;0.0;3.999531482E7
1914;63 * 89;0.0;3.999525598E7
1915;63 * 89;0.0;3.999523378E7
1916;63 * 89;0.0;3.999524842E7
1917;63 * 89;0.0;3.999533353E7
1918;63 * 89;0.0;3.99952025E7
1919;63 * 89;0.0;3.999528853E7
1920;63 * 89;0.0;3.999528122E7
1921;63 * 89;0.0;3.999524994E7
1922;63 * 89;0.0;3.999515313E7
1923;63 * 89;0.0;3.999528827E7
1924;63 * 90;0.0;3.999521104E7
1925;63 * 90;0.0;3.999523759E7
1926;63 * 90;0.0;3.999516032E7
1927;63 * 90;0.0;3.999517948E7
1928;63 * 90;0.0;3.999505841E7
1929;63 * 90;0.0;3.999511121E7
1930;63 * 90;0.0;3.999534438E7
1931;63 * 90;0.0;3.999515503E7
1932;63 * 90;0.0;3.99952713E7
1933;63 * 90;0.0;3.999536659E7
1934;63 * 91;0.0;3.998663363E7
1935;63 * 91;0.0;3.999528592E7
1936;63 * 91;0.0;3.999520385E7
1937;63 * 91;0.0;3.999512619E7
1938;63 * 91;0.0;3.999514377E7
1939;63 * 91;0.0;3.999518644E7
1940;63 * 91;0.0;3.99951861E7
1941;63 * 91;0.0;3.999513032E7
1942;63 * 91;0.0;3.999515041E7
1943;63 * 91;0.0;3.999524009E7
1944;63 * 92;0.0;3.99952282E7
1945;63 * 92;0.0;3.999548084E7
1946;63 * 92;0.0;3.999511381E7
1947;63 * 92;0.0;3.999525003E7
1948;63 * 92;0.0;4.000393471E7
1949;63 * 92;0.0;3.999530631E7
1950;63 * 92;0.0;3.999522428E7
1951;63 * 92;0.0;3.999523113E7
1952;63 * 92;0.0;3.999535135E7
1953;63 * 92;0.0;3.999522756E7
1954;63 * 93;0.0;3.999523192E7
1955;63 * 93;0.0;3.999529634E7
1956;63 * 93;0.0;3.999523154E7
1957;63 * 93;0.0;3.999516208E7
1958;63 * 93;0.0;3.999520215E7
1959;63 * 93;0.0;3.999527485E7
1960;63 * 93;0.0;3.999523374E7
1961;63 * 93;0.0;3.99952846E7
1962;63 * 93;0.0;3.999520206E7
1963;63 * 93;0.0;3.999519551E7
1964;63 * 94;0.0;3.99952752E7
1965;63 * 94;0.0;3.999507573E7
1966;63 * 94;0.0;3.999511714E7
1967;63 * 94;0.0;3.999521781E7
1968;63 * 94;0.0;3.999522335E7
1969;63 * 94;0.0;3.999518183E7
1970;63 * 94;0.0;3.999524421E7
1971;63 * 94;0.0;3.999525285E7
1972;63 * 94;0.0;3.999511739E7
1973;63 * 94;0.0;3.999527708E7
1974;63 * 95;0.0;3.999514812E7
1975;63 * 95;0.0;3.99952023E7
1976;63 * 95;0.0;3.999523185E7
1977;63 * 95;0.0;3.99952392E7
1978;63 * 95;0.0;3.999538972E7
1979;63 * 95;0.0;3.999519807E7
1980;63 * 95;0.0;3.999520074E7
1981;63 * 95;0.0;3.999501522E7
1982;63 * 95;0.0;3.999526795E7
1983;63 * 95;0.0;3.999522168E7
1984;63 * 96;0.0;3.99951732E7
1985;63 * 96;0.0;3.999518283E7
1986;63 * 96;0.0;3.999517167E7
1987;63 * 96;0.0;3.9995051E7
1988;63 * 96;0.0;3.999507265E7
1989;63 * 96;0.0;3.999527343E7
1990;63 * 96;0.0;3.999525629E7
1991;63 * 96;0.0;3.999520055E7
1992;63 * 96;0.0;3.999514114E7
1993;63 * 96;0.0;3.999527873E7
1994;63 * 97;0.0;3.99951953E7
1995;63 * 97;0.0;3.999516935E7
1996;63 * 97;0.0;3.999515724E7
1997;63 * 97;0.0;3.999519279E7
1998;63 * 97;0.0;3.999516872E7
1999;63 * 97;0.0;3.99951391E7
2000;63 * 97;0.0;3.999524853E7
2001;63 * 97;0.0;3.999513917E7
2002;63 * 97;0.0;3.999512852E7
2003;63 * 97;0.0;3.999518519E7
2004;63 * 98;0.0;3.999509837E7
2005;63 * 98;0.0;3.999507572E7
2006;63 * 98;0.0;3.999512464E7
2007;63 * 98;0.0;3.999516381E7
2008;63 * 98;0.0;3.99951928E7
2009;63 * 98;0.0;3.999521487E7
2010;63 * 98;0.0;3.999515271E7
2011;63 * 98;0.0;3.999512672E7
2012;63 * 98;0.0;3.999514664E7
2013;63 * 98;0.0;3.999515982E7
2014;63 * 99;0.0;3.999521084E7
2015;63 * 99;0.0;3.999512853E7
2016;63 * 99;0.0;3.999513138E7
2017;63 * 99;0.0;3.999522481E7
2018;63 * 99;0.0;3.999522193E7
2019;63 * 99;0.0;3.999495988E7
2020;63 * 99;0.0;3.999506713E7
2021;63 * 99;0.0;3.999511898E7
2022;63 * 99;0.0;3.99952171E7
2023;63 * 99;0.0;3.999505304E7
2024;63 * 100;0.0;3.999514262E7
2025;63 * 100;0.0;3.999518617E7
2026;63 * 100;0.0;3.99950483E7
2027;63 * 100;0.0;3.999506082E7
2028;63 * 100;0.0;3.999515712E7
2029;63 * 100;0.0;3.999509686E7
2030;63 * 100;0.0;3.999517888E7
2031;63 * 100;0.0;3.999507574E7
2032;63 * 100;0.0;3.999505938E7
2033;63 * 100;0.0;3.999514582E7
2034;63 * 101;0.0;3.999520372E7
2035;63 * 101;0.0;3.999505397E7
2036;63 * 101;0.0;3.999513913E7
2037;63 * 101;0.0;3.999502868E7
2038;63 * 101;0.0;3.999524505E7
2039;63 * 101;0.0;3.999511371E7
2040;63 * 101;0.0;3.999507926E7
2041;63 * 101;0.0;3.999524897E7
2042;63 * 101;0.0;3.999516301E7
2043;63 * 101;0.0;3.999505112E7
2044;63 * 102;0.0;3.999517132E7
2045;63 * 102;0.0;3.999502189E7
2046;63 * 102;0.0;3.999515588E7
2047;63 * 102;0.0;3.999513804E7
