0;63 >= -102;0.0;3.999757525E7
1;63 >= -102;0.0;3.999710825E7
2;63 >= -102;0.0;3.999705723E7
3;63 >= -102;0.0;3.999701719E7
4;63 >= -102;0.0;3.999719096E7
5;63 >= -101;0.0;3.999726922E7
6;63 >= -101;0.0;3.99973493E7
7;63 >= -101;0.0;3.999722718E7
8;63 >= -101;0.0;3.999718479E7
9;63 >= -101;0.0;3.99971824E7
10;63 >= -101;0.0;3.99971584E7
11;63 >= -101;0.0;3.99971129E7
12;63 >= -101;0.0;3.999713098E7
13;63 >= -101;0.0;3.999711444E7
14;63 >= -101;0.0;3.99972904E7
15;63 >= -100;0.0;3.999713913E7
16;63 >= -100;0.0;3.999716567E7
17;63 >= -100;0.0;3.999720519E7
18;63 >= -100;0.0;3.999712128E7
19;63 >= -100;0.0;3.999703798E7
20;63 >= -100;0.0;3.999707796E7
21;63 >= -100;0.0;3.999715316E7
22;63 >= -100;0.0;3.999709745E7
23;63 >= -100;0.0;3.999707449E7
24;63 >= -100;0.0;3.99971219E7
25;63 >= -99;0.0;3.999711335E7
26;63 >= -99;0.0;3.999711694E7
27;63 >= -99;0.0;3.999715548E7
28;63 >= -99;0.0;3.999718983E7
29;63 >= -99;0.0;3.999708943E7
30;63 >= -99;0.0;3.999720413E7
31;63 >= -99;0.0;3.999731997E7
32;63 >= -99;0.0;3.999723046E7
33;63 >= -99;0.0;3.999713054E7
34;63 >= -99;0.0;3.999710142E7
35;63 >= -98;0.0;3.999723858E7
36;63 >= -98;0.0;3.999706286E7
37;63 >= -98;0.0;3.999706181E7
38;63 >= -98;0.0;3.999738952E7
39;63 >= -98;0.0;3.999719445E7
40;63 >= -98;0.0;3.999707206E7
41;63 >= -98;0.0;3.999718593E7
42;63 >= -98;0.0;3.999712733E7
43;63 >= -98;0.0;3.999706045E7
44;63 >= -98;0.0;3.999690126E7
45;63 >= -97;0.0;3.999712701E7
46;63 >= -97;0.0;3.999706129E7
47;63 >= -97;0.0;3.999710361E7
48;63 >= -97;0.0;3.999708329E7
49;63 >= -97;0.0;3.999703255E7
50;63 >= -97;0.0;3.999708072E7
51;63 >= -97;0.0;3.999710394E7
52;63 >= -97;0.0;3.999715269E7
53;63 >= -97;0.0;3.99970611E7
54;63 >= -97;0.0;3.999699652E7
55;63 >= -96;0.0;3.999709172E7
56;63 >= -96;0.0;3.999706506E7
57;63 >= -96;0.0;3.999719264E7
58;63 >= -96;0.0;3.999704081E7
59;63 >= -96;0.0;3.999717468E7
60;63 >= -96;0.0;3.999717695E7
61;63 >= -96;0.0;3.999715276E7
62;63 >= -96;0.0;3.999717084E7
63;63 >= -96;0.0;3.9997147E7
64;63 >= -96;0.0;3.999715539E7
65;63 >= -95;0.0;3.999727318E7
66;63 >= -95;0.0;4.000436844E7
67;63 >= -95;0.0;3.999723073E7
68;63 >= -95;0.0;3.999707059E7
69;63 >= -95;0.0;3.999709456E7
70;63 >= -95;0.0;3.999705719E7
71;63 >= -95;0.0;3.999701844E7
72;63 >= -95;0.0;3.998980261E7
73;63 >= -95;0.0;3.999716201E7
74;63 >= -95;0.0;3.999712404E7
75;63 >= -94;0.0;3.999711242E7
76;63 >= -94;0.0;3.999705619E7
77;63 >= -94;0.0;3.999714916E7
78;63 >= -94;0.0;3.999705899E7
79;63 >= -94;0.0;3.999704533E7
80;63 >= -94;0.0;3.999698335E7
81;63 >= -94;0.0;3.999706237E7
82;63 >= -94;0.0;3.999707475E7
83;63 >= -94;0.0;3.999694481E7
84;63 >= -94;0.0;3.999702529E7
85;63 >= -93;0.0;3.999691745E7
86;63 >= -93;0.0;3.999707872E7
87;63 >= -93;0.0;3.999705296E7
88;63 >= -93;0.0;3.999706146E7
89;63 >= -93;0.0;3.999699591E7
90;63 >= -93;0.0;3.999718679E7
91;63 >= -93;0.0;3.999706425E7
92;63 >= -93;0.0;3.999708439E7
93;63 >= -93;0.0;3.999725759E7
94;63 >= -93;0.0;3.999705568E7
95;63 >= -92;0.0;3.999695647E7
96;63 >= -92;0.0;3.999702244E7
97;63 >= -92;0.0;3.999700157E7
98;63 >= -92;0.0;3.999706257E7
99;63 >= -92;0.0;3.999707803E7
100;63 >= -92;0.0;3.999707419E7
101;63 >= -92;0.0;3.999711356E7
102;63 >= -92;0.0;3.999702808E7
103;63 >= -92;0.0;3.999710428E7
104;63 >= -92;0.0;3.999695256E7
105;63 >= -91;0.0;3.999695843E7
106;63 >= -91;0.0;3.999705563E7
107;63 >= -91;0.0;3.999703028E7
108;63 >= -91;0.0;3.999702241E7
109;63 >= -91;0.0;3.999688332E7
110;63 >= -91;0.0;3.999706908E7
111;63 >= -91;0.0;3.999704367E7
112;63 >= -91;0.0;3.999716059E7
113;63 >= -91;0.0;3.999709457E7
114;63 >= -91;0.0;3.999715257E7
115;63 >= -90;0.0;3.999700916E7
116;63 >= -90;0.0;3.999704841E7
117;63 >= -90;0.0;3.999706539E7
118;63 >= -90;0.0;3.99969718E7
119;63 >= -90;0.0;3.999709198E7
120;63 >= -90;0.0;3.999701374E7
121;63 >= -90;0.0;3.999704502E7
122;63 >= -90;0.0;3.99969343E7
123;63 >= -90;0.0;3.999680532E7
124;63 >= -90;0.0;3.999710633E7
125;63 >= -89;0.0;3.999704508E7
126;63 >= -89;0.0;3.999705478E7
127;63 >= -89;0.0;3.999710806E7
128;63 >= -89;0.0;3.999702957E7
129;63 >= -89;0.0;3.999699154E7
130;63 >= -89;0.0;3.999701564E7
131;63 >= -89;0.0;3.999685909E7
132;63 >= -89;0.0;3.99970592E7
133;63 >= -89;0.0;3.999704359E7
134;63 >= -89;0.0;3.999709195E7
135;63 >= -88;0.0;3.999698081E7
136;63 >= -88;0.0;3.999705206E7
137;63 >= -88;0.0;3.999700548E7
138;63 >= -88;0.0;3.999700834E7
139;63 >= -88;0.0;3.999694461E7
140;63 >= -88;0.0;3.999694722E7
141;63 >= -88;0.0;3.999702234E7
142;63 >= -88;0.0;3.999702231E7
143;63 >= -88;0.0;3.999695763E7
144;63 >= -88;0.0;3.999693514E7
145;63 >= -87;0.0;3.999715376E7
146;63 >= -87;0.0;3.999693849E7
147;63 >= -87;0.0;3.999697573E7
148;63 >= -87;0.0;3.999709206E7
149;63 >= -87;0.0;3.999709003E7
150;63 >= -87;0.0;3.999689943E7
151;63 >= -87;0.0;3.999671175E7
152;63 >= -87;0.0;3.999689703E7
153;63 >= -87;0.0;3.999700525E7
154;63 >= -87;0.0;3.999699705E7
155;63 >= -86;0.0;3.999698444E7
156;63 >= -86;0.0;3.999699172E7
157;63 >= -86;0.0;3.999700532E7
158;63 >= -86;0.0;3.99969473E7
159;63 >= -86;0.0;3.999694972E7
160;63 >= -86;0.0;3.999697862E7
161;63 >= -86;0.0;3.999696709E7
162;63 >= -86;0.0;3.999695743E7
163;63 >= -86;0.0;3.999695601E7
164;63 >= -86;0.0;3.999692917E7
165;63 >= -85;0.0;3.999687801E7
166;63 >= -85;0.0;3.999709652E7
167;63 >= -85;0.0;3.999701583E7
168;63 >= -85;0.0;3.999700044E7
169;63 >= -85;0.0;3.999704232E7
170;63 >= -85;0.0;3.999689127E7
171;63 >= -85;0.0;3.99970044E7
172;63 >= -85;0.0;3.999693387E7
173;63 >= -85;0.0;3.999685963E7
174;63 >= -85;0.0;3.999716281E7
175;63 >= -84;0.0;3.998906021E7
176;63 >= -84;0.0;3.999694389E7
177;63 >= -84;0.0;3.999689421E7
178;63 >= -84;0.0;3.999704515E7
179;63 >= -84;0.0;3.999685571E7
180;63 >= -84;0.0;3.999687575E7
181;63 >= -84;0.0;3.999695894E7
182;63 >= -84;0.0;3.999712801E7
183;63 >= -84;0.0;3.999687889E7
184;63 >= -84;0.0;3.999677223E7
185;63 >= -83;0.0;3.999691547E7
186;63 >= -83;0.0;3.99969302E7
187;63 >= -83;0.0;3.999700912E7
188;63 >= -83;0.0;3.999695203E7
189;63 >= -83;0.0;3.999700841E7
190;63 >= -83;0.0;3.999701367E7
191;63 >= -83;0.0;3.999698902E7
192;63 >= -83;0.0;3.999701813E7
193;63 >= -83;0.0;3.999693671E7
194;63 >= -83;0.0;3.999696846E7
195;63 >= -82;0.0;3.99968348E7
196;63 >= -82;0.0;3.999692409E7
197;63 >= -82;0.0;3.999699622E7
198;63 >= -82;0.0;3.999686391E7
199;63 >= -82;0.0;3.999698663E7
200;63 >= -82;0.0;3.999697054E7
201;63 >= -82;0.0;3.999691279E7
202;63 >= -82;0.0;3.999685114E7
203;63 >= -82;0.0;3.999697777E7
204;63 >= -82;0.0;3.999675497E7
205;63 >= -81;0.0;3.999702018E7
206;63 >= -81;0.0;3.999690452E7
207;63 >= -81;0.0;3.999690229E7
208;63 >= -81;0.0;3.999693665E7
209;63 >= -81;0.0;3.999687664E7
210;63 >= -81;0.0;3.999685258E7
211;63 >= -81;0.0;3.999688422E7
212;63 >= -81;0.0;3.999691748E7
213;63 >= -81;0.0;3.999700708E7
214;63 >= -81;0.0;3.999690387E7
215;63 >= -80;0.0;3.999700147E7
216;63 >= -80;0.0;3.999700129E7
217;63 >= -80;0.0;3.999701334E7
218;63 >= -80;0.0;3.99969191E7
219;63 >= -80;0.0;3.99969019E7
220;63 >= -80;0.0;3.999693138E7
221;63 >= -80;0.0;3.999695294E7
222;63 >= -80;0.0;3.999687528E7
223;63 >= -80;0.0;3.999689202E7
224;63 >= -80;0.0;3.999696298E7
225;63 >= -79;0.0;3.999698236E7
226;63 >= -79;0.0;3.999697128E7
227;63 >= -79;0.0;3.999697539E7
228;63 >= -79;0.0;3.999684339E7
229;63 >= -79;0.0;3.999698454E7
230;63 >= -79;0.0;3.99969022E7
231;63 >= -79;0.0;3.999694898E7
232;63 >= -79;0.0;3.999698088E7
233;63 >= -79;0.0;3.999702679E7
234;63 >= -79;0.0;3.999689926E7
235;63 >= -78;0.0;3.999690858E7
236;63 >= -78;0.0;3.999682227E7
237;63 >= -78;0.0;3.999695466E7
238;63 >= -78;0.0;3.999697666E7
239;63 >= -78;0.0;3.999690223E7
240;63 >= -78;0.0;3.99969589E7
241;63 >= -78;0.0;3.999698173E7
242;63 >= -78;0.0;3.999697957E7
243;63 >= -78;0.0;3.999691105E7
244;63 >= -78;0.0;3.999693837E7
245;63 >= -77;0.0;3.999688479E7
246;63 >= -77;0.0;3.999688368E7
247;63 >= -77;0.0;3.99969562E7
248;63 >= -77;0.0;3.999691361E7
249;63 >= -77;0.0;3.999692729E7
250;63 >= -77;0.0;3.999681933E7
251;63 >= -77;0.0;3.999678568E7
252;63 >= -77;0.0;3.999690687E7
253;63 >= -77;0.0;3.99968495E7
254;63 >= -77;0.0;3.999692619E7
255;63 >= -76;0.0;3.999686697E7
256;63 >= -76;0.0;3.999690247E7
257;63 >= -76;0.0;3.998753518E7
258;63 >= -76;0.0;3.999664121E7
259;63 >= -76;0.0;3.999689748E7
260;63 >= -76;0.0;3.999684094E7
261;63 >= -76;0.0;3.999681448E7
262;63 >= -76;0.0;3.999684861E7
263;63 >= -76;0.0;3.999674343E7
264;63 >= -76;0.0;3.99968826E7
265;63 >= -75;0.0;3.999681278E7
266;63 >= -75;0.0;3.999692374E7
267;63 >= -75;0.0;3.999681591E7
268;63 >= -75;0.0;3.9996975E7
269;63 >= -75;0.0;3.999689859E7
270;63 >= -75;0.0;3.999684797E7
271;63 >= -75;0.0;3.999688261E7
272;63 >= -75;0.0;3.999684031E7
273;63 >= -75;0.0;3.999687931E7
274;63 >= -75;0.0;3.999674484E7
275;63 >= -74;0.0;3.999685551E7
276;63 >= -74;0.0;3.999691583E7
277;63 >= -74;0.0;3.999687049E7
278;63 >= -74;0.0;3.99967786E7
279;63 >= -74;0.0;3.999688294E7
280;63 >= -74;0.0;3.999683386E7
281;63 >= -74;0.0;3.999696769E7
282;63 >= -74;0.0;3.999689958E7
283;63 >= -74;0.0;3.999687765E7
284;63 >= -74;0.0;3.999681788E7
285;63 >= -73;0.0;3.999682918E7
286;63 >= -73;0.0;3.999675455E7
287;63 >= -73;0.0;3.99968774E7
288;63 >= -73;0.0;3.999686713E7
289;63 >= -73;0.0;3.999680096E7
290;63 >= -73;0.0;3.999677601E7
291;63 >= -73;0.0;3.999689839E7
292;63 >= -73;0.0;3.999683407E7
293;63 >= -73;0.0;3.999685358E7
294;63 >= -73;0.0;3.999687785E7
295;63 >= -72;0.0;3.999682048E7
296;63 >= -72;0.0;3.999681965E7
297;63 >= -72;0.0;3.999691857E7
298;63 >= -72;0.0;3.999675594E7
299;63 >= -72;0.0;3.999678291E7
300;63 >= -72;0.0;3.999685759E7
301;63 >= -72;0.0;3.999681635E7
302;63 >= -72;0.0;3.999688437E7
303;63 >= -72;0.0;3.999697E7
304;63 >= -72;0.0;3.999676156E7
305;63 >= -71;0.0;3.999684727E7
306;63 >= -71;0.0;3.99970649E7
307;63 >= -71;0.0;3.999691115E7
308;63 >= -71;0.0;3.999681381E7
309;63 >= -71;0.0;3.999671068E7
310;63 >= -71;0.0;3.99969313E7
311;63 >= -71;0.0;3.999680822E7
312;63 >= -71;0.0;3.999679105E7
313;63 >= -71;0.0;3.999689798E7
314;63 >= -71;0.0;3.999674872E7
315;63 >= -70;0.0;3.999685114E7
316;63 >= -70;0.0;3.999669407E7
317;63 >= -70;0.0;3.999675616E7
318;63 >= -70;0.0;3.999680789E7
319;63 >= -70;0.0;3.99968656E7
320;63 >= -70;0.0;3.999681569E7
321;63 >= -70;0.0;3.999682277E7
322;63 >= -70;0.0;3.999682034E7
323;63 >= -70;0.0;3.999680077E7
324;63 >= -70;0.0;3.999676901E7
325;63 >= -69;0.0;3.999675791E7
326;63 >= -69;0.0;3.999670712E7
327;63 >= -69;0.0;3.999679321E7
328;63 >= -69;0.0;3.999682066E7
329;63 >= -69;0.0;3.999676192E7
330;63 >= -69;0.0;3.999689865E7
331;63 >= -69;0.0;3.999683966E7
332;63 >= -69;0.0;3.999691974E7
333;63 >= -69;0.0;3.999680711E7
334;63 >= -69;0.0;3.999688444E7
335;63 >= -68;0.0;3.999681719E7
336;63 >= -68;0.0;3.999673302E7
337;63 >= -68;0.0;3.999674684E7
338;63 >= -68;0.0;3.999684729E7
339;63 >= -68;0.0;3.999681964E7
340;63 >= -68;0.0;3.999681887E7
341;63 >= -68;0.0;3.999680509E7
342;63 >= -68;0.0;3.999664995E7
343;63 >= -68;0.0;3.999675402E7
344;63 >= -68;0.0;3.999674575E7
345;63 >= -67;0.0;3.999673478E7
346;63 >= -67;0.0;3.999676234E7
347;63 >= -67;0.0;3.99969324E7
348;63 >= -67;0.0;3.999685426E7
349;63 >= -67;0.0;3.999691011E7
350;63 >= -67;0.0;3.999681095E7
351;63 >= -67;0.0;3.999673341E7
352;63 >= -67;0.0;3.999674807E7
353;63 >= -67;0.0;3.999684066E7
354;63 >= -67;0.0;3.999676569E7
355;63 >= -66;0.0;3.999676409E7
356;63 >= -66;0.0;3.999676009E7
357;63 >= -66;0.0;3.999691985E7
358;63 >= -66;0.0;3.999682447E7
359;63 >= -66;0.0;3.999676894E7
360;63 >= -66;0.0;3.999692224E7
361;63 >= -66;0.0;3.999677378E7
362;63 >= -66;0.0;3.99967489E7
363;63 >= -66;0.0;3.999688456E7
364;63 >= -66;0.0;3.999681261E7
365;63 >= -65;0.0;3.999681723E7
366;63 >= -65;0.0;3.999679749E7
367;63 >= -65;0.0;3.999668233E7
368;63 >= -65;0.0;3.999684936E7
369;63 >= -65;0.0;3.999677545E7
370;63 >= -65;0.0;3.999676448E7
371;63 >= -65;0.0;3.999665619E7
372;63 >= -65;0.0;3.999677419E7
373;63 >= -65;0.0;3.999670973E7
374;63 >= -65;0.0;3.999681432E7
375;63 >= -64;0.0;3.999678779E7
376;63 >= -64;0.0;3.999672748E7
377;63 >= -64;0.0;3.999681104E7
378;63 >= -64;0.0;3.999677116E7
379;63 >= -64;0.0;3.999679845E7
380;63 >= -64;0.0;3.999676773E7
381;63 >= -64;0.0;3.999686571E7
382;63 >= -64;0.0;3.999675383E7
383;63 >= -64;0.0;3.999686401E7
384;63 >= -64;0.0;3.999676658E7
385;63 >= -63;0.0;3.999675443E7
386;63 >= -63;0.0;3.999681064E7
387;63 >= -63;0.0;3.999677308E7
388;63 >= -63;0.0;3.99966716E7
389;63 >= -63;0.0;3.999673309E7
390;63 >= -63;0.0;3.99967507E7
391;63 >= -63;0.0;3.999687584E7
392;63 >= -63;0.0;3.999663845E7
393;63 >= -63;0.0;3.999659615E7
394;63 >= -63;0.0;3.999679058E7
395;63 >= -62;0.0;3.999668632E7
396;63 >= -62;0.0;3.999674017E7
397;63 >= -62;0.0;3.999672114E7
398;63 >= -62;0.0;3.999676164E7
399;63 >= -62;0.0;3.999677622E7
400;63 >= -62;0.0;3.999668392E7
401;63 >= -62;0.0;3.99966322E7
402;63 >= -62;0.0;3.999684456E7
403;63 >= -62;0.0;3.999680932E7
404;63 >= -62;0.0;3.999664349E7
405;63 >= -61;0.0;3.999673735E7
406;63 >= -61;0.0;3.999660589E7
407;63 >= -61;0.0;3.99967768E7
408;63 >= -61;0.0;3.999678044E7
409;63 >= -61;0.0;3.999673643E7
410;63 >= -61;0.0;3.999676067E7
411;63 >= -61;0.0;3.99967564E7
412;63 >= -61;0.0;3.999666752E7
413;63 >= -61;0.0;3.999652277E7
414;63 >= -61;0.0;3.999674031E7
415;63 >= -60;0.0;3.999675892E7
416;63 >= -60;0.0;3.999684357E7
417;63 >= -60;0.0;3.999668467E7
418;63 >= -60;0.0;3.999672797E7
419;63 >= -60;0.0;3.99967674E7
420;63 >= -60;0.0;3.999671379E7
421;63 >= -60;0.0;3.999650808E7
422;63 >= -60;0.0;3.999662954E7
423;63 >= -60;0.0;3.999672225E7
424;63 >= -60;0.0;3.999678269E7
425;63 >= -59;0.0;3.999680208E7
426;63 >= -59;0.0;3.999674353E7
427;63 >= -59;0.0;3.999682814E7
428;63 >= -59;0.0;3.999670595E7
429;63 >= -59;0.0;3.999674402E7
430;63 >= -59;0.0;3.999664983E7
431;63 >= -59;0.0;3.999664355E7
432;63 >= -59;0.0;3.999670426E7
433;63 >= -59;0.0;3.999671704E7
434;63 >= -59;0.0;3.999666146E7
435;63 >= -58;0.0;3.999667289E7
436;63 >= -58;0.0;3.999669659E7
437;63 >= -58;0.0;3.999674917E7
438;63 >= -58;0.0;3.999667516E7
439;63 >= -58;0.0;3.999660905E7
440;63 >= -58;0.0;3.999663029E7
441;63 >= -58;0.0;3.999672039E7
442;63 >= -58;0.0;3.999675736E7
443;63 >= -58;0.0;3.999690077E7
444;63 >= -58;0.0;3.999684384E7
445;63 >= -57;0.0;3.999672029E7
446;63 >= -57;0.0;3.999675254E7
447;63 >= -57;0.0;3.99967633E7
448;63 >= -57;0.0;3.999675974E7
449;63 >= -57;0.0;3.998934183E7
450;63 >= -57;0.0;3.999666093E7
451;63 >= -57;0.0;3.999657944E7
452;63 >= -57;0.0;3.999671549E7
453;63 >= -57;0.0;3.999668423E7
454;63 >= -57;0.0;3.999674792E7
455;63 >= -56;0.0;3.999669119E7
456;63 >= -56;0.0;3.999670139E7
457;63 >= -56;0.0;3.999661956E7
458;63 >= -56;0.0;3.99967718E7
459;63 >= -56;0.0;3.999673165E7
460;63 >= -56;0.0;3.999673496E7
461;63 >= -56;0.0;3.999662933E7
462;63 >= -56;0.0;3.999663145E7
463;63 >= -56;0.0;3.999673369E7
464;63 >= -56;0.0;3.999664229E7
465;63 >= -55;0.0;3.999663553E7
466;63 >= -55;0.0;3.999670801E7
467;63 >= -55;0.0;3.999665543E7
468;63 >= -55;0.0;3.999669735E7
469;63 >= -55;0.0;3.999661271E7
470;63 >= -55;0.0;3.999668013E7
471;63 >= -55;0.0;3.999666519E7
472;63 >= -55;0.0;3.999662642E7
473;63 >= -55;0.0;3.999658367E7
474;63 >= -55;0.0;3.999669756E7
475;63 >= -54;0.0;3.999669481E7
476;63 >= -54;0.0;3.999663857E7
477;63 >= -54;0.0;3.999647119E7
478;63 >= -54;0.0;3.999662925E7
479;63 >= -54;0.0;3.999668119E7
480;63 >= -54;0.0;3.999659329E7
481;63 >= -54;0.0;3.999661073E7
482;63 >= -54;0.0;3.999661445E7
483;63 >= -54;0.0;3.999672015E7
484;63 >= -54;0.0;3.999659434E7
485;63 >= -53;0.0;3.999654734E7
486;63 >= -53;0.0;3.999666618E7
487;63 >= -53;0.0;3.999669919E7
488;63 >= -53;0.0;3.999670411E7
489;63 >= -53;0.0;3.999674389E7
490;63 >= -53;0.0;3.999665568E7
491;63 >= -53;0.0;3.99968031E7
492;63 >= -53;0.0;3.999668649E7
493;63 >= -53;0.0;3.999664266E7
494;63 >= -53;0.0;3.999653672E7
495;63 >= -52;0.0;3.999661246E7
496;63 >= -52;0.0;3.999666622E7
497;63 >= -52;0.0;3.999662446E7
498;63 >= -52;0.0;3.999659047E7
499;63 >= -52;0.0;3.999656307E7
500;63 >= -52;0.0;3.999659961E7
501;63 >= -52;0.0;3.999664054E7
502;63 >= -52;0.0;3.999648248E7
503;63 >= -52;0.0;3.999659811E7
504;63 >= -52;0.0;3.999660902E7
505;63 >= -51;0.0;3.99966296E7
506;63 >= -51;0.0;3.999660544E7
507;63 >= -51;0.0;3.9996711E7
508;63 >= -51;0.0;3.999661771E7
509;63 >= -51;0.0;3.999648963E7
510;63 >= -51;0.0;3.999656464E7
511;63 >= -51;0.0;3.999659862E7
512;63 >= -51;0.0;3.999661915E7
513;63 >= -51;0.0;3.99966461E7
514;63 >= -51;0.0;3.999661018E7
515;63 >= -50;0.0;3.999651498E7
516;63 >= -50;0.0;3.999662062E7
517;63 >= -50;0.0;3.999662805E7
518;63 >= -50;0.0;3.999662292E7
519;63 >= -50;0.0;3.999646113E7
520;63 >= -50;0.0;3.999669299E7
521;63 >= -50;0.0;3.999662525E7
522;63 >= -50;0.0;3.99964851E7
523;63 >= -50;0.0;3.999667047E7
524;63 >= -50;0.0;3.999666628E7
525;63 >= -49;0.0;3.99965834E7
526;63 >= -49;0.0;3.99966464E7
527;63 >= -49;0.0;3.999653462E7
528;63 >= -49;0.0;3.999649975E7
529;63 >= -49;0.0;3.999659203E7
530;63 >= -49;0.0;3.999655634E7
531;63 >= -49;0.0;3.999662394E7
532;63 >= -49;0.0;3.999669887E7
533;63 >= -49;0.0;3.999663867E7
534;63 >= -49;0.0;3.999658591E7
535;63 >= -48;0.0;3.999665847E7
536;63 >= -48;0.0;3.9996682E7
537;63 >= -48;0.0;3.999664224E7
538;63 >= -48;0.0;3.999660934E7
539;63 >= -48;0.0;3.999650889E7
540;63 >= -48;0.0;3.999656742E7
541;63 >= -48;0.0;3.999660644E7
542;63 >= -48;0.0;3.999655761E7
543;63 >= -48;0.0;3.999664376E7
544;63 >= -48;0.0;3.99965872E7
545;63 >= -47;0.0;3.99965092E7
546;63 >= -47;0.0;3.999655125E7
547;63 >= -47;0.0;3.999662611E7
548;63 >= -47;0.0;3.999659802E7
549;63 >= -47;0.0;3.999652438E7
550;63 >= -47;0.0;3.999640511E7
551;63 >= -47;0.0;3.999671663E7
552;63 >= -47;0.0;3.999661647E7
553;63 >= -47;0.0;3.999649137E7
554;63 >= -47;0.0;3.999660483E7
555;63 >= -46;0.0;3.999673776E7
556;63 >= -46;0.0;3.999646511E7
557;63 >= -46;0.0;3.999668743E7
558;63 >= -46;0.0;3.999665008E7
559;63 >= -46;0.0;3.999653767E7
560;63 >= -46;0.0;3.999653281E7
561;63 >= -46;0.0;3.999647155E7
562;63 >= -46;0.0;3.999655094E7
563;63 >= -46;0.0;3.999651394E7
564;63 >= -46;0.0;3.999653644E7
565;63 >= -45;0.0;3.999648144E7
566;63 >= -45;0.0;3.999661074E7
567;63 >= -45;0.0;3.999655167E7
568;63 >= -45;0.0;3.999651175E7
569;63 >= -45;0.0;3.999665437E7
570;63 >= -45;0.0;3.999654594E7
571;63 >= -45;0.0;3.999650101E7
572;63 >= -45;0.0;3.999656364E7
573;63 >= -45;0.0;3.999657171E7
574;63 >= -45;0.0;3.999645677E7
575;63 >= -44;0.0;3.999660269E7
576;63 >= -44;0.0;3.999658861E7
577;63 >= -44;0.0;3.999660063E7
578;63 >= -44;0.0;4.000374636E7
579;63 >= -44;0.0;3.999644648E7
580;63 >= -44;0.0;3.999652714E7
581;63 >= -44;0.0;3.99965239E7
582;63 >= -44;0.0;3.999650625E7
583;63 >= -44;0.0;3.999650046E7
584;63 >= -44;0.0;3.999646295E7
585;63 >= -43;0.0;3.999662809E7
586;63 >= -43;0.0;3.999651697E7
587;63 >= -43;0.0;3.999651695E7
588;63 >= -43;0.0;3.999650283E7
589;63 >= -43;0.0;3.999645081E7
590;63 >= -43;0.0;3.999671527E7
591;63 >= -43;0.0;3.999659613E7
592;63 >= -43;0.0;3.999645697E7
593;63 >= -43;0.0;3.999662888E7
594;63 >= -43;0.0;3.999660287E7
595;63 >= -42;0.0;3.999648378E7
596;63 >= -42;0.0;3.999645138E7
597;63 >= -42;0.0;3.999664273E7
598;63 >= -42;0.0;3.999649241E7
599;63 >= -42;0.0;3.999653041E7
600;63 >= -42;0.0;3.999658704E7
601;63 >= -42;0.0;3.999658379E7
602;63 >= -42;0.0;3.999661665E7
603;63 >= -42;0.0;3.999660018E7
604;63 >= -42;0.0;3.999648792E7
605;63 >= -41;0.0;3.999650884E7
606;63 >= -41;0.0;3.999648941E7
607;63 >= -41;0.0;3.999642744E7
608;63 >= -41;0.0;3.999648527E7
609;63 >= -41;0.0;3.999647575E7
610;63 >= -41;0.0;3.999644475E7
611;63 >= -41;0.0;3.999662986E7
612;63 >= -41;0.0;3.999639803E7
613;63 >= -41;0.0;3.999652042E7
614;63 >= -41;0.0;3.999642324E7
615;63 >= -40;0.0;3.999650975E7
616;63 >= -40;0.0;3.999651914E7
617;63 >= -40;0.0;3.999655366E7
618;63 >= -40;0.0;3.99965503E7
619;63 >= -40;0.0;3.999644732E7
620;63 >= -40;0.0;3.999649134E7
621;63 >= -40;0.0;3.999654913E7
622;63 >= -40;0.0;3.999648379E7
623;63 >= -40;0.0;3.999660481E7
624;63 >= -40;0.0;3.999651933E7
625;63 >= -39;0.0;3.999647659E7
626;63 >= -39;0.0;3.999654925E7
627;63 >= -39;0.0;3.99965212E7
628;63 >= -39;0.0;3.999659491E7
629;63 >= -39;0.0;3.999649964E7
630;63 >= -39;0.0;3.99965216E7
631;63 >= -39;0.0;3.999649921E7
632;63 >= -39;0.0;3.99965587E7
633;63 >= -39;0.0;3.999641481E7
634;63 >= -39;0.0;3.999652758E7
635;63 >= -38;0.0;3.999634896E7
636;63 >= -38;0.0;3.999644096E7
637;63 >= -38;0.0;3.999643378E7
638;63 >= -38;0.0;3.999634656E7
639;63 >= -38;0.0;3.999629293E7
640;63 >= -38;0.0;3.999650659E7
641;63 >= -38;0.0;3.999649333E7
642;63 >= -38;0.0;3.999644508E7
643;63 >= -38;0.0;3.999637543E7
644;63 >= -38;0.0;3.999644922E7
645;63 >= -37;0.0;3.999638594E7
646;63 >= -37;0.0;3.999645286E7
647;63 >= -37;0.0;3.999651518E7
648;63 >= -37;0.0;3.99965228E7
649;63 >= -37;0.0;3.999639542E7
650;63 >= -37;0.0;3.999637489E7
651;63 >= -37;0.0;3.999632923E7
652;63 >= -37;0.0;3.999647174E7
653;63 >= -37;0.0;3.999656191E7
654;63 >= -37;0.0;3.999646564E7
655;63 >= -36;0.0;3.999647596E7
656;63 >= -36;0.0;3.999639633E7
657;63 >= -36;0.0;3.999658022E7
658;63 >= -36;0.0;3.999653749E7
659;63 >= -36;0.0;3.999649769E7
660;63 >= -36;0.0;3.999650505E7
661;63 >= -36;0.0;3.99964539E7
662;63 >= -36;0.0;3.999643181E7
663;63 >= -36;0.0;3.999627487E7
664;63 >= -36;0.0;3.99964564E7
665;63 >= -35;0.0;3.999644723E7
666;63 >= -35;0.0;3.999646873E7
667;63 >= -35;0.0;3.99964917E7
668;63 >= -35;0.0;3.999642636E7
669;63 >= -35;0.0;3.999643125E7
670;63 >= -35;0.0;3.999641118E7
671;63 >= -35;0.0;3.999638502E7
672;63 >= -35;0.0;3.999639238E7
673;63 >= -35;0.0;3.999648233E7
674;63 >= -35;0.0;3.999647294E7
675;63 >= -34;0.0;3.99964727E7
676;63 >= -34;0.0;3.999639084E7
677;63 >= -34;0.0;3.999639506E7
678;63 >= -34;0.0;3.999651985E7
679;63 >= -34;0.0;3.999647429E7
680;63 >= -34;0.0;3.99964089E7
681;63 >= -34;0.0;3.999642969E7
682;63 >= -34;0.0;3.999651617E7
683;63 >= -34;0.0;3.999646046E7
684;63 >= -34;0.0;3.999634389E7
685;63 >= -33;0.0;3.999660022E7
686;63 >= -33;0.0;3.9996443E7
687;63 >= -33;0.0;3.99963798E7
688;63 >= -33;0.0;3.999641347E7
689;63 >= -33;0.0;3.999646282E7
690;63 >= -33;0.0;3.999645181E7
691;63 >= -33;0.0;3.999632232E7
692;63 >= -33;0.0;3.999640281E7
693;63 >= -33;0.0;3.999644815E7
694;63 >= -33;0.0;3.999647132E7
695;63 >= -32;0.0;3.999649143E7
696;63 >= -32;0.0;3.999629375E7
697;63 >= -32;0.0;3.99963329E7
698;63 >= -32;0.0;3.999639269E7
699;63 >= -32;0.0;3.999647629E7
700;63 >= -32;0.0;3.999644297E7
701;63 >= -32;0.0;3.999642286E7
702;63 >= -32;0.0;3.999643569E7
703;63 >= -32;0.0;3.999630254E7
704;63 >= -32;0.0;3.999645299E7
705;63 >= -31;0.0;3.999635975E7
706;63 >= -31;0.0;3.999635862E7
707;63 >= -31;0.0;3.999651785E7
708;63 >= -31;0.0;3.9996437E7
709;63 >= -31;0.0;3.999634869E7
710;63 >= -31;0.0;3.999646492E7
711;63 >= -31;0.0;3.999641901E7
712;63 >= -31;0.0;3.999643878E7
713;63 >= -31;0.0;3.999640358E7
714;63 >= -31;0.0;3.999635847E7
715;63 >= -30;0.0;3.999629674E7
716;63 >= -30;0.0;3.999643707E7
717;63 >= -30;0.0;3.99963152E7
718;63 >= -30;0.0;3.999638836E7
719;63 >= -30;0.0;3.999631595E7
720;63 >= -30;0.0;3.999635759E7
721;63 >= -30;0.0;3.999627728E7
722;63 >= -30;0.0;3.999635788E7
723;63 >= -30;0.0;3.999627505E7
724;63 >= -30;0.0;3.999628606E7
725;63 >= -29;0.0;3.999654911E7
726;63 >= -29;0.0;3.9996419E7
727;63 >= -29;0.0;3.999638126E7
728;63 >= -29;0.0;3.999641814E7
729;63 >= -29;0.0;3.999645053E7
730;63 >= -29;0.0;3.999643431E7
731;63 >= -29;0.0;3.999634441E7
732;63 >= -29;0.0;3.999642045E7
733;63 >= -29;0.0;3.999641369E7
734;63 >= -29;0.0;3.999641568E7
735;63 >= -28;0.0;3.99964522E7
736;63 >= -28;0.0;3.999639954E7
737;63 >= -28;0.0;3.999634829E7
738;63 >= -28;0.0;3.999641104E7
739;63 >= -28;0.0;3.999628626E7
740;63 >= -28;0.0;3.999630507E7
741;63 >= -28;0.0;3.999643933E7
742;63 >= -28;0.0;3.999630918E7
743;63 >= -28;0.0;3.999636747E7
744;63 >= -28;0.0;3.999624262E7
745;63 >= -27;0.0;3.999637419E7
746;63 >= -27;0.0;3.999636509E7
747;63 >= -27;0.0;3.99962345E7
748;63 >= -27;0.0;3.99962174E7
749;63 >= -27;0.0;3.999642631E7
750;63 >= -27;0.0;3.999616776E7
751;63 >= -27;0.0;3.999620971E7
752;63 >= -27;0.0;3.999632194E7
753;63 >= -27;0.0;3.999632923E7
754;63 >= -27;0.0;3.999640451E7
755;63 >= -26;0.0;3.99963967E7
756;63 >= -26;0.0;3.999635958E7
757;63 >= -26;0.0;3.99964831E7
758;63 >= -26;0.0;3.999643489E7
759;63 >= -26;0.0;3.99963737E7
760;63 >= -26;0.0;3.999637962E7
761;63 >= -26;0.0;3.999640859E7
762;63 >= -26;0.0;3.999632999E7
763;63 >= -26;0.0;3.999637464E7
764;63 >= -26;0.0;3.999644043E7
765;63 >= -25;0.0;3.999641636E7
766;63 >= -25;0.0;3.999642794E7
767;63 >= -25;0.0;3.999628081E7
768;63 >= -25;0.0;3.999648875E7
769;63 >= -25;0.0;3.999635139E7
770;63 >= -25;0.0;3.999618969E7
771;63 >= -25;0.0;3.999646735E7
772;63 >= -25;0.0;3.999642241E7
773;63 >= -25;0.0;3.999639423E7
774;63 >= -25;0.0;3.999627404E7
775;63 >= -24;0.0;3.9996397E7
776;63 >= -24;0.0;3.999637223E7
777;63 >= -24;0.0;3.999637638E7
778;63 >= -24;0.0;3.999634712E7
779;63 >= -24;0.0;3.999642001E7
780;63 >= -24;0.0;3.9996473E7
781;63 >= -24;0.0;3.999638102E7
782;63 >= -24;0.0;3.999646882E7
783;63 >= -24;0.0;3.999630284E7
784;63 >= -24;0.0;3.999636908E7
785;63 >= -23;0.0;3.999625193E7
786;63 >= -23;0.0;3.999620267E7
787;63 >= -23;0.0;3.999621312E7
788;63 >= -23;0.0;3.999642512E7
789;63 >= -23;0.0;3.999632523E7
790;63 >= -23;0.0;3.99962928E7
791;63 >= -23;0.0;3.999634428E7
792;63 >= -23;0.0;3.999627337E7
793;63 >= -23;0.0;3.999644463E7
794;63 >= -23;0.0;3.999624611E7
795;63 >= -22;0.0;3.999627969E7
796;63 >= -22;0.0;3.999635921E7
797;63 >= -22;0.0;3.99961829E7
798;63 >= -22;0.0;3.999625702E7
799;63 >= -22;0.0;3.999638217E7
800;63 >= -22;0.0;3.999623866E7
801;63 >= -22;0.0;3.999624791E7
802;63 >= -22;0.0;3.999623214E7
803;63 >= -22;0.0;3.999629531E7
804;63 >= -22;0.0;3.999630052E7
805;63 >= -21;0.0;3.999628347E7
806;63 >= -21;0.0;3.999637382E7
807;63 >= -21;0.0;3.99962747E7
808;63 >= -21;0.0;3.999638824E7
809;63 >= -21;0.0;3.99963232E7
810;63 >= -21;0.0;3.99962667E7
811;63 >= -21;0.0;3.999626241E7
812;63 >= -21;0.0;3.999637041E7
813;63 >= -21;0.0;3.999626668E7
814;63 >= -21;0.0;3.999629022E7
815;63 >= -20;0.0;3.999637536E7
816;63 >= -20;0.0;3.999644326E7
817;63 >= -20;0.0;3.999631143E7
818;63 >= -20;0.0;3.999617508E7
819;63 >= -20;0.0;3.999636876E7
820;63 >= -20;0.0;3.999636283E7
821;63 >= -20;0.0;3.999620034E7
822;63 >= -20;0.0;3.999636334E7
823;63 >= -20;0.0;3.999634021E7
824;63 >= -20;0.0;3.999628554E7
825;63 >= -19;0.0;3.999633222E7
826;63 >= -19;0.0;3.999597124E7
827;63 >= -19;0.0;3.99962034E7
828;63 >= -19;0.0;3.999623575E7
829;63 >= -19;0.0;3.999619002E7
830;63 >= -19;0.0;3.999629904E7
831;63 >= -19;0.0;3.999637787E7
832;63 >= -19;0.0;3.999630826E7
833;63 >= -19;0.0;3.999629114E7
834;63 >= -19;0.0;3.999626242E7
835;63 >= -18;0.0;3.999632224E7
836;63 >= -18;0.0;3.999618276E7
837;63 >= -18;0.0;3.999627324E7
838;63 >= -18;0.0;3.99963137E7
839;63 >= -18;0.0;3.999627444E7
840;63 >= -18;0.0;3.99963013E7
841;63 >= -18;0.0;3.99965754E7
842;63 >= -18;0.0;3.999627557E7
843;63 >= -18;0.0;3.999632489E7
844;63 >= -18;0.0;3.999626667E7
845;63 >= -17;0.0;3.99961328E7
846;63 >= -17;0.0;3.999623111E7
847;63 >= -17;0.0;3.999636488E7
848;63 >= -17;0.0;3.999624864E7
849;63 >= -17;0.0;3.99961738E7
850;63 >= -17;0.0;3.999625967E7
851;63 >= -17;0.0;3.999623004E7
852;63 >= -17;0.0;3.999627578E7
853;63 >= -17;0.0;3.999624358E7
854;63 >= -17;0.0;3.999623633E7
855;63 >= -16;0.0;3.999623671E7
856;63 >= -16;0.0;3.999621838E7
857;63 >= -16;0.0;3.999632793E7
858;63 >= -16;0.0;3.999622303E7
859;63 >= -16;0.0;3.999622781E7
860;63 >= -16;0.0;3.999629239E7
861;63 >= -16;0.0;3.999625243E7
862;63 >= -16;0.0;3.999628821E7
863;63 >= -16;0.0;3.999617686E7
864;63 >= -16;0.0;3.999628103E7
865;63 >= -15;0.0;3.9996224E7
866;63 >= -15;0.0;3.999625627E7
867;63 >= -15;0.0;3.999611997E7
868;63 >= -15;0.0;3.999636976E7
869;63 >= -15;0.0;3.999630081E7
870;63 >= -15;0.0;3.999613025E7
871;63 >= -15;0.0;3.999627318E7
872;63 >= -15;0.0;3.999623125E7
873;63 >= -15;0.0;3.999637685E7
874;63 >= -15;0.0;3.999625587E7
875;63 >= -14;0.0;3.999630768E7
876;63 >= -14;0.0;3.999628458E7
877;63 >= -14;0.0;3.999616633E7
878;63 >= -14;0.0;3.99962735E7
879;63 >= -14;0.0;3.999624158E7
880;63 >= -14;0.0;3.999620143E7
881;63 >= -14;0.0;3.999632581E7
882;63 >= -14;0.0;3.999633751E7
883;63 >= -14;0.0;3.999634031E7
884;63 >= -14;0.0;3.999618669E7
885;63 >= -13;0.0;3.999630236E7
886;63 >= -13;0.0;3.99962271E7
887;63 >= -13;0.0;3.999607771E7
888;63 >= -13;0.0;3.999621029E7
889;63 >= -13;0.0;3.999625969E7
890;63 >= -13;0.0;3.999632946E7
891;63 >= -13;0.0;3.999617571E7
892;63 >= -13;0.0;3.999605668E7
893;63 >= -13;0.0;3.999619807E7
894;63 >= -13;0.0;3.999613355E7
895;63 >= -12;0.0;3.999622156E7
896;63 >= -12;0.0;3.999622568E7
897;63 >= -12;0.0;3.99961728E7
898;63 >= -12;0.0;3.999622223E7
899;63 >= -12;0.0;3.999626472E7
900;63 >= -12;0.0;3.999629597E7
901;63 >= -12;0.0;3.999628521E7
902;63 >= -12;0.0;3.999617433E7
903;63 >= -12;0.0;3.999614651E7
904;63 >= -12;0.0;3.999628505E7
905;63 >= -11;0.0;3.99961565E7
906;63 >= -11;0.0;3.99961602E7
907;63 >= -11;0.0;3.999624551E7
908;63 >= -11;0.0;3.999615909E7
909;63 >= -11;0.0;3.999607388E7
910;63 >= -11;0.0;3.999612998E7
911;63 >= -11;0.0;3.99961791E7
912;63 >= -11;0.0;3.999623663E7
913;63 >= -11;0.0;3.999625375E7
914;63 >= -11;0.0;3.999630328E7
915;63 >= -10;0.0;3.999621814E7
916;63 >= -10;0.0;3.999619361E7
917;63 >= -10;0.0;3.999610898E7
918;63 >= -10;0.0;3.999617159E7
919;63 >= -10;0.0;3.999618318E7
920;63 >= -10;0.0;3.999619477E7
921;63 >= -10;0.0;3.99961917E7
922;63 >= -10;0.0;3.999618157E7
923;63 >= -10;0.0;3.999622037E7
924;63 >= -10;0.0;3.999614668E7
925;63 >= -9;0.0;3.999592717E7
926;63 >= -9;0.0;3.999613011E7
927;63 >= -9;0.0;3.999605145E7
928;63 >= -9;0.0;3.999632509E7
929;63 >= -9;0.0;3.999619063E7
930;63 >= -9;0.0;3.999619242E7
931;63 >= -9;0.0;3.999619423E7
932;63 >= -9;0.0;3.999627762E7
933;63 >= -9;0.0;3.999604441E7
934;63 >= -9;0.0;3.999610764E7
935;63 >= -8;0.0;3.999614988E7
936;63 >= -8;0.0;3.999624144E7
937;63 >= -8;0.0;3.999612309E7
938;63 >= -8;0.0;3.999603153E7
939;63 >= -8;0.0;3.999617293E7
940;63 >= -8;0.0;3.999612192E7
941;63 >= -8;0.0;3.999623448E7
942;63 >= -8;0.0;3.999620154E7
943;63 >= -8;0.0;3.999618721E7
944;63 >= -8;0.0;3.999623585E7
945;63 >= -7;0.0;3.999607088E7
946;63 >= -7;0.0;3.99960599E7
947;63 >= -7;0.0;3.99961386E7
948;63 >= -7;0.0;3.999622481E7
949;63 >= -7;0.0;3.999622098E7
950;63 >= -7;0.0;3.999625056E7
951;63 >= -7;0.0;3.999619416E7
952;63 >= -7;0.0;3.999613721E7
953;63 >= -7;0.0;3.999623016E7
954;63 >= -7;0.0;3.999623243E7
955;63 >= -6;0.0;3.999633433E7
956;63 >= -6;0.0;3.999625437E7
957;63 >= -6;0.0;3.999626234E7
958;63 >= -6;0.0;3.999621979E7
959;63 >= -6;0.0;3.999609138E7
960;63 >= -6;0.0;3.9996249E7
961;63 >= -6;0.0;3.998907793E7
962;63 >= -6;0.0;3.999603515E7
963;63 >= -6;0.0;3.999613597E7
964;63 >= -6;0.0;3.999607117E7
965;63 >= -5;0.0;3.999615898E7
966;63 >= -5;0.0;3.999624494E7
967;63 >= -5;0.0;3.999614382E7
968;63 >= -5;0.0;3.999614792E7
969;63 >= -5;0.0;3.999613747E7
970;63 >= -5;0.0;3.999615297E7
971;63 >= -5;0.0;3.999614508E7
972;63 >= -5;0.0;3.999614082E7
973;63 >= -5;0.0;3.999613306E7
974;63 >= -5;0.0;3.999616833E7
975;63 >= -4;0.0;3.999614557E7
976;63 >= -4;0.0;3.999607842E7
977;63 >= -4;0.0;3.999593977E7
978;63 >= -4;0.0;3.999615517E7
979;63 >= -4;0.0;3.999617476E7
980;63 >= -4;0.0;3.999600524E7
981;63 >= -4;0.0;3.999614669E7
982;63 >= -4;0.0;3.999625511E7
983;63 >= -4;0.0;3.999616811E7
984;63 >= -4;0.0;3.999604897E7
985;63 >= -3;0.0;3.999614974E7
986;63 >= -3;0.0;3.999615361E7
987;63 >= -3;0.0;3.999613536E7
988;63 >= -3;0.0;3.999603996E7
989;63 >= -3;0.0;3.999615241E7
990;63 >= -3;0.0;3.999615779E7
991;63 >= -3;0.0;3.999614904E7
992;63 >= -3;0.0;3.999599488E7
993;63 >= -3;0.0;3.999616095E7
994;63 >= -3;0.0;3.999609024E7
995;63 >= -2;0.0;3.999610678E7
996;63 >= -2;0.0;3.999609479E7
997;63 >= -2;0.0;3.999610741E7
998;63 >= -2;0.0;3.999605328E7
999;63 >= -2;0.0;3.99960607E7
1000;63 >= -2;0.0;3.999621198E7
1001;63 >= -2;0.0;3.999611086E7
1002;63 >= -2;0.0;3.999600407E7
1003;63 >= -2;0.0;3.999622453E7
1004;63 >= -2;0.0;3.999605804E7
1005;63 >= -1;0.0;3.999610297E7
1006;63 >= -1;0.0;3.999603222E7
1007;63 >= -1;0.0;3.999619021E7
1008;63 >= -1;0.0;3.999609854E7
1009;63 >= -1;0.0;3.999606458E7
1010;63 >= -1;0.0;3.999617954E7
1011;63 >= -1;0.0;3.999616037E7
1012;63 >= -1;0.0;3.999606452E7
1013;63 >= -1;0.0;3.999611768E7
1014;63 >= -1;0.0;3.999600801E7
1015;63 >= -;0.0;3.999606232E7
1016;63 >= -;0.0;3.999615689E7
1017;63 >= -;0.0;3.999610193E7
1018;63 >= -;0.0;3.999611666E7
1019;63 >= -;0.0;3.999605235E7
1020;63 >= -;0.0;3.999603899E7
1021;63 >= -;0.0;3.999601984E7
1022;63 >= -;0.0;3.999610796E7
1023;63 >= -;0.0;3.999601095E7
1024;63 >= ;0.0;3.999614245E7
1025;63 >= ;0.0;3.999607735E7
1026;63 >= ;0.0;3.999612757E7
1027;63 >= ;0.0;3.999595917E7
1028;63 >= ;0.0;3.999618352E7
1029;63 >= ;0.0;3.999602802E7
1030;63 >= ;0.0;3.999615966E7
1031;63 >= ;0.0;3.999608335E7
1032;63 >= ;0.0;3.999608237E7
1033;63 >= ;0.0;3.999614761E7
1034;63 >= 1;0.0;3.999610219E7
1035;63 >= 1;0.0;3.99961965E7
1036;63 >= 1;0.0;3.999604223E7
1037;63 >= 1;0.0;3.999601296E7
1038;63 >= 1;0.0;3.999601897E7
1039;63 >= 1;0.0;3.999600218E7
1040;63 >= 1;0.0;3.999607017E7
1041;63 >= 1;0.0;3.999605379E7
1042;63 >= 1;0.0;3.999608443E7
1043;63 >= 1;0.0;3.999598546E7
1044;63 >= 2;0.0;3.999604441E7
1045;63 >= 2;0.0;3.999604968E7
1046;63 >= 2;0.0;3.999609228E7
1047;63 >= 2;0.0;3.999610722E7
1048;63 >= 2;0.0;3.999578142E7
1049;63 >= 2;0.0;3.999598176E7
1050;63 >= 2;0.0;3.999609905E7
1051;63 >= 2;0.0;3.999600415E7
1052;63 >= 2;0.0;3.999604888E7
1053;63 >= 2;0.0;3.999609423E7
1054;63 >= 3;0.0;3.99960451E7
1055;63 >= 3;0.0;3.99960749E7
1056;63 >= 3;0.0;3.999602707E7
1057;63 >= 3;0.0;3.999610537E7
1058;63 >= 3;0.0;3.999611431E7
1059;63 >= 3;0.0;3.999607904E7
1060;63 >= 3;0.0;3.999600677E7
1061;63 >= 3;0.0;3.999607573E7
1062;63 >= 3;0.0;3.999596601E7
1063;63 >= 3;0.0;3.999609579E7
1064;63 >= 4;0.0;3.999606614E7
1065;63 >= 4;0.0;3.999592877E7
1066;63 >= 4;0.0;3.999616593E7
1067;63 >= 4;0.0;3.999597171E7
1068;63 >= 4;0.0;3.999607137E7
1069;63 >= 4;0.0;3.999613621E7
1070;63 >= 4;0.0;3.999608868E7
1071;63 >= 4;0.0;3.999604778E7
1072;63 >= 4;0.0;3.999614845E7
1073;63 >= 4;0.0;3.999593406E7
1074;63 >= 5;0.0;3.999605995E7
1075;63 >= 5;0.0;3.99959872E7
1076;63 >= 5;0.0;3.999604718E7
1077;63 >= 5;0.0;3.999606138E7
1078;63 >= 5;0.0;3.999600286E7
1079;63 >= 5;0.0;3.999595346E7
1080;63 >= 5;0.0;3.999600716E7
1081;63 >= 5;0.0;3.999602671E7
1082;63 >= 5;0.0;3.999608272E7
1083;63 >= 5;0.0;3.999601645E7
1084;63 >= 6;0.0;3.999603516E7
1085;63 >= 6;0.0;3.999609337E7
1086;63 >= 6;0.0;3.999603239E7
1087;63 >= 6;0.0;3.999614728E7
1088;63 >= 6;0.0;3.999606257E7
1089;63 >= 6;0.0;3.999595576E7
1090;63 >= 6;0.0;3.999604571E7
1091;63 >= 6;0.0;3.999603574E7
1092;63 >= 6;0.0;3.999596539E7
1093;63 >= 6;0.0;3.999596625E7
1094;63 >= 7;0.0;3.999611159E7
1095;63 >= 7;0.0;3.999599393E7
1096;63 >= 7;0.0;3.999605637E7
1097;63 >= 7;0.0;3.999605142E7
1098;63 >= 7;0.0;3.999607407E7
1099;63 >= 7;0.0;3.99959909E7
1100;63 >= 7;0.0;3.999593353E7
1101;63 >= 7;0.0;3.999603028E7
1102;63 >= 7;0.0;3.99959475E7
1103;63 >= 7;0.0;3.999599227E7
1104;63 >= 8;0.0;3.999596141E7
1105;63 >= 8;0.0;3.999600533E7
1106;63 >= 8;0.0;3.99959009E7
1107;63 >= 8;0.0;3.999592219E7
1108;63 >= 8;0.0;3.999610278E7
1109;63 >= 8;0.0;3.99959584E7
1110;63 >= 8;0.0;3.999602902E7
1111;63 >= 8;0.0;3.999593324E7
1112;63 >= 8;0.0;3.999598366E7
1113;63 >= 8;0.0;3.99958936E7
1114;63 >= 9;0.0;3.999597923E7
1115;63 >= 9;0.0;3.999602029E7
1116;63 >= 9;0.0;3.999605538E7
1117;63 >= 9;0.0;3.99960027E7
1118;63 >= 9;0.0;3.999592669E7
1119;63 >= 9;0.0;3.999596404E7
1120;63 >= 9;0.0;3.999597295E7
1121;63 >= 9;0.0;3.999593896E7
1122;63 >= 9;0.0;3.999584201E7
1123;63 >= 9;0.0;3.999610628E7
1124;63 >= 10;0.0;3.99960533E7
1125;63 >= 10;0.0;3.999600882E7
1126;63 >= 10;0.0;3.999591748E7
1127;63 >= 10;0.0;3.999588909E7
1128;63 >= 10;0.0;3.999591793E7
1129;63 >= 10;0.0;3.999597405E7
1130;63 >= 10;0.0;3.999607381E7
1131;63 >= 10;0.0;3.998954074E7
1132;63 >= 10;0.0;3.999605773E7
1133;63 >= 10;0.0;3.999593469E7
1134;63 >= 11;0.0;3.999594064E7
1135;63 >= 11;0.0;3.99959288E7
1136;63 >= 11;0.0;3.999581218E7
1137;63 >= 11;0.0;3.999593654E7
1138;63 >= 11;0.0;3.999585181E7
1139;63 >= 11;0.0;3.999604874E7
1140;63 >= 11;0.0;3.999600441E7
1141;63 >= 11;0.0;3.999585066E7
1142;63 >= 11;0.0;3.999587569E7
1143;63 >= 11;0.0;3.999613527E7
1144;63 >= 12;0.0;3.999573833E7
1145;63 >= 12;0.0;3.99959427E7
1146;63 >= 12;0.0;3.999595781E7
1147;63 >= 12;0.0;3.999599093E7
1148;63 >= 12;0.0;3.999576605E7
1149;63 >= 12;0.0;3.999586808E7
1150;63 >= 12;0.0;3.999595825E7
1151;63 >= 12;0.0;3.999590476E7
1152;63 >= 12;0.0;3.999602061E7
1153;63 >= 12;0.0;3.999591672E7
1154;63 >= 13;0.0;3.999596683E7
1155;63 >= 13;0.0;3.999596619E7
1156;63 >= 13;0.0;3.999597052E7
1157;63 >= 13;0.0;3.999607196E7
1158;63 >= 13;0.0;3.999595759E7
1159;63 >= 13;0.0;3.99959716E7
1160;63 >= 13;0.0;3.999596424E7
1161;63 >= 13;0.0;3.999597481E7
1162;63 >= 13;0.0;3.999596571E7
1163;63 >= 13;0.0;3.999599173E7
1164;63 >= 14;0.0;3.999605764E7
1165;63 >= 14;0.0;3.999594286E7
1166;63 >= 14;0.0;3.999593242E7
1167;63 >= 14;0.0;3.99958889E7
1168;63 >= 14;0.0;3.999600583E7
1169;63 >= 14;0.0;3.999596189E7
1170;63 >= 14;0.0;3.999595497E7
1171;63 >= 14;0.0;3.999594859E7
1172;63 >= 14;0.0;3.999585503E7
1173;63 >= 14;0.0;3.999584687E7
1174;63 >= 15;0.0;3.999586106E7
1175;63 >= 15;0.0;3.999582831E7
1176;63 >= 15;0.0;3.999593011E7
1177;63 >= 15;0.0;3.999599478E7
1178;63 >= 15;0.0;3.999592351E7
1179;63 >= 15;0.0;3.999586118E7
1180;63 >= 15;0.0;3.999598226E7
1181;63 >= 15;0.0;3.999581724E7
1182;63 >= 15;0.0;3.999587407E7
1183;63 >= 15;0.0;3.999600897E7
1184;63 >= 16;0.0;3.999579078E7
1185;63 >= 16;0.0;3.999594628E7
1186;63 >= 16;0.0;3.99958876E7
1187;63 >= 16;0.0;3.998872328E7
1188;63 >= 16;0.0;3.999589061E7
1189;63 >= 16;0.0;3.999576798E7
1190;63 >= 16;0.0;3.999597575E7
1191;63 >= 16;0.0;3.999595039E7
1192;63 >= 16;0.0;3.999594666E7
1193;63 >= 16;0.0;3.999595345E7
1194;63 >= 17;0.0;3.999594866E7
1195;63 >= 17;0.0;3.999591536E7
1196;63 >= 17;0.0;3.999598139E7
1197;63 >= 17;0.0;3.999598901E7
1198;63 >= 17;0.0;3.999594867E7
1199;63 >= 17;0.0;3.999587765E7
1200;63 >= 17;0.0;3.999588158E7
1201;63 >= 17;0.0;3.999589639E7
1202;63 >= 17;0.0;3.999581748E7
1203;63 >= 17;0.0;3.999583029E7
1204;63 >= 18;0.0;3.999593321E7
1205;63 >= 18;0.0;3.999585639E7
1206;63 >= 18;0.0;3.999584095E7
1207;63 >= 18;0.0;3.999582166E7
1208;63 >= 18;0.0;3.999580469E7
1209;63 >= 18;0.0;3.999590432E7
1210;63 >= 18;0.0;3.999579159E7
1211;63 >= 18;0.0;3.999604492E7
1212;63 >= 18;0.0;3.999589874E7
1213;63 >= 18;0.0;3.998918236E7
1214;63 >= 19;0.0;3.999591245E7
1215;63 >= 19;0.0;3.999598056E7
1216;63 >= 19;0.0;3.999599941E7
1217;63 >= 19;0.0;3.999587922E7
1218;63 >= 19;0.0;3.999589335E7
1219;63 >= 19;0.0;3.999580899E7
1220;63 >= 19;0.0;3.999576587E7
1221;63 >= 19;0.0;3.999593105E7
1222;63 >= 19;0.0;3.999587326E7
1223;63 >= 19;0.0;3.999595828E7
1224;63 >= 20;0.0;3.999578731E7
1225;63 >= 20;0.0;3.999592544E7
1226;63 >= 20;0.0;3.999583227E7
1227;63 >= 20;0.0;3.999580782E7
1228;63 >= 20;0.0;3.999618097E7
1229;63 >= 20;0.0;3.999590039E7
1230;63 >= 20;0.0;3.999588336E7
1231;63 >= 20;0.0;3.999588753E7
1232;63 >= 20;0.0;3.999595564E7
1233;63 >= 20;0.0;3.999591312E7
1234;63 >= 21;0.0;3.999590213E7
1235;63 >= 21;0.0;3.999590401E7
1236;63 >= 21;0.0;3.99960586E7
1237;63 >= 21;0.0;3.999576138E7
1238;63 >= 21;0.0;3.999582429E7
1239;63 >= 21;0.0;3.999591765E7
1240;63 >= 21;0.0;3.999590253E7
1241;63 >= 21;0.0;3.999597456E7
1242;63 >= 21;0.0;3.999595474E7
1243;63 >= 21;0.0;4.003583717E7
1244;63 >= 22;0.0;3.999583204E7
1245;63 >= 22;0.0;3.999585459E7
1246;63 >= 22;0.0;3.999582248E7
1247;63 >= 22;0.0;3.999582885E7
1248;63 >= 22;0.0;3.999578508E7
1249;63 >= 22;0.0;3.999586425E7
1250;63 >= 22;0.0;3.999589752E7
1251;63 >= 22;0.0;3.999591372E7
1252;63 >= 22;0.0;3.999589274E7
1253;63 >= 22;0.0;3.999602086E7
1254;63 >= 23;0.0;3.999584172E7
1255;63 >= 23;0.0;3.999580132E7
1256;63 >= 23;0.0;3.999589497E7
1257;63 >= 23;0.0;3.999598193E7
1258;63 >= 23;0.0;3.999585165E7
1259;63 >= 23;0.0;3.999586239E7
1260;63 >= 23;0.0;3.999586438E7
1261;63 >= 23;0.0;3.999584482E7
1262;63 >= 23;0.0;3.99958894E7
1263;63 >= 23;0.0;3.999578002E7
1264;63 >= 24;0.0;3.99959257E7
1265;63 >= 24;0.0;3.999591387E7
1266;63 >= 24;0.0;3.999584731E7
1267;63 >= 24;0.0;3.999594469E7
1268;63 >= 24;0.0;3.99958754E7
1269;63 >= 24;0.0;3.999590266E7
1270;63 >= 24;0.0;3.99958864E7
1271;63 >= 24;0.0;3.999589675E7
1272;63 >= 24;0.0;3.999584783E7
1273;63 >= 24;0.0;3.999591451E7
1274;63 >= 25;0.0;3.999590038E7
1275;63 >= 25;0.0;3.999585458E7
1276;63 >= 25;0.0;3.999591897E7
1277;63 >= 25;0.0;3.999592165E7
1278;63 >= 25;0.0;3.99959056E7
1279;63 >= 25;0.0;3.999593115E7
1280;63 >= 25;0.0;3.999576999E7
1281;63 >= 25;0.0;3.999595826E7
1282;63 >= 25;0.0;3.999595854E7
1283;63 >= 25;0.0;3.999576761E7
1284;63 >= 26;0.0;3.999577015E7
1285;63 >= 26;0.0;3.99958602E7
1286;63 >= 26;0.0;3.999593343E7
1287;63 >= 26;0.0;3.999588234E7
1288;63 >= 26;0.0;3.999584922E7
1289;63 >= 26;0.0;3.99957719E7
1290;63 >= 26;0.0;3.999573937E7
1291;63 >= 26;0.0;3.999596091E7
1292;63 >= 26;0.0;3.999586127E7
1293;63 >= 26;0.0;3.999582196E7
1294;63 >= 27;0.0;3.999588914E7
1295;63 >= 27;0.0;3.998919271E7
1296;63 >= 27;0.0;3.999577441E7
1297;63 >= 27;0.0;3.999584649E7
1298;63 >= 27;0.0;3.999588699E7
1299;63 >= 27;0.0;3.999583866E7
1300;63 >= 27;0.0;3.999585966E7
1301;63 >= 27;0.0;3.999583208E7
1302;63 >= 27;0.0;3.999581353E7
1303;63 >= 27;0.0;3.999588735E7
1304;63 >= 28;0.0;3.999583723E7
1305;63 >= 28;0.0;3.999583908E7
1306;63 >= 28;0.0;3.99957966E7
1307;63 >= 28;0.0;3.999589058E7
1308;63 >= 28;0.0;3.999577305E7
1309;63 >= 28;0.0;3.999577256E7
1310;63 >= 28;0.0;3.999577957E7
1311;63 >= 28;0.0;3.999584647E7
1312;63 >= 28;0.0;3.999586025E7
1313;63 >= 28;0.0;3.999574564E7
1314;63 >= 29;0.0;3.999572733E7
1315;63 >= 29;0.0;3.99959011E7
1316;63 >= 29;0.0;3.999579719E7
1317;63 >= 29;0.0;3.999585899E7
1318;63 >= 29;0.0;3.999584813E7
1319;63 >= 29;0.0;3.999581988E7
1320;63 >= 29;0.0;3.999589352E7
1321;63 >= 29;0.0;3.999581301E7
1322;63 >= 29;0.0;3.999578029E7
1323;63 >= 29;0.0;3.999589336E7
1324;63 >= 30;0.0;3.999588524E7
1325;63 >= 30;0.0;3.99958876E7
1326;63 >= 30;0.0;3.999577923E7
1327;63 >= 30;0.0;3.999586206E7
1328;63 >= 30;0.0;3.999550654E7
1329;63 >= 30;0.0;3.999591585E7
1330;63 >= 30;0.0;3.999585329E7
1331;63 >= 30;0.0;3.999575014E7
1332;63 >= 30;0.0;3.999594183E7
1333;63 >= 30;0.0;3.999580434E7
1334;63 >= 31;0.0;3.999568178E7
1335;63 >= 31;0.0;3.999587769E7
1336;63 >= 31;0.0;3.999578749E7
1337;63 >= 31;0.0;3.999568344E7
1338;63 >= 31;0.0;3.999582751E7
1339;63 >= 31;0.0;3.999580367E7
1340;63 >= 31;0.0;3.999577944E7
1341;63 >= 31;0.0;3.999584138E7
1342;63 >= 31;0.0;3.999577583E7
1343;63 >= 31;0.0;3.99957462E7
1344;63 >= 32;0.0;3.999583487E7
1345;63 >= 32;0.0;3.999581785E7
1346;63 >= 32;0.0;3.999585096E7
1347;63 >= 32;0.0;3.999581421E7
1348;63 >= 32;0.0;3.999578404E7
1349;63 >= 32;0.0;3.999581755E7
1350;63 >= 32;0.0;3.999579576E7
1351;63 >= 32;0.0;3.999580138E7
1352;63 >= 32;0.0;3.999576636E7
1353;63 >= 32;0.0;3.999582574E7
1354;63 >= 33;0.0;3.999580819E7
1355;63 >= 33;0.0;3.999580275E7
1356;63 >= 33;0.0;3.999554802E7
1357;63 >= 33;0.0;3.999585709E7
1358;63 >= 33;0.0;3.999580916E7
1359;63 >= 33;0.0;3.999579475E7
1360;63 >= 33;0.0;3.999580915E7
1361;63 >= 33;0.0;3.999573779E7
1362;63 >= 33;0.0;3.999581849E7
1363;63 >= 33;0.0;3.999567426E7
1364;63 >= 34;0.0;3.999580677E7
1365;63 >= 34;0.0;3.999582242E7
1366;63 >= 34;0.0;3.999584785E7
1367;63 >= 34;0.0;3.999585854E7
1368;63 >= 34;0.0;3.999580072E7
1369;63 >= 34;0.0;3.999574414E7
1370;63 >= 34;0.0;3.999577367E7
1371;63 >= 34;0.0;3.999580002E7
1372;63 >= 34;0.0;3.999563134E7
1373;63 >= 34;0.0;3.99957183E7
1374;63 >= 35;0.0;3.999576914E7
1375;63 >= 35;0.0;3.999575169E7
1376;63 >= 35;0.0;3.999580839E7
1377;63 >= 35;0.0;3.998926889E7
1378;63 >= 35;0.0;3.999579975E7
1379;63 >= 35;0.0;3.999575447E7
1380;63 >= 35;0.0;3.999578338E7
1381;63 >= 35;0.0;3.999577199E7
1382;63 >= 35;0.0;3.999579709E7
1383;63 >= 35;0.0;3.99958141E7
1384;63 >= 36;0.0;3.999564768E7
1385;63 >= 36;0.0;3.99957825E7
1386;63 >= 36;0.0;3.999574396E7
1387;63 >= 36;0.0;3.999578258E7
1388;63 >= 36;0.0;3.999578176E7
1389;63 >= 36;0.0;3.999573473E7
1390;63 >= 36;0.0;3.999565035E7
1391;63 >= 36;0.0;3.999580503E7
1392;63 >= 36;0.0;3.999576408E7
1393;63 >= 36;0.0;3.99957644E7
1394;63 >= 37;0.0;3.999554252E7
1395;63 >= 37;0.0;3.999570289E7
1396;63 >= 37;0.0;3.999565815E7
1397;63 >= 37;0.0;3.999579255E7
1398;63 >= 37;0.0;3.99958154E7
1399;63 >= 37;0.0;3.999581123E7
1400;63 >= 37;0.0;3.999581661E7
1401;63 >= 37;0.0;3.999550183E7
1402;63 >= 37;0.0;3.999569882E7
1403;63 >= 37;0.0;3.999569097E7
1404;63 >= 38;0.0;3.999588949E7
1405;63 >= 38;0.0;3.999575652E7
1406;63 >= 38;0.0;3.999576807E7
1407;63 >= 38;0.0;3.999576515E7
1408;63 >= 38;0.0;3.999573171E7
1409;63 >= 38;0.0;3.999569155E7
1410;63 >= 38;0.0;3.999556569E7
1411;63 >= 38;0.0;3.999570042E7
1412;63 >= 38;0.0;3.999573462E7
1413;63 >= 38;0.0;3.999574012E7
1414;63 >= 39;0.0;3.999570741E7
1415;63 >= 39;0.0;3.999568128E7
1416;63 >= 39;0.0;3.999566414E7
1417;63 >= 39;0.0;3.99955395E7
1418;63 >= 39;0.0;3.999568328E7
1419;63 >= 39;0.0;3.999555959E7
1420;63 >= 39;0.0;3.999564107E7
1421;63 >= 39;0.0;3.999568097E7
1422;63 >= 39;0.0;3.99957041E7
1423;63 >= 39;0.0;3.999573603E7
1424;63 >= 40;0.0;3.999574017E7
1425;63 >= 40;0.0;3.999567169E7
1426;63 >= 40;0.0;3.999571807E7
1427;63 >= 40;0.0;3.999567554E7
1428;63 >= 40;0.0;3.999569543E7
1429;63 >= 40;0.0;3.999565063E7
1430;63 >= 40;0.0;3.999556438E7
1431;63 >= 40;0.0;3.999567802E7
1432;63 >= 40;0.0;3.999575796E7
1433;63 >= 40;0.0;3.999571054E7
1434;63 >= 41;0.0;3.999559297E7
1435;63 >= 41;0.0;3.999569249E7
1436;63 >= 41;0.0;3.999567829E7
1437;63 >= 41;0.0;3.999558636E7
1438;63 >= 41;0.0;3.99955914E7
1439;63 >= 41;0.0;3.999569392E7
1440;63 >= 41;0.0;3.999566013E7
1441;63 >= 41;0.0;3.999572651E7
1442;63 >= 41;0.0;4.000283759E7
1443;63 >= 41;0.0;3.9995773E7
1444;63 >= 42;0.0;3.999570583E7
1445;63 >= 42;0.0;3.99956457E7
1446;63 >= 42;0.0;3.999566809E7
1447;63 >= 42;0.0;3.999573134E7
1448;63 >= 42;0.0;3.999563327E7
1449;63 >= 42;0.0;3.999571765E7
1450;63 >= 42;0.0;3.999567572E7
1451;63 >= 42;0.0;3.999560933E7
1452;63 >= 42;0.0;3.999562147E7
1453;63 >= 42;0.0;3.999564709E7
1454;63 >= 43;0.0;3.999557315E7
1455;63 >= 43;0.0;3.999562064E7
1456;63 >= 43;0.0;3.999567687E7
1457;63 >= 43;0.0;3.999573976E7
1458;63 >= 43;0.0;3.999557526E7
1459;63 >= 43;0.0;3.998900933E7
1460;63 >= 43;0.0;3.999567153E7
1461;63 >= 43;0.0;3.999557306E7
1462;63 >= 43;0.0;3.99957735E7
1463;63 >= 43;0.0;3.999568892E7
1464;63 >= 44;0.0;3.999574289E7
1465;63 >= 44;0.0;3.999563912E7
1466;63 >= 44;0.0;3.999564952E7
1467;63 >= 44;0.0;3.999561643E7
1468;63 >= 44;0.0;3.999544949E7
1469;63 >= 44;0.0;3.999568751E7
1470;63 >= 44;0.0;3.999568813E7
1471;63 >= 44;0.0;3.999574738E7
1472;63 >= 44;0.0;3.999562519E7
1473;63 >= 44;0.0;3.999569492E7
1474;63 >= 45;0.0;3.999565905E7
1475;63 >= 45;0.0;3.999567312E7
1476;63 >= 45;0.0;3.999571513E7
1477;63 >= 45;0.0;3.999569658E7
1478;63 >= 45;0.0;3.999563261E7
1479;63 >= 45;0.0;3.99956772E7
1480;63 >= 45;0.0;3.999569382E7
1481;63 >= 45;0.0;3.999563497E7
1482;63 >= 45;0.0;3.999570636E7
1483;63 >= 45;0.0;3.999568559E7
1484;63 >= 46;0.0;3.999572886E7
1485;63 >= 46;0.0;3.999560952E7
1486;63 >= 46;0.0;3.999552718E7
1487;63 >= 46;0.0;3.999586149E7
1488;63 >= 46;0.0;3.999558525E7
1489;63 >= 46;0.0;3.999577753E7
1490;63 >= 46;0.0;3.999565361E7
1491;63 >= 46;0.0;3.999563121E7
1492;63 >= 46;0.0;3.999564742E7
1493;63 >= 46;0.0;3.999562864E7
1494;63 >= 47;0.0;3.999561395E7
1495;63 >= 47;0.0;3.999565258E7
1496;63 >= 47;0.0;3.99956598E7
1497;63 >= 47;0.0;3.999567572E7
1498;63 >= 47;0.0;3.999592691E7
1499;63 >= 47;0.0;3.999559805E7
1500;63 >= 47;0.0;3.999568811E7
1501;63 >= 47;0.0;3.999555536E7
1502;63 >= 47;0.0;3.999560447E7
1503;63 >= 47;0.0;3.999565815E7
1504;63 >= 48;0.0;3.999563163E7
1505;63 >= 48;0.0;3.999562474E7
1506;63 >= 48;0.0;3.999560589E7
1507;63 >= 48;0.0;3.999570048E7
1508;63 >= 48;0.0;3.999562678E7
1509;63 >= 48;0.0;3.999559457E7
1510;63 >= 48;0.0;3.999568132E7
1511;63 >= 48;0.0;3.999554925E7
1512;63 >= 48;0.0;3.999560215E7
1513;63 >= 48;0.0;3.999566006E7
1514;63 >= 49;0.0;3.999565435E7
1515;63 >= 49;0.0;3.999567778E7
1516;63 >= 49;0.0;3.999566767E7
1517;63 >= 49;0.0;3.999561226E7
1518;63 >= 49;0.0;3.999564846E7
1519;63 >= 49;0.0;3.999553548E7
1520;63 >= 49;0.0;3.99955719E7
1521;63 >= 49;0.0;3.999564054E7
1522;63 >= 49;0.0;3.999564151E7
1523;63 >= 49;0.0;3.999564385E7
1524;63 >= 50;0.0;3.999556742E7
1525;63 >= 50;0.0;3.999566978E7
1526;63 >= 50;0.0;3.999561399E7
1527;63 >= 50;0.0;3.999563962E7
1528;63 >= 50;0.0;3.999559429E7
1529;63 >= 50;0.0;3.999555626E7
1530;63 >= 50;0.0;3.999564904E7
1531;63 >= 50;0.0;3.999561041E7
1532;63 >= 50;0.0;3.999565727E7
1533;63 >= 50;0.0;3.999565425E7
1534;63 >= 51;0.0;3.999558002E7
1535;63 >= 51;0.0;3.999562918E7
1536;63 >= 51;0.0;3.999546984E7
1537;63 >= 51;0.0;3.999558695E7
1538;63 >= 51;0.0;3.999557914E7
1539;63 >= 51;0.0;3.999566196E7
1540;63 >= 51;0.0;3.999564994E7
1541;63 >= 51;0.0;3.998901693E7
1542;63 >= 51;0.0;3.999565414E7
1543;63 >= 51;0.0;3.999562055E7
1544;63 >= 52;0.0;3.999559929E7
1545;63 >= 52;0.0;3.999562708E7
1546;63 >= 52;0.0;3.999557896E7
1547;63 >= 52;0.0;3.999556647E7
1548;63 >= 52;0.0;3.999558688E7
1549;63 >= 52;0.0;3.999554518E7
1550;63 >= 52;0.0;3.999558726E7
1551;63 >= 52;0.0;3.999562958E7
1552;63 >= 52;0.0;3.999563306E7
1553;63 >= 52;0.0;3.99955908E7
1554;63 >= 53;0.0;3.999554446E7
1555;63 >= 53;0.0;3.999549344E7
1556;63 >= 53;0.0;3.999556716E7
1557;63 >= 53;0.0;3.999544337E7
1558;63 >= 53;0.0;3.999555848E7
1559;63 >= 53;0.0;3.999545635E7
1560;63 >= 53;0.0;3.999561524E7
1561;63 >= 53;0.0;3.999541139E7
1562;63 >= 53;0.0;3.999525685E7
1563;63 >= 53;0.0;3.999544364E7
1564;63 >= 54;0.0;3.999556146E7
1565;63 >= 54;0.0;3.999546279E7
1566;63 >= 54;0.0;3.99955336E7
1567;63 >= 54;0.0;3.999547362E7
1568;63 >= 54;0.0;3.999558165E7
1569;63 >= 54;0.0;3.999562534E7
1570;63 >= 54;0.0;3.999551535E7
1571;63 >= 54;0.0;3.999559931E7
1572;63 >= 54;0.0;3.999549517E7
1573;63 >= 54;0.0;3.999556103E7
1574;63 >= 55;0.0;3.999555879E7
1575;63 >= 55;0.0;3.999550375E7
1576;63 >= 55;0.0;3.999555352E7
1577;63 >= 55;0.0;3.999549886E7
1578;63 >= 55;0.0;3.999550805E7
1579;63 >= 55;0.0;3.999545931E7
1580;63 >= 55;0.0;3.999550766E7
1581;63 >= 55;0.0;3.999557437E7
1582;63 >= 55;0.0;3.999553976E7
1583;63 >= 55;0.0;3.999547362E7
1584;63 >= 56;0.0;3.999552254E7
1585;63 >= 56;0.0;3.999552698E7
1586;63 >= 56;0.0;3.999555163E7
1587;63 >= 56;0.0;3.999553275E7
1588;63 >= 56;0.0;3.999546672E7
1589;63 >= 56;0.0;3.999563103E7
1590;63 >= 56;0.0;3.999556961E7
1591;63 >= 56;0.0;3.999557049E7
1592;63 >= 56;0.0;3.99954905E7
1593;63 >= 56;0.0;3.999552802E7
1594;63 >= 57;0.0;3.999547304E7
1595;63 >= 57;0.0;3.999547768E7
1596;63 >= 57;0.0;3.999550444E7
1597;63 >= 57;0.0;3.999552838E7
1598;63 >= 57;0.0;3.999550307E7
1599;63 >= 57;0.0;3.999557699E7
1600;63 >= 57;0.0;3.99952957E7
1601;63 >= 57;0.0;3.999549971E7
1602;63 >= 57;0.0;3.999549143E7
1603;63 >= 57;0.0;3.99956691E7
1604;63 >= 58;0.0;3.999549287E7
1605;63 >= 58;0.0;3.999543241E7
1606;63 >= 58;0.0;3.999539664E7
1607;63 >= 58;0.0;3.999546831E7
1608;63 >= 58;0.0;3.999524485E7
1609;63 >= 58;0.0;3.999536859E7
1610;63 >= 58;0.0;3.999546104E7
1611;63 >= 58;0.0;3.999539138E7
1612;63 >= 58;0.0;3.999548281E7
1613;63 >= 58;0.0;3.999550087E7
1614;63 >= 59;0.0;3.999555581E7
1615;63 >= 59;0.0;3.999542029E7
1616;63 >= 59;0.0;3.999551623E7
1617;63 >= 59;0.0;3.999548742E7
1618;63 >= 59;0.0;3.999536714E7
1619;63 >= 59;0.0;3.999542271E7
1620;63 >= 59;0.0;3.999545608E7
1621;63 >= 59;0.0;3.999557926E7
1622;63 >= 59;0.0;3.999546178E7
1623;63 >= 59;0.0;3.999555948E7
1624;63 >= 60;0.0;3.999556029E7
1625;63 >= 60;0.0;3.999552365E7
1626;63 >= 60;0.0;3.999543549E7
1627;63 >= 60;0.0;3.999545494E7
1628;63 >= 60;0.0;3.999544556E7
1629;63 >= 60;0.0;3.999559049E7
1630;63 >= 60;0.0;3.999541053E7
1631;63 >= 60;0.0;3.999555688E7
1632;63 >= 60;0.0;3.999548313E7
1633;63 >= 60;0.0;3.99953645E7
1634;63 >= 61;0.0;3.999548379E7
1635;63 >= 61;0.0;3.999543511E7
1636;63 >= 61;0.0;3.999548768E7
1637;63 >= 61;0.0;3.99955766E7
1638;63 >= 61;0.0;3.999545195E7
1639;63 >= 61;0.0;3.999548342E7
1640;63 >= 61;0.0;3.999546845E7
1641;63 >= 61;0.0;3.999543255E7
1642;63 >= 61;0.0;3.999553662E7
1643;63 >= 61;0.0;3.999550158E7
1644;63 >= 62;0.0;3.999547963E7
1645;63 >= 62;0.0;3.999548094E7
1646;63 >= 62;0.0;3.999546075E7
1647;63 >= 62;0.0;3.999541338E7
1648;63 >= 62;0.0;3.999549991E7
1649;63 >= 62;0.0;3.999540867E7
1650;63 >= 62;0.0;3.999546489E7
1651;63 >= 62;0.0;3.999548515E7
1652;63 >= 62;0.0;3.999550086E7
1653;63 >= 62;0.0;3.999546702E7
1654;63 >= 63;0.0;3.999560391E7
1655;63 >= 63;0.0;3.999545257E7
1656;63 >= 63;0.0;3.999536047E7
1657;63 >= 63;0.0;3.999536671E7
1658;63 >= 63;0.0;3.999548348E7
1659;63 >= 63;0.0;3.99954423E7
1660;63 >= 63;0.0;3.999544678E7
1661;63 >= 63;0.0;3.99954882E7
1662;63 >= 63;0.0;3.999540101E7
1663;63 >= 63;0.0;3.999545845E7
1664;63 >= 64;0.0;3.999548713E7
1665;63 >= 64;0.0;3.999515067E7
1666;63 >= 64;0.0;3.999561853E7
1667;63 >= 64;0.0;3.999550039E7
1668;63 >= 64;0.0;3.999549148E7
1669;63 >= 64;0.0;3.99955058E7
1670;63 >= 64;0.0;3.999551754E7
1671;63 >= 64;0.0;3.999535665E7
1672;63 >= 64;0.0;3.999550893E7
1673;63 >= 64;0.0;3.999548135E7
1674;63 >= 65;0.0;3.999525741E7
1675;63 >= 65;0.0;3.999545787E7
1676;63 >= 65;0.0;3.999531136E7
1677;63 >= 65;0.0;3.999549485E7
1678;63 >= 65;0.0;3.999545468E7
1679;63 >= 65;0.0;3.9995352E7
1680;63 >= 65;0.0;3.999537556E7
1681;63 >= 65;0.0;3.999547491E7
1682;63 >= 65;0.0;3.999549031E7
1683;63 >= 65;0.0;3.999539456E7
1684;63 >= 66;0.0;3.999543155E7
1685;63 >= 66;0.0;3.999537005E7
1686;63 >= 66;0.0;3.999542206E7
1687;63 >= 66;0.0;3.999540772E7
1688;63 >= 66;0.0;3.999542837E7
1689;63 >= 66;0.0;3.999547436E7
1690;63 >= 66;0.0;3.999534103E7
1691;63 >= 66;0.0;3.999538443E7
1692;63 >= 66;0.0;3.99954733E7
1693;63 >= 66;0.0;3.999543004E7
1694;63 >= 67;0.0;3.999562872E7
1695;63 >= 67;0.0;3.999531169E7
1696;63 >= 67;0.0;3.999549776E7
1697;63 >= 67;0.0;3.999546815E7
1698;63 >= 67;0.0;3.999550516E7
1699;63 >= 67;0.0;3.999545884E7
1700;63 >= 67;0.0;3.999535381E7
1701;63 >= 67;0.0;3.999538181E7
1702;63 >= 67;0.0;3.999543633E7
1703;63 >= 67;0.0;3.999539948E7
1704;63 >= 68;0.0;3.999549697E7
1705;63 >= 68;0.0;3.999546377E7
1706;63 >= 68;0.0;3.999538663E7
1707;63 >= 68;0.0;3.999550123E7
1708;63 >= 68;0.0;3.999543043E7
1709;63 >= 68;0.0;3.999528488E7
1710;63 >= 68;0.0;3.999548938E7
1711;63 >= 68;0.0;3.999541857E7
1712;63 >= 68;0.0;3.999539181E7
1713;63 >= 68;0.0;3.999544444E7
1714;63 >= 69;0.0;3.999541498E7
1715;63 >= 69;0.0;3.999542905E7
1716;63 >= 69;0.0;3.999545611E7
1717;63 >= 69;0.0;3.999544042E7
1718;63 >= 69;0.0;3.999532518E7
1719;63 >= 69;0.0;3.999540318E7
1720;63 >= 69;0.0;3.999536273E7
1721;63 >= 69;0.0;3.999537918E7
1722;63 >= 69;0.0;3.999544017E7
1723;63 >= 69;0.0;3.999514977E7
1724;63 >= 70;0.0;3.999544268E7
1725;63 >= 70;0.0;3.999540795E7
1726;63 >= 70;0.0;3.999547278E7
1727;63 >= 70;0.0;3.999539886E7
1728;63 >= 70;0.0;3.999548798E7
1729;63 >= 70;0.0;3.99953725E7
1730;63 >= 70;0.0;3.999541403E7
1731;63 >= 70;0.0;3.999540892E7
1732;63 >= 70;0.0;3.999545914E7
1733;63 >= 70;0.0;3.999550014E7
1734;63 >= 71;0.0;3.999535745E7
1735;63 >= 71;0.0;3.999542248E7
1736;63 >= 71;0.0;3.999535911E7
1737;63 >= 71;0.0;3.999544023E7
1738;63 >= 71;0.0;3.999546871E7
1739;63 >= 71;0.0;3.999539229E7
1740;63 >= 71;0.0;3.999545671E7
1741;63 >= 71;0.0;3.999539989E7
1742;63 >= 71;0.0;3.999547089E7
1743;63 >= 71;0.0;3.999543494E7
1744;63 >= 72;0.0;3.999542192E7
1745;63 >= 72;0.0;3.999543519E7
1746;63 >= 72;0.0;3.999542388E7
1747;63 >= 72;0.0;3.99951171E7
1748;63 >= 72;0.0;3.999537558E7
1749;63 >= 72;0.0;3.999539431E7
1750;63 >= 72;0.0;3.999538679E7
1751;63 >= 72;0.0;3.999533178E7
1752;63 >= 72;0.0;3.999539475E7
1753;63 >= 72;0.0;3.999534593E7
1754;63 >= 73;0.0;3.999535547E7
1755;63 >= 73;0.0;3.999538173E7
1756;63 >= 73;0.0;3.999530133E7
1757;63 >= 73;0.0;3.999541108E7
1758;63 >= 73;0.0;3.999532573E7
1759;63 >= 73;0.0;3.999536359E7
1760;63 >= 73;0.0;3.999539747E7
1761;63 >= 73;0.0;3.999533123E7
1762;63 >= 73;0.0;3.999534608E7
1763;63 >= 73;0.0;3.999543286E7
1764;63 >= 74;0.0;3.999540379E7
1765;63 >= 74;0.0;3.999525472E7
1766;63 >= 74;0.0;3.999546098E7
1767;63 >= 74;0.0;3.999534414E7
1768;63 >= 74;0.0;3.999535236E7
1769;63 >= 74;0.0;3.999536963E7
1770;63 >= 74;0.0;3.999537169E7
1771;63 >= 74;0.0;3.999538021E7
1772;63 >= 74;0.0;3.9995383E7
1773;63 >= 74;0.0;3.999539922E7
1774;63 >= 75;0.0;3.9995328E7
1775;63 >= 75;0.0;3.999542233E7
1776;63 >= 75;0.0;3.999534257E7
1777;63 >= 75;0.0;3.999530766E7
1778;63 >= 75;0.0;3.999539367E7
1779;63 >= 75;0.0;3.999544005E7
1780;63 >= 75;0.0;3.999544244E7
1781;63 >= 75;0.0;3.999535502E7
1782;63 >= 75;0.0;3.999537659E7
1783;63 >= 75;0.0;3.999538046E7
1784;63 >= 76;0.0;3.999534471E7
1785;63 >= 76;0.0;3.999525705E7
1786;63 >= 76;0.0;3.999532338E7
1787;63 >= 76;0.0;3.999538118E7
1788;63 >= 76;0.0;3.999478509E7
1789;63 >= 76;0.0;3.999530042E7
1790;63 >= 76;0.0;3.999528938E7
1791;63 >= 76;0.0;3.999531834E7
1792;63 >= 76;0.0;3.999532516E7
1793;63 >= 76;0.0;3.999534902E7
1794;63 >= 77;0.0;3.999519043E7
1795;63 >= 77;0.0;3.999530914E7
1796;63 >= 77;0.0;3.999540538E7
1797;63 >= 77;0.0;3.999530367E7
1798;63 >= 77;0.0;3.99953266E7
1799;63 >= 77;0.0;3.999530875E7
1800;63 >= 77;0.0;3.999526269E7
1801;63 >= 77;0.0;3.999529244E7
1802;63 >= 77;0.0;3.999531238E7
1803;63 >= 77;0.0;3.999537194E7
1804;63 >= 78;0.0;3.999532747E7
1805;63 >= 78;0.0;3.999526051E7
1806;63 >= 78;0.0;3.999528998E7
1807;63 >= 78;0.0;3.999532188E7
1808;63 >= 78;0.0;3.999529602E7
1809;63 >= 78;0.0;3.999529828E7
1810;63 >= 78;0.0;3.999527526E7
1811;63 >= 78;0.0;3.999530321E7
1812;63 >= 78;0.0;3.999530838E7
1813;63 >= 78;0.0;3.999534712E7
1814;63 >= 79;0.0;3.999529257E7
1815;63 >= 79;0.0;3.999526516E7
1816;63 >= 79;0.0;3.99954069E7
1817;63 >= 79;0.0;4.000247212E7
1818;63 >= 79;0.0;3.99952897E7
1819;63 >= 79;0.0;3.99953405E7
1820;63 >= 79;0.0;3.999521835E7
1821;63 >= 79;0.0;3.999523387E7
1822;63 >= 79;0.0;3.999526982E7
1823;63 >= 79;0.0;3.999523098E7
1824;63 >= 80;0.0;3.999526994E7
1825;63 >= 80;0.0;3.999528547E7
1826;63 >= 80;0.0;3.999526843E7
1827;63 >= 80;0.0;3.999517921E7
1828;63 >= 80;0.0;3.999525521E7
1829;63 >= 80;0.0;3.999517106E7
1830;63 >= 80;0.0;3.99952466E7
1831;63 >= 80;0.0;3.999527539E7
1832;63 >= 80;0.0;3.999530966E7
1833;63 >= 80;0.0;3.99951114E7
1834;63 >= 81;0.0;3.999520141E7
1835;63 >= 81;0.0;3.999528802E7
1836;63 >= 81;0.0;3.999534121E7
1837;63 >= 81;0.0;3.999526644E7
1838;63 >= 81;0.0;3.999526836E7
1839;63 >= 81;0.0;3.999533761E7
1840;63 >= 81;0.0;3.999519258E7
1841;63 >= 81;0.0;3.999527264E7
1842;63 >= 81;0.0;4.003519902E7
1843;63 >= 81;0.0;3.999515351E7
1844;63 >= 82;0.0;3.999528748E7
1845;63 >= 82;0.0;3.999530369E7
1846;63 >= 82;0.0;3.999528129E7
1847;63 >= 82;0.0;3.999535355E7
1848;63 >= 82;0.0;3.999525477E7
1849;63 >= 82;0.0;3.999517019E7
1850;63 >= 82;0.0;3.99952252E7
1851;63 >= 82;0.0;3.999512194E7
1852;63 >= 82;0.0;3.999525823E7
1853;63 >= 82;0.0;3.999515019E7
1854;63 >= 83;0.0;3.99952099E7
1855;63 >= 83;0.0;3.999518811E7
1856;63 >= 83;0.0;3.999513281E7
1857;63 >= 83;0.0;3.999525564E7
1858;63 >= 83;0.0;3.999509803E7
1859;63 >= 83;0.0;3.999526062E7
1860;63 >= 83;0.0;3.999519795E7
1861;63 >= 83;0.0;3.999505631E7
1862;63 >= 83;0.0;3.999521888E7
1863;63 >= 83;0.0;3.999491416E7
1864;63 >= 84;0.0;3.999509418E7
1865;63 >= 84;0.0;3.99950769E7
1866;63 >= 84;0.0;3.999525577E7
1867;63 >= 84;0.0;3.999507977E7
1868;63 >= 84;0.0;3.999518196E7
1869;63 >= 84;0.0;3.999517114E7
1870;63 >= 84;0.0;3.999519412E7
1871;63 >= 84;0.0;3.999514776E7
1872;63 >= 84;0.0;3.999518537E7
1873;63 >= 84;0.0;3.999525224E7
1874;63 >= 85;0.0;3.999530104E7
1875;63 >= 85;0.0;3.999525113E7
1876;63 >= 85;0.0;3.99949706E7
1877;63 >= 85;0.0;3.999528909E7
1878;63 >= 85;0.0;3.999522591E7
1879;63 >= 85;0.0;3.999525992E7
1880;63 >= 85;0.0;3.999506332E7
1881;63 >= 85;0.0;3.999522511E7
1882;63 >= 85;0.0;3.999532011E7
1883;63 >= 85;0.0;3.999523966E7
1884;63 >= 86;0.0;3.999524912E7
1885;63 >= 86;0.0;3.999518703E7
1886;63 >= 86;0.0;3.999519493E7
1887;63 >= 86;0.0;3.999523257E7
1888;63 >= 86;0.0;3.999532088E7
1889;63 >= 86;0.0;3.999519933E7
1890;63 >= 86;0.0;3.999519831E7
1891;63 >= 86;0.0;3.999530223E7
1892;63 >= 86;0.0;3.999519862E7
1893;63 >= 86;0.0;3.999508238E7
1894;63 >= 87;0.0;3.999511671E7
1895;63 >= 87;0.0;3.999526161E7
1896;63 >= 87;0.0;3.999515495E7
1897;63 >= 87;0.0;3.999519217E7
1898;63 >= 87;0.0;3.999515752E7
1899;63 >= 87;0.0;3.999514381E7
1900;63 >= 87;0.0;3.999511584E7
1901;63 >= 87;0.0;3.999512302E7
1902;63 >= 87;0.0;3.999528586E7
1903;63 >= 87;0.0;3.999511707E7
1904;63 >= 88;0.0;3.999509649E7
1905;63 >= 88;0.0;3.999522159E7
1906;63 >= 88;0.0;3.999519933E7
1907;63 >= 88;0.0;3.999516831E7
1908;63 >= 88;0.0;3.999511126E7
1909;63 >= 88;0.0;3.999522077E7
1910;63 >= 88;0.0;3.999514029E7
1911;63 >= 88;0.0;3.999507878E7
1912;63 >= 88;0.0;3.999518848E7
1913;63 >= 88;0.0;3.999519919E7
1914;63 >= 89;0.0;3.999514371E7
1915;63 >= 89;0.0;3.999512074E7
1916;63 >= 89;0.0;3.999523764E7
1917;63 >= 89;0.0;3.999518971E7
1918;63 >= 89;0.0;3.999514808E7
1919;63 >= 89;0.0;3.999517709E7
1920;63 >= 89;0.0;3.999517809E7
1921;63 >= 89;0.0;3.999515133E7
1922;63 >= 89;0.0;3.999511756E7
1923;63 >= 89;0.0;3.999522334E7
1924;63 >= 90;0.0;3.99951077E7
1925;63 >= 90;0.0;3.99951242E7
1926;63 >= 90;0.0;3.999523289E7
1927;63 >= 90;0.0;3.999523005E7
1928;63 >= 90;0.0;3.999514377E7
1929;63 >= 90;0.0;3.999501411E7
1930;63 >= 90;0.0;3.999513001E7
1931;63 >= 90;0.0;3.999512826E7
1932;63 >= 90;0.0;3.999511158E7
1933;63 >= 90;0.0;3.99950925E7
1934;63 >= 91;0.0;3.999511606E7
1935;63 >= 91;0.0;3.999513407E7
1936;63 >= 91;0.0;3.999504746E7
1937;63 >= 91;0.0;3.999495951E7
1938;63 >= 91;0.0;3.999511565E7
1939;63 >= 91;0.0;3.999500664E7
1940;63 >= 91;0.0;3.999524625E7
1941;63 >= 91;0.0;3.999518227E7
1942;63 >= 91;0.0;3.999510064E7
1943;63 >= 91;0.0;3.999511423E7
1944;63 >= 92;0.0;3.999516335E7
1945;63 >= 92;0.0;3.999512055E7
1946;63 >= 92;0.0;3.999506617E7
1947;63 >= 92;0.0;3.999512137E7
1948;63 >= 92;0.0;3.999512914E7
1949;63 >= 92;0.0;3.999508819E7
1950;63 >= 92;0.0;3.999512281E7
1951;63 >= 92;0.0;3.999512168E7
1952;63 >= 92;0.0;3.99951244E7
1953;63 >= 92;0.0;3.999516701E7
1954;63 >= 93;0.0;3.999522489E7
1955;63 >= 93;0.0;3.999504708E7
1956;63 >= 93;0.0;3.999516096E7
1957;63 >= 93;0.0;3.999517954E7
1958;63 >= 93;0.0;3.99950843E7
1959;63 >= 93;0.0;3.999514535E7
1960;63 >= 93;0.0;3.99951324E7
1961;63 >= 93;0.0;3.999516936E7
1962;63 >= 93;0.0;3.999515788E7
1963;63 >= 93;0.0;3.999503296E7
1964;63 >= 94;0.0;3.999513762E7
1965;63 >= 94;0.0;3.99952517E7
1966;63 >= 94;0.0;3.999523031E7
1967;63 >= 94;0.0;3.999513021E7
1968;63 >= 94;0.0;3.999513285E7
1969;63 >= 94;0.0;3.999501344E7
1970;63 >= 94;0.0;3.999519471E7
1971;63 >= 94;0.0;3.999511276E7
1972;63 >= 94;0.0;3.999511086E7
1973;63 >= 94;0.0;3.999507492E7
1974;63 >= 95;0.0;3.999512135E7
1975;63 >= 95;0.0;3.998782089E7
1976;63 >= 95;0.0;3.999508777E7
1977;63 >= 95;0.0;3.999490568E7
1978;63 >= 95;0.0;3.999514635E7
1979;63 >= 95;0.0;3.99953252E7
1980;63 >= 95;0.0;3.999505154E7
1981;63 >= 95;0.0;3.999507897E7
1982;63 >= 95;0.0;3.999516523E7
1983;63 >= 95;0.0;3.999511616E7
1984;63 >= 96;0.0;3.999513121E7
1985;63 >= 96;0.0;3.999494868E7
1986;63 >= 96;0.0;3.999514067E7
1987;63 >= 96;0.0;3.999504542E7
1988;63 >= 96;0.0;3.999507814E7
1989;63 >= 96;0.0;3.99950588E7
1990;63 >= 96;0.0;3.999500718E7
1991;63 >= 96;0.0;3.999504121E7
1992;63 >= 96;0.0;3.99949856E7
1993;63 >= 96;0.0;3.999497797E7
1994;63 >= 97;0.0;3.999505276E7
1995;63 >= 97;0.0;3.999473404E7
1996;63 >= 97;0.0;3.999507797E7
1997;63 >= 97;0.0;3.999507348E7
1998;63 >= 97;0.0;3.999505549E7
1999;63 >= 97;0.0;3.999501521E7
2000;63 >= 97;0.0;3.999501876E7
2001;63 >= 97;0.0;3.999493733E7
2002;63 >= 97;0.0;3.9995057E7
2003;63 >= 97;0.0;3.999491103E7
2004;63 >= 98;0.0;3.999501001E7
2005;63 >= 98;0.0;3.999502848E7
2006;63 >= 98;0.0;3.999496625E7
2007;63 >= 98;0.0;3.999510182E7
2008;63 >= 98;0.0;3.999492571E7
2009;63 >= 98;0.0;3.999500878E7
2010;63 >= 98;0.0;3.999500266E7
2011;63 >= 98;0.0;3.999500366E7
2012;63 >= 98;0.0;3.999503176E7
2013;63 >= 98;0.0;3.999494461E7
2014;63 >= 99;0.0;3.999511168E7
2015;63 >= 99;0.0;3.999497922E7
2016;63 >= 99;0.0;3.999519358E7
2017;63 >= 99;0.0;3.999507794E7
2018;63 >= 99;0.0;3.999503555E7
2019;63 >= 99;0.0;3.999502272E7
2020;63 >= 99;0.0;3.999501271E7
2021;63 >= 99;0.0;3.999507621E7
2022;63 >= 99;0.0;3.999493313E7
2023;63 >= 99;0.0;3.999511338E7
2024;63 >= 100;0.0;3.999499145E7
2025;63 >= 100;0.0;3.99950455E7
2026;63 >= 100;0.0;3.999505618E7
2027;63 >= 100;0.0;3.999501154E7
2028;63 >= 100;0.0;3.999494903E7
2029;63 >= 100;0.0;3.999497167E7
2030;63 >= 100;0.0;3.999500813E7
2031;63 >= 100;0.0;3.999487028E7
2032;63 >= 100;0.0;3.999509405E7
2033;63 >= 100;0.0;3.999496263E7
2034;63 >= 101;0.0;3.999495463E7
2035;63 >= 101;0.0;3.999506752E7
2036;63 >= 101;0.0;3.999492715E7
2037;63 >= 101;0.0;3.999507525E7
2038;63 >= 101;0.0;3.999503569E7
2039;63 >= 101;0.0;3.99950218E7
2040;63 >= 101;0.0;3.99949461E7
2041;63 >= 101;0.0;3.999512232E7
2042;63 >= 101;0.0;3.999500113E7
2043;63 >= 101;0.0;3.999491876E7
2044;63 >= 102;0.0;3.999507698E7
2045;63 >= 102;0.0;3.999496437E7
2046;63 >= 102;0.0;3.999483485E7
2047;63 >= 102;0.0;3.99950303E7
