0;63 % -102;0.0;3.999729893E7
1;63 % -102;0.0;3.999713555E7
2;63 % -102;0.0;3.999697038E7
3;63 % -102;0.0;3.999705041E7
4;63 % -102;0.0;3.999692132E7
5;63 % -101;0.0;3.999706029E7
6;63 % -101;0.0;3.999705423E7
7;63 % -101;0.0;3.999706199E7
8;63 % -101;0.0;3.999714655E7
9;63 % -101;0.0;3.999703489E7
10;63 % -101;0.0;3.999731193E7
11;63 % -101;0.0;3.999692523E7
12;63 % -101;0.0;3.999698412E7
13;63 % -101;0.0;3.999708641E7
14;63 % -101;0.0;3.999710623E7
15;63 % -100;0.0;3.999708065E7
16;63 % -100;0.0;3.999700663E7
17;63 % -100;0.0;3.999697517E7
18;63 % -100;0.0;3.999685519E7
19;63 % -100;0.0;3.999718642E7
20;63 % -100;0.0;3.999702194E7
21;63 % -100;0.0;3.999699345E7
22;63 % -100;0.0;3.999713747E7
23;63 % -100;0.0;3.999703207E7
24;63 % -100;0.0;3.999692898E7
25;63 % -99;0.0;3.99976099E7
26;63 % -99;0.0;3.999707003E7
27;63 % -99;0.0;3.999706699E7
28;63 % -99;0.0;3.999682123E7
29;63 % -99;0.0;3.999710424E7
30;63 % -99;0.0;3.999700431E7
31;63 % -99;0.0;3.99969335E7
32;63 % -99;0.0;3.999694419E7
33;63 % -99;0.0;3.999692779E7
34;63 % -99;0.0;3.999704096E7
35;63 % -98;0.0;3.999708707E7
36;63 % -98;0.0;3.999703828E7
37;63 % -98;0.0;3.999698558E7
38;63 % -98;0.0;3.999688361E7
39;63 % -98;0.0;3.999699864E7
40;63 % -98;0.0;3.999691661E7
41;63 % -98;0.0;3.999690179E7
42;63 % -98;0.0;3.999691999E7
43;63 % -98;0.0;3.999696071E7
44;63 % -98;0.0;3.999690711E7
45;63 % -97;0.0;3.999704311E7
46;63 % -97;0.0;3.999700549E7
47;63 % -97;0.0;3.999689604E7
48;63 % -97;0.0;3.999701288E7
49;63 % -97;0.0;3.999695436E7
50;63 % -97;0.0;3.999698513E7
51;63 % -97;0.0;3.999703127E7
52;63 % -97;0.0;3.999709131E7
53;63 % -97;0.0;3.999692635E7
54;63 % -97;0.0;3.999693923E7
55;63 % -96;0.0;3.999709953E7
56;63 % -96;0.0;3.999699474E7
57;63 % -96;0.0;3.999030058E7
58;63 % -96;0.0;3.999706634E7
59;63 % -96;0.0;3.999691442E7
60;63 % -96;0.0;3.999695387E7
61;63 % -96;0.0;3.999681138E7
62;63 % -96;0.0;4.000379269E7
63;63 % -96;0.0;3.999706394E7
64;63 % -96;0.0;3.999699825E7
65;63 % -95;0.0;3.999702687E7
66;63 % -95;0.0;3.999705255E7
67;63 % -95;0.0;3.99970752E7
68;63 % -95;0.0;3.99967941E7
69;63 % -95;0.0;3.999702202E7
70;63 % -95;0.0;3.999707349E7
71;63 % -95;0.0;3.999697723E7
72;63 % -95;0.0;3.999711006E7
73;63 % -95;0.0;3.999706825E7
74;63 % -95;0.0;3.999700429E7
75;63 % -94;0.0;3.999691952E7
76;63 % -94;0.0;3.999711989E7
77;63 % -94;0.0;3.999695599E7
78;63 % -94;0.0;3.999696765E7
79;63 % -94;0.0;3.999708825E7
80;63 % -94;0.0;3.999692816E7
81;63 % -94;0.0;3.999687857E7
82;63 % -94;0.0;3.999700683E7
83;63 % -94;0.04;4.003653735E7
84;63 % -94;0.0;3.999666062E7
85;63 % -93;0.0;3.999701522E7
86;63 % -93;0.0;3.999683303E7
87;63 % -93;0.0;3.999702486E7
88;63 % -93;0.0;3.999698724E7
89;63 % -93;0.0;3.999690145E7
90;63 % -93;0.0;3.999701681E7
91;63 % -93;0.0;3.999698015E7
92;63 % -93;0.0;3.999706358E7
93;63 % -93;0.0;3.999698968E7
94;63 % -93;0.0;3.999712171E7
95;63 % -92;0.0;3.999711042E7
96;63 % -92;0.0;3.999714336E7
97;63 % -92;0.0;3.999697464E7
98;63 % -92;0.0;3.999706565E7
99;63 % -92;0.0;3.999692901E7
100;63 % -92;0.0;3.999701084E7
101;63 % -92;0.0;3.999697312E7
102;63 % -92;0.0;3.999696542E7
103;63 % -92;0.0;3.999703292E7
104;63 % -92;0.0;3.999703244E7
105;63 % -91;0.0;3.999703391E7
106;63 % -91;0.0;3.999705088E7
107;63 % -91;0.0;3.999707148E7
108;63 % -91;0.0;3.999703116E7
109;63 % -91;0.0;3.99970193E7
110;63 % -91;0.0;3.999695608E7
111;63 % -91;0.0;3.999698845E7
112;63 % -91;0.0;3.999706279E7
113;63 % -91;0.0;3.999700528E7
114;63 % -91;0.0;3.999703294E7
115;63 % -90;0.0;3.999699445E7
116;63 % -90;0.0;3.999703142E7
117;63 % -90;0.0;3.999688432E7
118;63 % -90;0.0;3.999701903E7
119;63 % -90;0.0;3.9996934E7
120;63 % -90;0.0;3.999722485E7
121;63 % -90;0.0;3.999709263E7
122;63 % -90;0.0;3.999706345E7
123;63 % -90;0.0;3.999706525E7
124;63 % -90;0.0;3.999706954E7
125;63 % -89;0.0;3.999693943E7
126;63 % -89;0.0;3.999683763E7
127;63 % -89;0.0;3.999710707E7
128;63 % -89;0.0;3.999695894E7
129;63 % -89;0.0;3.999714994E7
130;63 % -89;0.0;3.999702262E7
131;63 % -89;0.0;3.999711039E7
132;63 % -89;0.0;3.999705771E7
133;63 % -89;0.0;3.999705937E7
134;63 % -89;0.0;3.999703849E7
135;63 % -88;0.0;3.99970951E7
136;63 % -88;0.0;3.999704686E7
137;63 % -88;0.0;3.999711123E7
138;63 % -88;0.0;3.999708116E7
139;63 % -88;0.0;3.999713234E7
140;63 % -88;0.0;3.999695707E7
141;63 % -88;0.0;3.999703065E7
142;63 % -88;0.0;3.999698048E7
143;63 % -88;0.0;3.999705657E7
144;63 % -88;0.0;3.99970279E7
145;63 % -87;0.0;3.999690629E7
146;63 % -87;0.0;3.999705725E7
147;63 % -87;0.0;3.999680219E7
148;63 % -87;0.0;3.99970364E7
149;63 % -87;0.0;3.999706476E7
150;63 % -87;0.0;3.999707202E7
151;63 % -87;0.0;3.999700002E7
152;63 % -87;0.0;3.999704781E7
153;63 % -87;0.0;3.999707336E7
154;63 % -87;0.0;3.999709355E7
155;63 % -86;0.0;3.999708838E7
156;63 % -86;0.0;3.999727129E7
157;63 % -86;0.0;3.99970828E7
158;63 % -86;0.0;3.999702245E7
159;63 % -86;0.0;3.999703014E7
160;63 % -86;0.0;3.999702255E7
161;63 % -86;0.0;3.999707381E7
162;63 % -86;0.0;3.999705712E7
163;63 % -86;0.0;3.999696482E7
164;63 % -86;0.0;3.999704934E7
165;63 % -85;0.0;3.99970191E7
166;63 % -85;0.0;3.999686808E7
167;63 % -85;0.0;3.999703145E7
168;63 % -85;0.0;3.999691517E7
169;63 % -85;0.0;3.999709166E7
170;63 % -85;0.0;3.999709854E7
171;63 % -85;0.0;3.999692519E7
172;63 % -85;0.0;3.999687507E7
173;63 % -85;0.0;3.99970696E7
174;63 % -85;0.0;3.999692917E7
175;63 % -84;0.0;3.999708719E7
176;63 % -84;0.0;3.999695274E7
177;63 % -84;0.0;3.999714902E7
178;63 % -84;0.0;3.999704743E7
179;63 % -84;0.0;3.999714361E7
180;63 % -84;0.0;3.999695219E7
181;63 % -84;0.0;3.999706043E7
182;63 % -84;0.0;3.999700932E7
183;63 % -84;0.0;3.999695048E7
184;63 % -84;0.0;3.999701845E7
185;63 % -83;0.0;3.999690582E7
186;63 % -83;0.0;3.99968958E7
187;63 % -83;0.0;3.999697404E7
188;63 % -83;0.0;3.999700201E7
189;63 % -83;0.0;3.999697974E7
190;63 % -83;0.0;3.999705297E7
191;63 % -83;0.0;3.99970577E7
192;63 % -83;0.0;3.999694219E7
193;63 % -83;0.0;3.999682845E7
194;63 % -83;0.0;3.999695875E7
195;63 % -82;0.0;3.999696547E7
196;63 % -82;0.0;3.999689967E7
197;63 % -82;0.0;3.999699557E7
198;63 % -82;0.0;3.999699875E7
199;63 % -82;0.0;3.999706127E7
200;63 % -82;0.0;3.999697835E7
201;63 % -82;0.0;3.999683724E7
202;63 % -82;0.0;3.999718342E7
203;63 % -82;0.0;3.999701984E7
204;63 % -82;0.0;3.999707402E7
205;63 % -81;0.0;3.999708513E7
206;63 % -81;0.0;3.999696453E7
207;63 % -81;0.0;3.999697219E7
208;63 % -81;0.0;3.999698629E7
209;63 % -81;0.0;3.999694125E7
210;63 % -81;0.0;3.999695629E7
211;63 % -81;0.0;3.999685726E7
212;63 % -81;0.0;3.999701602E7
213;63 % -81;0.0;3.999716757E7
214;63 % -81;0.0;3.999699333E7
215;63 % -80;0.0;3.999687505E7
216;63 % -80;0.0;3.999697465E7
217;63 % -80;0.0;3.999696994E7
218;63 % -80;0.0;3.999697423E7
219;63 % -80;0.0;3.999694178E7
220;63 % -80;0.0;3.999704552E7
221;63 % -80;0.0;3.999703999E7
222;63 % -80;0.0;3.999693347E7
223;63 % -80;0.0;3.999713764E7
224;63 % -80;0.0;3.999693283E7
225;63 % -79;0.0;3.999701972E7
226;63 % -79;0.0;3.999686412E7
227;63 % -79;0.0;3.999696007E7
228;63 % -79;0.0;3.999697329E7
229;63 % -79;0.0;3.999684641E7
230;63 % -79;0.0;3.999684018E7
231;63 % -79;0.0;3.999691487E7
232;63 % -79;0.0;3.999698366E7
233;63 % -79;0.0;3.999697342E7
234;63 % -79;0.0;3.999691683E7
235;63 % -78;0.0;3.999701434E7
236;63 % -78;0.0;3.999693879E7
237;63 % -78;0.0;3.999705537E7
238;63 % -78;0.0;3.999695482E7
239;63 % -78;0.0;3.999690653E7
240;63 % -78;0.0;3.999696403E7
241;63 % -78;0.0;3.999700692E7
242;63 % -78;0.0;3.999694931E7
243;63 % -78;0.0;3.999696452E7
244;63 % -78;0.0;3.999692474E7
245;63 % -77;0.0;3.99970012E7
246;63 % -77;0.0;3.999701143E7
247;63 % -77;0.0;3.99969629E7
248;63 % -77;0.0;3.999701202E7
249;63 % -77;0.0;3.999712206E7
250;63 % -77;0.0;3.999698937E7
251;63 % -77;0.0;3.999700794E7
252;63 % -77;0.0;3.999689725E7
253;63 % -77;0.0;3.999694696E7
254;63 % -77;0.0;3.99969564E7
255;63 % -76;0.0;3.999695598E7
256;63 % -76;0.0;3.999691237E7
257;63 % -76;0.0;3.999703317E7
258;63 % -76;0.0;3.999689191E7
259;63 % -76;0.0;3.999693283E7
260;63 % -76;0.0;3.999693641E7
261;63 % -76;0.0;3.999689496E7
262;63 % -76;0.0;3.999701574E7
263;63 % -76;0.0;3.999697859E7
264;63 % -76;0.0;3.999689046E7
265;63 % -75;0.0;3.999698657E7
266;63 % -75;0.0;3.999685776E7
267;63 % -75;0.0;3.999695717E7
268;63 % -75;0.0;3.999694196E7
269;63 % -75;0.0;3.999714977E7
270;63 % -75;0.0;3.999701622E7
271;63 % -75;0.0;3.999681624E7
272;63 % -75;0.0;3.999700356E7
273;63 % -75;0.0;3.999691841E7
274;63 % -75;0.0;3.999691478E7
275;63 % -74;0.0;3.999693124E7
276;63 % -74;0.0;3.999695326E7
277;63 % -74;0.0;3.999699944E7
278;63 % -74;0.0;3.999683342E7
279;63 % -74;0.0;3.999698904E7
280;63 % -74;0.0;3.999681659E7
281;63 % -74;0.0;3.99969118E7
282;63 % -74;0.0;3.999695093E7
283;63 % -74;0.0;3.999689405E7
284;63 % -74;0.0;3.999697534E7
285;63 % -73;0.0;3.999690695E7
286;63 % -73;0.0;3.999695264E7
287;63 % -73;0.0;3.999687105E7
288;63 % -73;0.0;3.99970728E7
289;63 % -73;0.0;3.999681961E7
290;63 % -73;0.0;3.999683146E7
291;63 % -73;0.0;3.999683645E7
292;63 % -73;0.0;3.999687382E7
293;63 % -73;0.0;3.999690002E7
294;63 % -73;0.0;3.999695649E7
295;63 % -72;0.0;3.999701746E7
296;63 % -72;0.0;3.999705444E7
297;63 % -72;0.0;3.999690775E7
298;63 % -72;0.0;3.999697853E7
299;63 % -72;0.0;3.999679779E7
300;63 % -72;0.0;3.999696607E7
301;63 % -72;0.0;3.999691707E7
302;63 % -72;0.0;3.999682224E7
303;63 % -72;0.0;3.999690337E7
304;63 % -72;0.0;3.999696657E7
305;63 % -71;0.0;3.999696245E7
306;63 % -71;0.0;3.999686534E7
307;63 % -71;0.0;3.99969164E7
308;63 % -71;0.0;3.999678591E7
309;63 % -71;0.0;3.999690432E7
310;63 % -71;0.0;3.999679386E7
311;63 % -71;0.0;3.999681029E7
312;63 % -71;0.0;3.999690222E7
313;63 % -71;0.0;3.999665711E7
314;63 % -71;0.0;3.999685675E7
315;63 % -70;0.0;3.999681147E7
316;63 % -70;0.0;3.999690277E7
317;63 % -70;0.0;3.999685157E7
318;63 % -70;0.0;3.999696706E7
319;63 % -70;0.0;3.999693047E7
320;63 % -70;0.0;3.999682253E7
321;63 % -70;0.0;3.999676444E7
322;63 % -70;0.0;3.999692632E7
323;63 % -70;0.0;3.999684517E7
324;63 % -70;0.0;3.999688984E7
325;63 % -69;0.0;3.999686906E7
326;63 % -69;0.0;3.999648518E7
327;63 % -69;0.0;3.999666413E7
328;63 % -69;0.0;3.999688379E7
329;63 % -69;0.0;3.999692384E7
330;63 % -69;0.0;3.999687922E7
331;63 % -69;0.0;4.000322695E7
332;63 % -69;0.0;3.999683314E7
333;63 % -69;0.0;3.999691916E7
334;63 % -69;0.0;3.999682602E7
335;63 % -68;0.0;3.999688993E7
336;63 % -68;0.0;3.999689759E7
337;63 % -68;0.0;3.999682285E7
338;63 % -68;0.0;3.999653081E7
339;63 % -68;0.0;3.999696111E7
340;63 % -68;0.0;3.999686034E7
341;63 % -68;0.0;3.999695062E7
342;63 % -68;0.0;3.99967976E7
343;63 % -68;0.0;3.999694078E7
344;63 % -68;0.0;3.999680945E7
345;63 % -67;0.0;3.999685106E7
346;63 % -67;0.0;3.999681495E7
347;63 % -67;0.0;3.999675211E7
348;63 % -67;0.0;3.999689767E7
349;63 % -67;0.0;3.999673176E7
350;63 % -67;0.0;3.999679133E7
351;63 % -67;0.0;3.999681091E7
352;63 % -67;0.0;3.999678643E7
353;63 % -67;0.0;3.999679622E7
354;63 % -67;0.0;3.999695645E7
355;63 % -66;0.0;3.999683169E7
356;63 % -66;0.0;3.999674833E7
357;63 % -66;0.0;3.999688521E7
358;63 % -66;0.0;3.9996724E7
359;63 % -66;0.0;3.999681205E7
360;63 % -66;0.0;3.999682473E7
361;63 % -66;0.0;3.999691161E7
362;63 % -66;0.0;3.999676018E7
363;63 % -66;0.0;3.999696967E7
364;63 % -66;0.0;3.999689157E7
365;63 % -65;0.0;3.999690654E7
366;63 % -65;0.0;3.999683344E7
367;63 % -65;0.0;3.999675152E7
368;63 % -65;0.0;3.999663863E7
369;63 % -65;0.0;3.999688035E7
370;63 % -65;0.0;3.999687695E7
371;63 % -65;0.0;3.999676033E7
372;63 % -65;0.0;3.999680181E7
373;63 % -65;0.0;3.999673766E7
374;63 % -65;0.0;3.99967659E7
375;63 % -64;0.0;3.998867597E7
376;63 % -64;0.0;3.999681555E7
377;63 % -64;0.0;3.999687604E7
378;63 % -64;0.0;3.999687342E7
379;63 % -64;0.0;3.999665067E7
380;63 % -64;0.0;3.999668534E7
381;63 % -64;0.0;3.999686734E7
382;63 % -64;0.0;3.999678458E7
383;63 % -64;0.0;3.999674603E7
384;63 % -64;0.0;3.999681354E7
385;63 % -63;0.0;3.999678714E7
386;63 % -63;0.0;3.999677017E7
387;63 % -63;0.0;3.999680227E7
388;63 % -63;0.0;3.99967859E7
389;63 % -63;0.0;3.999684365E7
390;63 % -63;0.0;3.999680017E7
391;63 % -63;0.0;3.99967125E7
392;63 % -63;0.0;3.999679099E7
393;63 % -63;0.0;3.999678406E7
394;63 % -63;0.0;3.999667879E7
395;63 % -62;0.0;3.999672635E7
396;63 % -62;0.0;3.999680817E7
397;63 % -62;0.0;3.999668305E7
398;63 % -62;0.0;3.999672204E7
399;63 % -62;0.0;3.999682462E7
400;63 % -62;0.0;3.999685522E7
401;63 % -62;0.0;3.999682994E7
402;63 % -62;0.0;3.999686738E7
403;63 % -62;0.0;3.99968078E7
404;63 % -62;0.0;3.999684163E7
405;63 % -61;0.0;3.999669815E7
406;63 % -61;0.0;3.999684497E7
407;63 % -61;0.0;3.99967801E7
408;63 % -61;0.0;3.999674438E7
409;63 % -61;0.0;3.999679678E7
410;63 % -61;0.0;3.999666509E7
411;63 % -61;0.0;3.999676302E7
412;63 % -61;0.0;3.999683148E7
413;63 % -61;0.0;3.999682632E7
414;63 % -61;0.0;3.999672792E7
415;63 % -60;0.0;3.999673767E7
416;63 % -60;0.0;3.999690812E7
417;63 % -60;0.0;3.999672096E7
418;63 % -60;0.0;3.999664142E7
419;63 % -60;0.0;3.999675696E7
420;63 % -60;0.0;3.999681415E7
421;63 % -60;0.0;3.999667997E7
422;63 % -60;0.0;3.9996746E7
423;63 % -60;0.0;3.999672632E7
424;63 % -60;0.0;3.999677864E7
425;63 % -59;0.0;3.999674166E7
426;63 % -59;0.0;3.999672737E7
427;63 % -59;0.0;3.999669596E7
428;63 % -59;0.0;3.999663478E7
429;63 % -59;0.0;3.999684521E7
430;63 % -59;0.0;3.999683054E7
431;63 % -59;0.0;3.999670207E7
432;63 % -59;0.0;3.999664769E7
433;63 % -59;0.0;3.999674931E7
434;63 % -59;0.0;3.999678117E7
435;63 % -58;0.0;3.999668496E7
436;63 % -58;0.0;3.999672783E7
437;63 % -58;0.0;3.999668824E7
438;63 % -58;0.0;3.999671777E7
439;63 % -58;0.0;3.999672044E7
440;63 % -58;0.0;3.999672766E7
441;63 % -58;0.0;3.9996687E7
442;63 % -58;0.0;3.999680512E7
443;63 % -58;0.0;3.99966547E7
444;63 % -58;0.0;3.999674895E7
445;63 % -57;0.0;3.999686917E7
446;63 % -57;0.0;3.999684178E7
447;63 % -57;0.0;3.999677283E7
448;63 % -57;0.0;3.999678234E7
449;63 % -57;0.0;3.999673017E7
450;63 % -57;0.0;3.999676066E7
451;63 % -57;0.0;3.999668963E7
452;63 % -57;0.0;3.999674228E7
453;63 % -57;0.0;3.999668964E7
454;63 % -57;0.0;3.99967379E7
455;63 % -56;0.0;3.999674502E7
456;63 % -56;0.0;3.999673705E7
457;63 % -56;0.0;3.999675348E7
458;63 % -56;0.0;3.999678223E7
459;63 % -56;0.0;3.999675158E7
460;63 % -56;0.0;3.999671787E7
461;63 % -56;0.0;3.999681959E7
462;63 % -56;0.0;3.999658841E7
463;63 % -56;0.0;3.999667062E7
464;63 % -56;0.0;3.999675091E7
465;63 % -55;0.0;3.999644011E7
466;63 % -55;0.0;3.999670028E7
467;63 % -55;0.0;3.999670326E7
468;63 % -55;0.0;3.999675031E7
469;63 % -55;0.0;3.999680439E7
470;63 % -55;0.0;3.999675112E7
471;63 % -55;0.0;3.999685977E7
472;63 % -55;0.0;3.999672081E7
473;63 % -55;0.0;3.99965892E7
474;63 % -55;0.0;3.999665294E7
475;63 % -54;0.0;3.999674024E7
476;63 % -54;0.0;3.99965939E7
477;63 % -54;0.0;3.999672236E7
478;63 % -54;0.0;3.999667145E7
479;63 % -54;0.0;3.999678399E7
480;63 % -54;0.0;3.999672251E7
481;63 % -54;0.0;3.999670371E7
482;63 % -54;0.0;3.999663627E7
483;63 % -54;0.0;3.999686719E7
484;63 % -54;0.0;3.999668755E7
485;63 % -53;0.0;3.999666566E7
486;63 % -53;0.0;3.99967234E7
487;63 % -53;0.0;3.999675502E7
488;63 % -53;0.0;3.999655113E7
489;63 % -53;0.0;3.999665304E7
490;63 % -53;0.0;3.999664658E7
491;63 % -53;0.0;3.999672661E7
492;63 % -53;0.0;3.999671842E7
493;63 % -53;0.0;3.99966592E7
494;63 % -53;0.0;3.99966883E7
495;63 % -52;0.0;3.999663369E7
496;63 % -52;0.0;3.999676778E7
497;63 % -52;0.0;3.999664883E7
498;63 % -52;0.0;3.999665027E7
499;63 % -52;0.0;3.999663165E7
500;63 % -52;0.0;3.999661386E7
501;63 % -52;0.0;3.999653047E7
502;63 % -52;0.0;3.99966005E7
503;63 % -52;0.0;3.999652825E7
504;63 % -52;0.0;3.999679924E7
505;63 % -51;0.0;3.999671356E7
506;63 % -51;0.0;3.999662793E7
507;63 % -51;0.0;3.999672354E7
508;63 % -51;0.0;3.999664876E7
509;63 % -51;0.0;3.999667781E7
510;63 % -51;0.0;3.999669934E7
511;63 % -51;0.0;3.999669444E7
512;63 % -51;0.0;3.999671221E7
513;63 % -51;0.0;3.999651907E7
514;63 % -51;0.0;3.99965982E7
515;63 % -50;0.0;3.999671056E7
516;63 % -50;0.0;3.999668075E7
517;63 % -50;0.0;3.999647796E7
518;63 % -50;0.0;3.999673201E7
519;63 % -50;0.0;3.999657079E7
520;63 % -50;0.0;3.999680423E7
521;63 % -50;0.0;3.999662015E7
522;63 % -50;0.0;3.999653147E7
523;63 % -50;0.0;3.999668404E7
524;63 % -50;0.0;3.999660463E7
525;63 % -49;0.0;3.999651271E7
526;63 % -49;0.0;3.99966728E7
527;63 % -49;0.0;3.999666302E7
528;63 % -49;0.0;3.999677705E7
529;63 % -49;0.0;3.999668293E7
530;63 % -49;0.0;3.999660397E7
531;63 % -49;0.0;3.99967676E7
532;63 % -49;0.0;3.99966563E7
533;63 % -49;0.0;3.999658659E7
534;63 % -49;0.0;3.999669297E7
535;63 % -48;0.0;3.999665351E7
536;63 % -48;0.0;3.999659956E7
537;63 % -48;0.0;3.999664855E7
538;63 % -48;0.0;3.999642317E7
539;63 % -48;0.0;3.999663638E7
540;63 % -48;0.0;3.999671603E7
541;63 % -48;0.0;3.999667651E7
542;63 % -48;0.0;3.99966653E7
543;63 % -48;0.0;3.999655481E7
544;63 % -48;0.0;3.999670193E7
545;63 % -47;0.0;3.99967399E7
546;63 % -47;0.0;3.999663093E7
547;63 % -47;0.0;3.999649006E7
548;63 % -47;0.0;3.999661487E7
549;63 % -47;0.0;3.999651753E7
550;63 % -47;0.0;3.999659445E7
551;63 % -47;0.0;3.999668502E7
552;63 % -47;0.0;3.999666646E7
553;63 % -47;0.0;3.999676481E7
554;63 % -47;0.0;3.999670783E7
555;63 % -46;0.0;3.999647957E7
556;63 % -46;0.0;3.999656534E7
557;63 % -46;0.0;3.999657061E7
558;63 % -46;0.0;3.999645812E7
559;63 % -46;0.0;3.999649737E7
560;63 % -46;0.0;3.999653757E7
561;63 % -46;0.0;3.999666267E7
562;63 % -46;0.0;3.999663205E7
563;63 % -46;0.0;3.999667533E7
564;63 % -46;0.0;3.99966597E7
565;63 % -45;0.0;3.999672697E7
566;63 % -45;0.0;3.99967266E7
567;63 % -45;0.0;3.999659603E7
568;63 % -45;0.0;3.999667769E7
569;63 % -45;0.0;3.999658363E7
570;63 % -45;0.0;3.999663168E7
571;63 % -45;0.0;3.999659408E7
572;63 % -45;0.0;3.999655087E7
573;63 % -45;0.0;3.999648196E7
574;63 % -45;0.0;3.999659296E7
575;63 % -44;0.0;3.999662677E7
576;63 % -44;0.0;3.999655445E7
577;63 % -44;0.0;3.999663654E7
578;63 % -44;0.0;3.999660169E7
579;63 % -44;0.0;3.999654337E7
580;63 % -44;0.0;3.99965004E7
581;63 % -44;0.0;3.999660423E7
582;63 % -44;0.0;3.999635076E7
583;63 % -44;0.0;3.9996584E7
584;63 % -44;0.0;3.999659789E7
585;63 % -43;0.0;3.999661889E7
586;63 % -43;0.0;3.999675766E7
587;63 % -43;0.0;3.999654941E7
588;63 % -43;0.0;3.999657823E7
589;63 % -43;0.0;3.999667438E7
590;63 % -43;0.0;3.9996604E7
591;63 % -43;0.0;3.999666626E7
592;63 % -43;0.0;3.999654876E7
593;63 % -43;0.0;3.999652175E7
594;63 % -43;0.0;3.99965885E7
595;63 % -42;0.0;3.999045314E7
596;63 % -42;0.0;3.999654725E7
597;63 % -42;0.0;3.999662824E7
598;63 % -42;0.0;3.999630277E7
599;63 % -42;0.0;3.999668928E7
600;63 % -42;0.0;4.00027999E7
601;63 % -42;0.0;3.999661081E7
602;63 % -42;0.0;3.999660318E7
603;63 % -42;0.0;3.999656471E7
604;63 % -42;0.0;3.999672548E7
605;63 % -41;0.0;3.999651993E7
606;63 % -41;0.0;3.999656464E7
607;63 % -41;0.0;3.999657907E7
608;63 % -41;0.0;3.999670446E7
609;63 % -41;0.0;3.999647801E7
610;63 % -41;0.0;3.999658276E7
611;63 % -41;0.0;3.999665921E7
612;63 % -41;0.0;3.999663641E7
613;63 % -41;0.0;3.999649544E7
614;63 % -41;0.0;3.999654089E7
615;63 % -40;0.0;3.999641113E7
616;63 % -40;0.0;3.999645496E7
617;63 % -40;0.0;3.999642781E7
618;63 % -40;0.0;3.999657018E7
619;63 % -40;0.0;3.999650344E7
620;63 % -40;0.0;3.999661648E7
621;63 % -40;0.0;3.999645257E7
622;63 % -40;0.0;3.999659617E7
623;63 % -40;0.0;3.999660154E7
624;63 % -40;0.0;3.999648233E7
625;63 % -39;0.0;3.999655198E7
626;63 % -39;0.0;3.999642163E7
627;63 % -39;0.0;3.999636135E7
628;63 % -39;0.0;3.999659793E7
629;63 % -39;0.0;3.999658063E7
630;63 % -39;0.0;3.99965628E7
631;63 % -39;0.0;3.999655752E7
632;63 % -39;0.0;3.999669691E7
633;63 % -39;0.0;3.999650643E7
634;63 % -39;0.0;3.999660978E7
635;63 % -38;0.0;3.99967946E7
636;63 % -38;0.0;3.999656437E7
637;63 % -38;0.0;3.99965849E7
638;63 % -38;0.0;3.99965712E7
639;63 % -38;0.0;3.999644267E7
640;63 % -38;0.0;3.999658569E7
641;63 % -38;0.0;3.999654761E7
642;63 % -38;0.0;3.999654637E7
643;63 % -38;0.0;3.999653574E7
644;63 % -38;0.0;3.99966091E7
645;63 % -37;0.0;3.999659258E7
646;63 % -37;0.0;3.999657329E7
647;63 % -37;0.0;3.999657212E7
648;63 % -37;0.0;3.999655537E7
649;63 % -37;0.0;3.999653194E7
650;63 % -37;0.0;3.99965141E7
651;63 % -37;0.0;3.999656849E7
652;63 % -37;0.0;3.999657609E7
653;63 % -37;0.0;3.999658027E7
654;63 % -37;0.0;3.99964534E7
655;63 % -36;0.0;3.999655339E7
656;63 % -36;0.0;3.999655268E7
657;63 % -36;0.0;3.999652685E7
658;63 % -36;0.0;3.999662029E7
659;63 % -36;0.0;3.999655594E7
660;63 % -36;0.0;3.99965378E7
661;63 % -36;0.0;3.999658965E7
662;63 % -36;0.0;3.999647151E7
663;63 % -36;0.0;3.999649405E7
664;63 % -36;0.0;3.999647671E7
665;63 % -35;0.0;3.999650751E7
666;63 % -35;0.0;3.999643637E7
667;63 % -35;0.0;3.999657341E7
668;63 % -35;0.0;3.999662741E7
669;63 % -35;0.0;3.999658455E7
670;63 % -35;0.0;3.99966762E7
671;63 % -35;0.0;3.999655817E7
672;63 % -35;0.0;3.999657971E7
673;63 % -35;0.0;3.999652181E7
674;63 % -35;0.0;3.999653312E7
675;63 % -34;0.0;3.999658581E7
676;63 % -34;0.0;3.999653676E7
677;63 % -34;0.0;3.999648841E7
678;63 % -34;0.0;3.99965731E7
679;63 % -34;0.0;3.999652907E7
680;63 % -34;0.0;3.999655071E7
681;63 % -34;0.0;3.999656755E7
682;63 % -34;0.0;3.999656093E7
683;63 % -34;0.0;3.999639996E7
684;63 % -34;0.0;3.999653632E7
685;63 % -33;0.0;3.999653488E7
686;63 % -33;0.0;3.99965588E7
687;63 % -33;0.0;3.999649036E7
688;63 % -33;0.0;3.999652059E7
689;63 % -33;0.0;3.999647107E7
690;63 % -33;0.0;3.999642977E7
691;63 % -33;0.0;3.999658997E7
692;63 % -33;0.0;3.999653984E7
693;63 % -33;0.0;3.999648476E7
694;63 % -33;0.0;3.999654367E7
695;63 % -32;0.0;3.999651783E7
696;63 % -32;0.0;3.999648025E7
697;63 % -32;0.0;3.999648071E7
698;63 % -32;0.0;3.999648663E7
699;63 % -32;0.0;3.999643327E7
700;63 % -32;0.0;3.999652722E7
701;63 % -32;0.0;3.999645091E7
702;63 % -32;0.0;3.999647086E7
703;63 % -32;0.0;3.999656E7
704;63 % -32;0.0;3.999655801E7
705;63 % -31;0.0;3.999659087E7
706;63 % -31;0.0;3.999650991E7
707;63 % -31;0.0;3.999653851E7
708;63 % -31;0.0;3.999648978E7
709;63 % -31;0.0;3.999646778E7
710;63 % -31;0.0;3.999655482E7
711;63 % -31;0.0;3.999644982E7
712;63 % -31;0.0;3.999643949E7
713;63 % -31;0.0;3.999646451E7
714;63 % -31;0.0;3.999655914E7
715;63 % -30;0.0;3.999646009E7
716;63 % -30;0.0;3.9996576E7
717;63 % -30;0.0;3.99965471E7
718;63 % -30;0.0;3.999651098E7
719;63 % -30;0.0;3.999652229E7
720;63 % -30;0.0;3.99964615E7
721;63 % -30;0.0;3.999654704E7
722;63 % -30;0.0;3.99964769E7
723;63 % -30;0.0;3.999641964E7
724;63 % -30;0.0;3.999648261E7
725;63 % -29;0.0;3.999651429E7
726;63 % -29;0.0;3.99964721E7
727;63 % -29;0.0;3.999645958E7
728;63 % -29;0.0;3.999650415E7
729;63 % -29;0.0;3.999631948E7
730;63 % -29;0.0;3.999651295E7
731;63 % -29;0.0;3.999637755E7
732;63 % -29;0.0;3.999648747E7
733;63 % -29;0.0;3.999650889E7
734;63 % -29;0.0;3.99963627E7
735;63 % -28;0.0;3.999672799E7
736;63 % -28;0.0;3.999654594E7
737;63 % -28;0.0;3.999654761E7
738;63 % -28;0.0;3.999652327E7
739;63 % -28;0.0;3.99964516E7
740;63 % -28;0.0;3.999661092E7
741;63 % -28;0.0;3.999642238E7
742;63 % -28;0.0;3.999647969E7
743;63 % -28;0.0;3.999652925E7
744;63 % -28;0.0;3.999645574E7
745;63 % -27;0.0;3.999648597E7
746;63 % -27;0.0;3.999649425E7
747;63 % -27;0.0;3.999642076E7
748;63 % -27;0.0;3.999645908E7
749;63 % -27;0.0;3.999645275E7
750;63 % -27;0.0;3.999632204E7
751;63 % -27;0.0;3.999652203E7
752;63 % -27;0.0;3.999646685E7
753;63 % -27;0.0;3.999643272E7
754;63 % -27;0.0;3.999652008E7
755;63 % -26;0.0;3.999645269E7
756;63 % -26;0.0;3.999626973E7
757;63 % -26;0.0;3.999644432E7
758;63 % -26;0.0;3.999642034E7
759;63 % -26;0.0;3.999636886E7
760;63 % -26;0.0;3.999652612E7
761;63 % -26;0.0;3.999655177E7
762;63 % -26;0.0;3.999642996E7
763;63 % -26;0.0;3.999654522E7
764;63 % -26;0.0;3.999640989E7
765;63 % -25;0.0;3.999645665E7
766;63 % -25;0.0;3.999644407E7
767;63 % -25;0.0;3.999643247E7
768;63 % -25;0.0;3.99964424E7
769;63 % -25;0.0;3.999645447E7
770;63 % -25;0.0;3.999633877E7
771;63 % -25;0.0;3.999640759E7
772;63 % -25;0.0;3.999647553E7
773;63 % -25;0.0;3.99964855E7
774;63 % -25;0.0;3.999643212E7
775;63 % -24;0.0;3.999650425E7
776;63 % -24;0.0;3.999643639E7
777;63 % -24;0.0;3.999642473E7
778;63 % -24;0.0;3.999644053E7
779;63 % -24;0.0;3.999653226E7
780;63 % -24;0.0;3.999642371E7
781;63 % -24;0.0;3.999643408E7
782;63 % -24;0.0;3.999643256E7
783;63 % -24;0.0;3.999639264E7
784;63 % -24;0.0;3.99964223E7
785;63 % -23;0.0;3.999645754E7
786;63 % -23;0.0;3.999647062E7
787;63 % -23;0.0;3.999649068E7
788;63 % -23;0.0;3.999642641E7
789;63 % -23;0.0;3.999668758E7
790;63 % -23;0.0;3.999632603E7
791;63 % -23;0.0;3.999647674E7
792;63 % -23;0.0;3.99964056E7
793;63 % -23;0.0;3.999644192E7
794;63 % -23;0.0;3.999636639E7
795;63 % -22;0.0;3.99965422E7
796;63 % -22;0.0;3.999642583E7
797;63 % -22;0.0;3.999638385E7
798;63 % -22;0.0;3.999641544E7
799;63 % -22;0.0;3.9996297E7
800;63 % -22;0.0;3.999642714E7
801;63 % -22;0.0;3.99963793E7
802;63 % -22;0.0;3.999633191E7
803;63 % -22;0.0;3.999645393E7
804;63 % -22;0.0;3.999640231E7
805;63 % -21;0.0;3.999638458E7
806;63 % -21;0.0;3.999642595E7
807;63 % -21;0.0;3.999639842E7
808;63 % -21;0.0;3.999643863E7
809;63 % -21;0.0;3.999643642E7
810;63 % -21;0.0;3.999652624E7
811;63 % -21;0.0;3.999611282E7
812;63 % -21;0.0;3.999639116E7
813;63 % -21;0.0;3.999641181E7
814;63 % -21;0.0;3.999641777E7
815;63 % -20;0.0;3.999636902E7
816;63 % -20;0.0;3.999634889E7
817;63 % -20;0.0;3.999632207E7
818;63 % -20;0.0;3.999637717E7
819;63 % -20;0.0;3.999618605E7
820;63 % -20;0.0;3.999651969E7
821;63 % -20;0.0;3.999637937E7
822;63 % -20;0.0;3.999644565E7
823;63 % -20;0.0;3.999638614E7
824;63 % -20;0.0;3.999639443E7
825;63 % -19;0.0;3.999626033E7
826;63 % -19;0.0;3.999641052E7
827;63 % -19;0.0;3.999631862E7
828;63 % -19;0.0;3.999639046E7
829;63 % -19;0.0;3.999629896E7
830;63 % -19;0.0;3.999638776E7
831;63 % -19;0.0;3.999631818E7
832;63 % -19;0.0;3.999648966E7
833;63 % -19;0.0;3.999635915E7
834;63 % -19;0.0;3.999636979E7
835;63 % -18;0.0;3.999635597E7
836;63 % -18;0.0;3.999638462E7
837;63 % -18;0.0;3.999624903E7
838;63 % -18;0.0;3.999623809E7
839;63 % -18;0.0;3.999627686E7
840;63 % -18;0.0;3.999639936E7
841;63 % -18;0.0;3.999630621E7
842;63 % -18;0.0;3.999640506E7
843;63 % -18;0.0;3.999635386E7
844;63 % -18;0.0;3.999643802E7
845;63 % -17;0.0;3.999635696E7
846;63 % -17;0.0;3.99964447E7
847;63 % -17;0.0;3.999627671E7
848;63 % -17;0.0;3.999628279E7
849;63 % -17;0.0;3.999624047E7
850;63 % -17;0.0;3.999631039E7
851;63 % -17;0.0;3.999628392E7
852;63 % -17;0.0;3.999633905E7
853;63 % -17;0.0;3.999632353E7
854;63 % -17;0.0;3.999644685E7
855;63 % -16;0.0;3.999618873E7
856;63 % -16;0.0;3.999633528E7
857;63 % -16;0.0;3.999624931E7
858;63 % -16;0.0;3.999627916E7
859;63 % -16;0.0;3.999628471E7
860;63 % -16;0.0;3.999633406E7
861;63 % -16;0.0;3.999615681E7
862;63 % -16;0.0;3.999616086E7
863;63 % -16;0.0;3.999618081E7
864;63 % -16;0.0;3.999001777E7
865;63 % -15;0.0;3.999625088E7
866;63 % -15;0.0;3.999632983E7
867;63 % -15;0.0;3.999623764E7
868;63 % -15;0.0;3.999638323E7
869;63 % -15;0.0;3.999635826E7
870;63 % -15;0.0;3.999629034E7
871;63 % -15;0.0;3.999624052E7
872;63 % -15;0.0;3.999620749E7
873;63 % -15;0.0;3.999639767E7
874;63 % -15;0.0;3.999622017E7
875;63 % -14;0.0;3.999628917E7
876;63 % -14;0.0;3.999624614E7
877;63 % -14;0.0;3.999642598E7
878;63 % -14;0.0;3.999636287E7
879;63 % -14;0.0;3.999638517E7
880;63 % -14;0.0;3.99963972E7
881;63 % -14;0.0;3.999634866E7
882;63 % -14;0.0;3.999632222E7
883;63 % -14;0.0;3.999634104E7
884;63 % -14;0.0;3.999631134E7
885;63 % -13;0.0;3.999622413E7
886;63 % -13;0.0;3.999629044E7
887;63 % -13;0.0;3.999621143E7
888;63 % -13;0.0;3.999625359E7
889;63 % -13;0.0;3.999635871E7
890;63 % -13;0.0;3.999626913E7
891;63 % -13;0.0;3.999619951E7
892;63 % -13;0.0;3.999635705E7
893;63 % -13;0.0;3.999631247E7
894;63 % -13;0.0;3.999629578E7
895;63 % -12;0.0;3.999647152E7
896;63 % -12;0.0;3.999621157E7
897;63 % -12;0.0;3.999605309E7
898;63 % -12;0.0;3.999631465E7
899;63 % -12;0.0;3.9996245E7
900;63 % -12;0.0;3.999619737E7
901;63 % -12;0.0;3.999641857E7
902;63 % -12;0.0;3.999627327E7
903;63 % -12;0.0;3.999639325E7
904;63 % -12;0.0;3.999635209E7
905;63 % -11;0.0;3.999629126E7
906;63 % -11;0.0;3.999620747E7
907;63 % -11;0.0;3.99962675E7
908;63 % -11;0.0;3.999626132E7
909;63 % -11;0.0;3.999627714E7
910;63 % -11;0.0;3.999622773E7
911;63 % -11;0.0;3.99962113E7
912;63 % -11;0.0;3.999626759E7
913;63 % -11;0.0;3.999636524E7
914;63 % -11;0.0;3.999619871E7
915;63 % -10;0.0;3.999615247E7
916;63 % -10;0.0;3.999625087E7
917;63 % -10;0.0;3.999634419E7
918;63 % -10;0.0;3.999624376E7
919;63 % -10;0.0;3.999627834E7
920;63 % -10;0.0;3.999625472E7
921;63 % -10;0.0;3.999628691E7
922;63 % -10;0.0;3.999606008E7
923;63 % -10;0.0;3.999625446E7
924;63 % -10;0.0;3.999633666E7
925;63 % -9;0.0;3.999627999E7
926;63 % -9;0.0;3.999626374E7
927;63 % -9;0.0;3.99963766E7
928;63 % -9;0.0;3.999618816E7
929;63 % -9;0.0;3.999629682E7
930;63 % -9;0.0;3.999630898E7
931;63 % -9;0.0;3.99961751E7
932;63 % -9;0.0;3.999608259E7
933;63 % -9;0.0;3.999620893E7
934;63 % -9;0.0;3.999621085E7
935;63 % -8;0.0;3.999610024E7
936;63 % -8;0.0;3.999636005E7
937;63 % -8;0.0;3.999629619E7
938;63 % -8;0.0;3.999642683E7
939;63 % -8;0.0;3.99960542E7
940;63 % -8;0.0;3.99962554E7
941;63 % -8;0.0;3.99962793E7
942;63 % -8;0.0;3.999632153E7
943;63 % -8;0.0;3.999615598E7
944;63 % -8;0.0;3.99962392E7
945;63 % -7;0.0;3.999622137E7
946;63 % -7;0.0;3.999625447E7
947;63 % -7;0.0;3.999620953E7
948;63 % -7;0.0;3.999612357E7
949;63 % -7;0.0;3.999616946E7
950;63 % -7;0.0;3.999629231E7
951;63 % -7;0.0;3.999621506E7
952;63 % -7;0.0;3.999615857E7
953;63 % -7;0.0;3.999624741E7
954;63 % -7;0.0;3.999626553E7
955;63 % -6;0.0;3.999610043E7
956;63 % -6;0.0;3.999622517E7
957;63 % -6;0.0;3.99962013E7
958;63 % -6;0.0;3.999615937E7
959;63 % -6;0.0;3.999625377E7
960;63 % -6;0.0;3.999614911E7
961;63 % -6;0.0;3.999630295E7
962;63 % -6;0.0;3.99962424E7
963;63 % -6;0.0;3.999617356E7
964;63 % -6;0.0;3.999624806E7
965;63 % -5;0.0;3.999622369E7
966;63 % -5;0.0;3.999622109E7
967;63 % -5;0.0;3.99961215E7
968;63 % -5;0.0;3.999624486E7
969;63 % -5;0.0;3.999620135E7
970;63 % -5;0.0;3.999632225E7
971;63 % -5;0.0;3.999614886E7
972;63 % -5;0.0;3.999623928E7
973;63 % -5;0.0;3.999631732E7
974;63 % -5;0.0;3.999629104E7
975;63 % -4;0.0;3.999617285E7
976;63 % -4;0.0;3.999608003E7
977;63 % -4;0.0;3.999615134E7
978;63 % -4;0.0;3.999614059E7
979;63 % -4;0.0;3.999619501E7
980;63 % -4;0.0;3.999613391E7
981;63 % -4;0.0;3.999615309E7
982;63 % -4;0.0;3.999622849E7
983;63 % -4;0.0;3.999626537E7
984;63 % -4;0.0;3.999623146E7
985;63 % -3;0.0;3.99962699E7
986;63 % -3;0.0;3.99963566E7
987;63 % -3;0.0;3.999615816E7
988;63 % -3;0.0;3.999618208E7
989;63 % -3;0.0;3.999616285E7
990;63 % -3;0.0;3.999621952E7
991;63 % -3;0.0;3.99962114E7
992;63 % -3;0.0;3.999611461E7
993;63 % -3;0.0;3.999618803E7
994;63 % -3;0.0;3.999613426E7
995;63 % -2;0.0;3.999632003E7
996;63 % -2;0.0;3.999615792E7
997;63 % -2;0.0;3.999621822E7
998;63 % -2;0.0;3.999612023E7
999;63 % -2;0.0;3.99961309E7
1000;63 % -2;0.0;3.999615971E7
1001;63 % -2;0.0;3.999620079E7
1002;63 % -2;0.0;3.999610319E7
1003;63 % -2;0.0;3.999608088E7
1004;63 % -2;0.0;3.999611819E7
1005;63 % -1;0.0;3.999602733E7
1006;63 % -1;0.0;3.999609306E7
1007;63 % -1;0.0;3.999615819E7
1008;63 % -1;0.0;3.999609481E7
1009;63 % -1;0.0;3.999624109E7
1010;63 % -1;0.0;3.999619439E7
1011;63 % -1;0.0;3.999612144E7
1012;63 % -1;0.0;3.999621018E7
1013;63 % -1;0.0;3.999607096E7
1014;63 % -1;0.0;3.999617377E7
1015;63 % -;0.0;3.999617476E7
1016;63 % -;0.0;3.999605589E7
1017;63 % -;0.0;3.999581714E7
1018;63 % -;0.0;3.999626615E7
1019;63 % -;0.0;3.999599616E7
1020;63 % -;0.0;3.999610819E7
1021;63 % -;0.0;3.999619268E7
1022;63 % -;0.0;3.99960309E7
1023;63 % -;0.0;3.999619433E7
1024;63 % ;0.0;3.999648805E7
1025;63 % ;0.0;3.999608465E7
1026;63 % ;0.0;3.999612354E7
1027;63 % ;0.0;3.999624089E7
1028;63 % ;0.0;3.999611026E7
1029;63 % ;0.0;4.003618422E7
1030;63 % ;0.0;3.999622663E7
1031;63 % ;0.0;3.999620639E7
1032;63 % ;0.0;3.999616672E7
1033;63 % 1;0.0;3.999632214E7
1034;63 % 1;0.0;3.999618536E7
1035;63 % 1;0.0;3.999618582E7
1036;63 % 1;0.0;3.999619833E7
1037;63 % 1;0.0;3.999613963E7
1038;63 % 1;0.0;3.999613871E7
1039;63 % 1;0.0;3.999619819E7
1040;63 % 1;0.0;3.999623119E7
1041;63 % 1;0.0;3.999613527E7
1042;63 % 1;0.0;3.999621374E7
1043;63 % 2;0.0;3.999618223E7
1044;63 % 2;0.0;3.999623221E7
1045;63 % 2;0.0;3.999625068E7
1046;63 % 2;0.0;3.999598122E7
1047;63 % 2;0.0;3.999591854E7
1048;63 % 2;0.0;3.999610046E7
1049;63 % 2;0.0;3.999610551E7
1050;63 % 2;0.0;3.999612671E7
1051;63 % 2;0.0;3.999608677E7
1052;63 % 2;0.0;3.999609992E7
1053;63 % 3;0.0;3.999611772E7
1054;63 % 3;0.0;3.999601153E7
1055;63 % 3;0.0;3.999613615E7
1056;63 % 3;0.0;3.999612608E7
1057;63 % 3;0.0;3.99960896E7
1058;63 % 3;0.0;3.999594881E7
1059;63 % 3;0.0;3.999602643E7
1060;63 % 3;0.0;3.999607596E7
1061;63 % 3;0.0;3.999609104E7
1062;63 % 3;0.0;3.999609999E7
1063;63 % 4;0.0;3.999605962E7
1064;63 % 4;0.0;3.999611008E7
1065;63 % 4;0.0;3.999618017E7
1066;63 % 4;0.0;3.999613363E7
1067;63 % 4;0.0;3.999613372E7
1068;63 % 4;0.0;3.99959943E7
1069;63 % 4;0.0;3.999608372E7
1070;63 % 4;0.0;3.999615057E7
1071;63 % 4;0.0;3.999588051E7
1072;63 % 4;0.0;3.999606436E7
1073;63 % 5;0.0;3.999603948E7
1074;63 % 5;0.0;3.999617198E7
1075;63 % 5;0.0;3.999591545E7
1076;63 % 5;0.0;3.999603442E7
1077;63 % 5;0.0;3.999607972E7
1078;63 % 5;0.0;3.999610603E7
1079;63 % 5;0.0;3.999610004E7
1080;63 % 5;0.0;3.999563201E7
1081;63 % 5;0.0;3.99962062E7
1082;63 % 5;0.0;3.999610283E7
1083;63 % 6;0.0;3.999612503E7
1084;63 % 6;0.0;3.999608096E7
1085;63 % 6;0.0;3.999587785E7
1086;63 % 6;0.0;3.99960889E7
1087;63 % 6;0.0;3.999597316E7
1088;63 % 6;0.0;3.999600752E7
1089;63 % 6;0.0;3.999605136E7
1090;63 % 6;0.0;3.999625804E7
1091;63 % 6;0.0;3.999603521E7
1092;63 % 6;0.0;3.999609611E7
1093;63 % 7;0.0;3.999608953E7
1094;63 % 7;0.0;3.999603816E7
1095;63 % 7;0.0;3.999625612E7
1096;63 % 7;0.0;3.999607423E7
1097;63 % 7;0.0;3.999605404E7
1098;63 % 7;0.0;3.999606287E7
1099;63 % 7;0.0;3.999600614E7
1100;63 % 7;0.0;3.999607199E7
1101;63 % 7;0.0;3.999599507E7
1102;63 % 7;0.0;3.999604194E7
1103;63 % 8;0.0;3.999611627E7
1104;63 % 8;0.0;3.999613329E7
1105;63 % 8;0.0;3.999607182E7
1106;63 % 8;0.0;3.999608642E7
1107;63 % 8;0.0;3.999607738E7
1108;63 % 8;0.0;3.999595277E7
1109;63 % 8;0.0;3.999605519E7
1110;63 % 8;0.0;3.999609278E7
1111;63 % 8;0.0;3.999604168E7
1112;63 % 8;0.0;3.99959984E7
1113;63 % 9;0.0;3.999603138E7
1114;63 % 9;0.0;3.999640931E7
1115;63 % 9;0.0;3.999600043E7
1116;63 % 9;0.0;3.999602509E7
1117;63 % 9;0.0;3.999607639E7
1118;63 % 9;0.0;3.999604135E7
1119;63 % 9;0.0;3.999604384E7
1120;63 % 9;0.0;3.99960994E7
1121;63 % 9;0.0;3.999608424E7
1122;63 % 9;0.0;3.999604212E7
1123;63 % 10;0.0;3.999605764E7
1124;63 % 10;0.0;3.999598414E7
1125;63 % 10;0.0;3.999608896E7
1126;63 % 10;0.0;3.999595046E7
1127;63 % 10;0.0;3.999604888E7
1128;63 % 10;0.0;3.999596765E7
1129;63 % 10;0.0;3.999606085E7
1130;63 % 10;0.0;3.999600031E7
1131;63 % 10;0.0;3.999607965E7
1132;63 % 10;0.0;3.999602198E7
1133;63 % 11;0.0;3.999600434E7
1134;63 % 11;0.0;3.999600663E7
1135;63 % 11;0.0;3.999606599E7
1136;63 % 11;0.0;3.999599842E7
1137;63 % 11;0.0;3.99960252E7
1138;63 % 11;0.0;3.999579353E7
1139;63 % 11;0.0;3.999596002E7
1140;63 % 11;0.0;3.99960116E7
1141;63 % 11;0.0;3.999602689E7
1142;63 % 11;0.0;3.999599605E7
1143;63 % 12;0.0;3.99961344E7
1144;63 % 12;0.0;3.999603178E7
1145;63 % 12;0.0;3.999610021E7
1146;63 % 12;0.0;3.999606653E7
1147;63 % 12;0.0;3.99960446E7
1148;63 % 12;0.0;3.999600833E7
1149;63 % 12;0.0;3.999595734E7
1150;63 % 12;0.0;3.999595207E7
1151;63 % 12;0.0;3.999601345E7
1152;63 % 12;0.0;3.99960075E7
1153;63 % 13;0.0;3.999598463E7
1154;63 % 13;0.0;3.999606613E7
1155;63 % 13;0.0;3.999599394E7
1156;63 % 13;0.0;3.999598228E7
1157;63 % 13;0.0;3.999599379E7
1158;63 % 13;0.0;3.99960369E7
1159;63 % 13;0.0;3.999599308E7
1160;63 % 13;0.0;3.999602183E7
1161;63 % 13;0.0;3.999603712E7
1162;63 % 13;0.0;3.999588539E7
1163;63 % 14;0.0;3.999599168E7
1164;63 % 14;0.0;3.999599702E7
1165;63 % 14;0.0;3.999580761E7
1166;63 % 14;0.0;3.999608632E7
1167;63 % 14;0.0;3.99959724E7
1168;63 % 14;0.0;3.999595722E7
1169;63 % 14;0.0;3.99960369E7
1170;63 % 14;0.0;3.999607257E7
1171;63 % 14;0.0;3.999598965E7
1172;63 % 14;0.0;3.999602543E7
1173;63 % 15;0.0;3.999592258E7
1174;63 % 15;0.0;3.999597583E7
1175;63 % 15;0.0;3.999599718E7
1176;63 % 15;0.0;3.999592634E7
1177;63 % 15;0.0;3.999600472E7
1178;63 % 15;0.0;3.999601747E7
1179;63 % 15;0.0;3.999596206E7
1180;63 % 15;0.0;3.999595585E7
1181;63 % 15;0.0;3.999569228E7
1182;63 % 15;0.0;3.999596668E7
1183;63 % 16;0.0;3.999597284E7
1184;63 % 16;0.0;3.999602117E7
1185;63 % 16;0.0;3.999594848E7
1186;63 % 16;0.0;3.999590808E7
1187;63 % 16;0.0;3.999597558E7
1188;63 % 16;0.0;3.999584109E7
1189;63 % 16;0.0;3.999590908E7
1190;63 % 16;0.0;3.999598606E7
1191;63 % 16;0.0;3.999596314E7
1192;63 % 16;0.0;3.9995948E7
1193;63 % 17;0.0;3.999587616E7
1194;63 % 17;0.0;3.999594997E7
1195;63 % 17;0.0;3.999594937E7
1196;63 % 17;0.0;3.999604543E7
1197;63 % 17;0.0;3.999594453E7
1198;63 % 17;0.0;3.999589718E7
1199;63 % 17;0.0;3.999594845E7
1200;63 % 17;0.0;3.999595966E7
1201;63 % 17;0.0;3.999586999E7
1202;63 % 17;0.0;3.999587305E7
1203;63 % 18;0.0;3.999589923E7
1204;63 % 18;0.0;3.999589958E7
1205;63 % 18;0.0;3.999592481E7
1206;63 % 18;0.0;3.999591245E7
1207;63 % 18;0.0;3.999594578E7
1208;63 % 18;0.0;3.999552403E7
1209;63 % 18;0.0;3.999593158E7
1210;63 % 18;0.0;3.999589378E7
1211;63 % 18;0.0;3.999596529E7
1212;63 % 18;0.0;3.999598701E7
1213;63 % 19;0.0;3.999595788E7
1214;63 % 19;0.0;3.999595834E7
1215;63 % 19;0.0;3.999588065E7
1216;63 % 19;0.0;3.999593731E7
1217;63 % 19;0.0;3.999593249E7
1218;63 % 19;0.0;3.999592661E7
1219;63 % 19;0.0;3.999593388E7
1220;63 % 19;0.0;3.999597705E7
1221;63 % 19;0.0;3.999594451E7
1222;63 % 19;0.0;3.999595198E7
1223;63 % 20;0.0;3.999596935E7
1224;63 % 20;0.0;3.999596372E7
1225;63 % 20;0.0;3.999594734E7
1226;63 % 20;0.0;3.999592486E7
1227;63 % 20;0.0;3.99958877E7
1228;63 % 20;0.0;3.99959246E7
1229;63 % 20;0.0;3.999598272E7
1230;63 % 20;0.0;3.99958958E7
1231;63 % 20;0.0;3.999594227E7
1232;63 % 20;0.0;3.999587349E7
1233;63 % 21;0.0;3.999586685E7
1234;63 % 21;0.0;3.999587788E7
1235;63 % 21;0.0;3.999593965E7
1236;63 % 21;0.0;3.999591763E7
1237;63 % 21;0.0;3.999594019E7
1238;63 % 21;0.0;3.99959765E7
1239;63 % 21;0.0;3.999586475E7
1240;63 % 21;0.0;3.99959407E7
1241;63 % 21;0.0;3.999576584E7
1242;63 % 21;0.0;3.999628184E7
1243;63 % 22;0.0;3.999592727E7
1244;63 % 22;0.0;3.99958857E7
1245;63 % 22;0.0;3.999598086E7
1246;63 % 22;0.0;3.999583111E7
1247;63 % 22;0.0;3.999589342E7
1248;63 % 22;0.0;3.999591057E7
1249;63 % 22;0.0;3.999596123E7
1250;63 % 22;0.0;3.999595639E7
1251;63 % 22;0.0;3.999594225E7
1252;63 % 22;0.0;3.999592472E7
1253;63 % 23;0.0;3.99959264E7
1254;63 % 23;0.0;3.999593957E7
1255;63 % 23;0.0;3.999590956E7
1256;63 % 23;0.0;3.99958566E7
1257;63 % 23;0.0;3.999592476E7
1258;63 % 23;0.0;3.999584971E7
1259;63 % 23;0.0;3.99959227E7
1260;63 % 23;0.0;3.999587657E7
1261;63 % 23;0.0;3.99959343E7
1262;63 % 23;0.0;3.999591822E7
1263;63 % 24;0.0;3.999585588E7
1264;63 % 24;0.0;3.999593594E7
1265;63 % 24;0.0;3.999592866E7
1266;63 % 24;0.0;3.999583691E7
1267;63 % 24;0.0;3.999581544E7
1268;63 % 24;0.0;3.999580077E7
1269;63 % 24;0.0;3.999594947E7
1270;63 % 24;0.0;3.999579418E7
1271;63 % 24;0.0;3.999585617E7
1272;63 % 24;0.0;3.999536965E7
1273;63 % 25;0.0;3.999591129E7
1274;63 % 25;0.0;3.999589183E7
1275;63 % 25;0.0;3.999595205E7
1276;63 % 25;0.0;3.999584382E7
1277;63 % 25;0.0;3.999588243E7
1278;63 % 25;0.0;3.999579E7
1279;63 % 25;0.0;3.999591507E7
1280;63 % 25;0.0;3.999576187E7
1281;63 % 25;0.0;3.999584397E7
1282;63 % 25;0.0;3.999577932E7
1283;63 % 26;0.0;3.999583469E7
1284;63 % 26;0.0;3.99958527E7
1285;63 % 26;0.0;3.999587197E7
1286;63 % 26;0.0;3.999574625E7
1287;63 % 26;0.0;3.999584815E7
1288;63 % 26;0.0;3.999576252E7
1289;63 % 26;0.0;3.999587354E7
1290;63 % 26;0.0;3.999578857E7
1291;63 % 26;0.0;3.999584719E7
1292;63 % 26;0.0;3.999588943E7
1293;63 % 27;0.0;3.999589901E7
1294;63 % 27;0.0;3.999571921E7
1295;63 % 27;0.0;3.999591237E7
1296;63 % 27;0.0;3.999568219E7
1297;63 % 27;0.0;3.999583039E7
1298;63 % 27;0.0;3.99958359E7
1299;63 % 27;0.0;3.999584083E7
1300;63 % 27;0.0;3.999574357E7
1301;63 % 27;0.0;3.999588313E7
1302;63 % 27;0.0;3.999580496E7
1303;63 % 28;0.0;3.999587693E7
1304;63 % 28;0.0;3.999586307E7
1305;63 % 28;0.0;3.999582502E7
1306;63 % 28;0.0;3.999570696E7
1307;63 % 28;0.0;3.999573521E7
1308;63 % 28;0.0;3.999585021E7
1309;63 % 28;0.0;3.999577244E7
1310;63 % 28;0.0;3.999586721E7
1311;63 % 28;0.0;3.999586506E7
1312;63 % 28;0.0;3.999578346E7
1313;63 % 29;0.0;3.999586622E7
1314;63 % 29;0.0;3.999583721E7
1315;63 % 29;0.0;3.99958356E7
1316;63 % 29;0.0;3.999583539E7
1317;63 % 29;0.0;3.999573494E7
1318;63 % 29;0.0;3.999578751E7
1319;63 % 29;0.0;3.999574327E7
1320;63 % 29;0.0;3.999586352E7
1321;63 % 29;0.0;3.999580141E7
1322;63 % 29;0.0;3.999584548E7
1323;63 % 30;0.0;3.999567597E7
1324;63 % 30;0.0;3.999583485E7
1325;63 % 30;0.0;3.999578968E7
1326;63 % 30;0.0;3.999580441E7
1327;63 % 30;0.0;3.999584479E7
1328;63 % 30;0.0;3.999583733E7
1329;63 % 30;0.0;3.999580492E7
1330;63 % 30;0.0;3.999582224E7
1331;63 % 30;0.0;3.999571831E7
1332;63 % 30;0.0;3.999584597E7
1333;63 % 31;0.0;3.999577222E7
1334;63 % 31;0.0;3.999583118E7
1335;63 % 31;0.0;3.999582795E7
1336;63 % 31;0.0;3.999559065E7
1337;63 % 31;0.0;3.999577524E7
1338;63 % 31;0.0;3.999585956E7
1339;63 % 31;0.0;3.999581287E7
1340;63 % 31;0.0;3.999583425E7
1341;63 % 31;0.0;3.999587102E7
1342;63 % 31;0.0;3.999586916E7
1343;63 % 32;0.0;3.999579211E7
1344;63 % 32;0.0;3.999586249E7
1345;63 % 32;0.0;3.99958439E7
1346;63 % 32;0.0;3.999577713E7
1347;63 % 32;0.0;3.99958069E7
1348;63 % 32;0.0;3.999580037E7
1349;63 % 32;0.0;3.999585231E7
1350;63 % 32;0.0;3.99957666E7
1351;63 % 32;0.0;3.999583023E7
1352;63 % 32;0.0;3.999580858E7
1353;63 % 33;0.0;3.999581885E7
1354;63 % 33;0.0;3.999582668E7
1355;63 % 33;0.0;3.99958881E7
1356;63 % 33;0.0;3.999563598E7
1357;63 % 33;0.0;3.99958107E7
1358;63 % 33;0.0;3.999581541E7
1359;63 % 33;0.0;3.999580867E7
1360;63 % 33;0.0;3.999565503E7
1361;63 % 33;0.0;3.999579922E7
1362;63 % 33;0.0;3.999583943E7
1363;63 % 34;0.0;3.999575377E7
1364;63 % 34;0.0;3.999579764E7
1365;63 % 34;0.0;3.999585166E7
1366;63 % 34;0.0;3.999581777E7
1367;63 % 34;0.0;3.999578854E7
1368;63 % 34;0.0;3.999582021E7
1369;63 % 34;0.0;3.999575087E7
1370;63 % 34;0.0;3.999595224E7
1371;63 % 34;0.0;3.999571709E7
1372;63 % 34;0.0;3.999570373E7
1373;63 % 35;0.0;3.999578839E7
1374;63 % 35;0.0;3.999566512E7
1375;63 % 35;0.0;3.999577494E7
1376;63 % 35;0.0;3.999576667E7
1377;63 % 35;0.0;3.999574926E7
1378;63 % 35;0.0;3.999580404E7
1379;63 % 35;0.0;3.999587329E7
1380;63 % 35;0.0;3.999578418E7
1381;63 % 35;0.0;3.999573166E7
1382;63 % 35;0.0;3.999576519E7
1383;63 % 36;0.0;3.999572716E7
1384;63 % 36;0.0;3.99871618E7
1385;63 % 36;0.0;3.999575704E7
1386;63 % 36;0.0;3.999579917E7
1387;63 % 36;0.0;3.999572175E7
1388;63 % 36;0.0;3.999571235E7
1389;63 % 36;0.0;3.999575154E7
1390;63 % 36;0.0;3.999564986E7
1391;63 % 36;0.0;3.999580574E7
1392;63 % 36;0.0;3.999574643E7
1393;63 % 37;0.0;3.999576665E7
1394;63 % 37;0.0;3.999576536E7
1395;63 % 37;0.0;3.999560882E7
1396;63 % 37;0.0;3.999571471E7
1397;63 % 37;0.0;3.999576212E7
1398;63 % 37;0.0;3.999569664E7
1399;63 % 37;0.0;3.999580139E7
1400;63 % 37;0.0;3.99957389E7
1401;63 % 37;0.0;3.999570228E7
1402;63 % 37;0.0;3.999585151E7
1403;63 % 38;0.0;3.999585785E7
1404;63 % 38;0.0;3.999563168E7
1405;63 % 38;0.0;3.999583651E7
1406;63 % 38;0.0;3.999563294E7
1407;63 % 38;0.0;3.999572242E7
1408;63 % 38;0.0;3.999568412E7
1409;63 % 38;0.0;3.999563199E7
1410;63 % 38;0.0;3.99955311E7
1411;63 % 38;0.0;3.99957543E7
1412;63 % 38;0.0;3.999564333E7
1413;63 % 39;0.0;3.999572705E7
1414;63 % 39;0.0;3.999556997E7
1415;63 % 39;0.0;3.999572357E7
1416;63 % 39;0.0;3.999562554E7
1417;63 % 39;0.0;3.999571303E7
1418;63 % 39;0.0;3.999571501E7
1419;63 % 39;0.0;3.999573805E7
1420;63 % 39;0.0;3.999570758E7
1421;63 % 39;0.0;3.999569225E7
1422;63 % 39;0.0;3.999570746E7
1423;63 % 40;0.0;3.99956453E7
1424;63 % 40;0.0;3.999572027E7
1425;63 % 40;0.0;3.999571333E7
1426;63 % 40;0.0;3.999563963E7
1427;63 % 40;0.0;3.999579521E7
1428;63 % 40;0.0;3.999562222E7
1429;63 % 40;0.0;3.999572836E7
1430;63 % 40;0.0;3.999569997E7
1431;63 % 40;0.0;3.999571243E7
1432;63 % 40;0.0;3.999562728E7
1433;63 % 41;0.0;3.999571122E7
1434;63 % 41;0.0;3.999565678E7
1435;63 % 41;0.0;3.999573558E7
1436;63 % 41;0.0;3.999567507E7
1437;63 % 41;0.0;3.999558699E7
1438;63 % 41;0.0;3.999579015E7
1439;63 % 41;0.0;3.999553647E7
1440;63 % 41;0.0;3.999571632E7
1441;63 % 41;0.0;3.999572094E7
1442;63 % 41;0.0;3.999573001E7
1443;63 % 42;0.0;3.999578003E7
1444;63 % 42;0.0;3.999574354E7
1445;63 % 42;0.0;3.999569326E7
1446;63 % 42;0.0;3.999564986E7
1447;63 % 42;0.0;3.999567056E7
1448;63 % 42;0.0;3.999561604E7
1449;63 % 42;0.0;3.999562378E7
1450;63 % 42;0.0;3.999555945E7
1451;63 % 42;0.0;3.999547774E7
1452;63 % 42;0.0;3.999560346E7
1453;63 % 43;0.0;3.999567595E7
1454;63 % 43;0.0;3.999574879E7
1455;63 % 43;0.0;3.99956656E7
1456;63 % 43;0.0;3.999567833E7
1457;63 % 43;0.0;3.999565213E7
1458;63 % 43;0.0;3.999560706E7
1459;63 % 43;0.0;3.999567978E7
1460;63 % 43;0.0;3.999558467E7
1461;63 % 43;0.0;3.999546984E7
1462;63 % 43;0.0;3.99957278E7
1463;63 % 44;0.0;3.99956159E7
1464;63 % 44;0.0;3.999563929E7
1465;63 % 44;0.0;3.99956192E7
1466;63 % 44;0.0;3.999579108E7
1467;63 % 44;0.0;3.999559191E7
1468;63 % 44;0.0;3.999571997E7
1469;63 % 44;0.0;3.999567799E7
1470;63 % 44;0.0;3.999565756E7
1471;63 % 44;0.0;3.999564756E7
1472;63 % 44;0.0;3.999567013E7
1473;63 % 45;0.0;3.99956305E7
1474;63 % 45;0.0;3.999557308E7
1475;63 % 45;0.0;3.999562982E7
1476;63 % 45;0.0;3.999562093E7
1477;63 % 45;0.0;3.999569682E7
1478;63 % 45;0.0;3.999567301E7
1479;63 % 45;0.0;3.999563577E7
1480;63 % 45;0.0;3.999552989E7
1481;63 % 45;0.0;3.999566976E7
1482;63 % 45;0.0;3.999563293E7
1483;63 % 46;0.0;3.9995614E7
1484;63 % 46;0.0;3.999571161E7
1485;63 % 46;0.0;3.99956983E7
1486;63 % 46;0.0;3.999481823E7
1487;63 % 46;0.0;3.999562784E7
1488;63 % 46;0.0;3.999561997E7
1489;63 % 46;0.0;3.999565496E7
1490;63 % 46;0.0;3.999556628E7
1491;63 % 46;0.0;3.999558077E7
1492;63 % 46;0.0;3.999567504E7
1493;63 % 47;0.0;3.999557335E7
1494;63 % 47;0.0;3.999561945E7
1495;63 % 47;0.0;3.999567831E7
1496;63 % 47;0.0;3.999560503E7
1497;63 % 47;0.0;3.99954978E7
1498;63 % 47;0.0;3.999597928E7
1499;63 % 47;0.0;3.999560335E7
1500;63 % 47;0.0;3.999561738E7
1501;63 % 47;0.0;3.999559783E7
1502;63 % 47;0.0;3.999558561E7
1503;63 % 48;0.0;3.999555691E7
1504;63 % 48;0.0;3.999567026E7
1505;63 % 48;0.0;3.999552092E7
1506;63 % 48;0.0;3.999556196E7
1507;63 % 48;0.0;3.999561537E7
1508;63 % 48;0.0;3.999571942E7
1509;63 % 48;0.0;3.999560268E7
1510;63 % 48;0.0;3.999561878E7
1511;63 % 48;0.0;3.999561897E7
1512;63 % 48;0.0;3.999553905E7
1513;63 % 49;0.0;3.999559838E7
1514;63 % 49;0.0;3.999554227E7
1515;63 % 49;0.0;3.999554039E7
1516;63 % 49;0.0;3.999556483E7
1517;63 % 49;0.0;3.9995624E7
1518;63 % 49;0.0;3.999551918E7
1519;63 % 49;0.0;3.999570503E7
1520;63 % 49;0.0;3.999571644E7
1521;63 % 49;0.0;3.999566933E7
1522;63 % 49;0.0;3.999559212E7
1523;63 % 50;0.0;3.999547862E7
1524;63 % 50;0.0;3.999562212E7
1525;63 % 50;0.0;3.999549888E7
1526;63 % 50;0.0;3.999552275E7
1527;63 % 50;0.0;3.999530176E7
1528;63 % 50;0.0;3.999557705E7
1529;63 % 50;0.0;3.999562677E7
1530;63 % 50;0.0;3.999558258E7
1531;63 % 50;0.0;3.999557648E7
1532;63 % 50;0.0;3.9995562E7
1533;63 % 51;0.0;3.999564395E7
1534;63 % 51;0.0;3.999557903E7
1535;63 % 51;0.0;3.999561921E7
1536;63 % 51;0.0;3.999567821E7
1537;63 % 51;0.0;3.999553647E7
1538;63 % 51;0.0;3.999563394E7
1539;63 % 51;0.0;3.999559479E7
1540;63 % 51;0.0;3.999557963E7
1541;63 % 51;0.0;3.999558297E7
1542;63 % 51;0.0;3.999563E7
1543;63 % 52;0.0;3.999558865E7
1544;63 % 52;0.0;3.999541385E7
1545;63 % 52;0.0;3.999557682E7
1546;63 % 52;0.0;3.99956684E7
1547;63 % 52;0.0;3.999549629E7
1548;63 % 52;0.0;3.999554617E7
1549;63 % 52;0.0;3.999557636E7
1550;63 % 52;0.0;3.999551413E7
1551;63 % 52;0.0;3.999571479E7
1552;63 % 52;0.0;3.999554042E7
1553;63 % 53;0.0;3.999555244E7
1554;63 % 53;0.0;3.999556416E7
1555;63 % 53;0.0;3.999553217E7
1556;63 % 53;0.0;3.999555236E7
1557;63 % 53;0.0;3.999557924E7
1558;63 % 53;0.0;3.999549232E7
1559;63 % 53;0.0;3.999555777E7
1560;63 % 53;0.0;3.999556059E7
1561;63 % 53;0.0;3.999564186E7
1562;63 % 53;0.0;3.999556574E7
1563;63 % 54;0.0;3.999551498E7
1564;63 % 54;0.0;3.999552356E7
1565;63 % 54;0.0;3.999554487E7
1566;63 % 54;0.0;3.999545143E7
1567;63 % 54;0.0;3.999552972E7
1568;63 % 54;0.0;3.999531982E7
1569;63 % 54;0.0;3.999545359E7
1570;63 % 54;0.0;3.999558648E7
1571;63 % 54;0.0;3.999543482E7
1572;63 % 54;0.0;3.999555887E7
1573;63 % 55;0.0;3.999553566E7
1574;63 % 55;0.0;3.99955827E7
1575;63 % 55;0.0;3.999546555E7
1576;63 % 55;0.0;3.999554087E7
1577;63 % 55;0.0;3.99954691E7
1578;63 % 55;0.0;3.999564758E7
1579;63 % 55;0.0;3.999551227E7
1580;63 % 55;0.0;3.99955158E7
1581;63 % 55;0.0;3.999551014E7
1582;63 % 55;0.0;3.999547626E7
1583;63 % 56;0.0;3.999546896E7
1584;63 % 56;0.0;3.999556337E7
1585;63 % 56;0.0;3.999546652E7
1586;63 % 56;0.0;3.999560576E7
1587;63 % 56;0.0;3.999541454E7
1588;63 % 56;0.0;3.999551807E7
1589;63 % 56;0.0;3.999551976E7
1590;63 % 56;0.0;3.999544986E7
1591;63 % 56;0.0;3.999549957E7
1592;63 % 56;0.0;3.999548062E7
1593;63 % 57;0.0;3.999539403E7
1594;63 % 57;0.0;3.999568997E7
1595;63 % 57;0.0;3.999560971E7
1596;63 % 57;0.0;3.999554712E7
1597;63 % 57;0.0;3.999544486E7
1598;63 % 57;0.0;3.999572221E7
1599;63 % 57;0.0;3.999546818E7
1600;63 % 57;0.0;3.999554666E7
1601;63 % 57;0.0;3.999523485E7
1602;63 % 57;0.0;3.999553023E7
1603;63 % 58;0.0;3.999547007E7
1604;63 % 58;0.0;3.999544939E7
1605;63 % 58;0.0;3.999541744E7
1606;63 % 58;0.0;3.999536852E7
1607;63 % 58;0.0;3.999546972E7
1608;63 % 58;0.0;3.999550253E7
1609;63 % 58;0.0;3.999551916E7
1610;63 % 58;0.0;3.999548357E7
1611;63 % 58;0.0;3.999549938E7
1612;63 % 58;0.0;3.999557868E7
1613;63 % 59;0.0;3.999548304E7
1614;63 % 59;0.0;3.999542967E7
1615;63 % 59;0.0;3.999550255E7
1616;63 % 59;0.0;3.999536563E7
1617;63 % 59;0.0;3.999552348E7
1618;63 % 59;0.0;3.999548011E7
1619;63 % 59;0.0;3.999543208E7
1620;63 % 59;0.0;3.999549952E7
1621;63 % 59;0.0;3.999553006E7
1622;63 % 59;0.0;3.999547958E7
1623;63 % 60;0.0;3.999541305E7
1624;63 % 60;0.0;3.999545812E7
1625;63 % 60;0.0;3.999551376E7
1626;63 % 60;0.0;3.999553554E7
1627;63 % 60;0.0;3.999551854E7
1628;63 % 60;0.0;3.999547753E7
1629;63 % 60;0.0;3.999545249E7
1630;63 % 60;0.0;3.999545272E7
1631;63 % 60;0.0;3.99954283E7
1632;63 % 60;0.0;3.999544788E7
1633;63 % 61;0.0;3.999556236E7
1634;63 % 61;0.0;3.999541418E7
1635;63 % 61;0.0;3.999550743E7
1636;63 % 61;0.0;3.999552831E7
1637;63 % 61;0.0;3.999546825E7
1638;63 % 61;0.0;3.999545965E7
1639;63 % 61;0.0;3.999548505E7
1640;63 % 61;0.0;3.999548394E7
1641;63 % 61;0.0;3.999544731E7
1642;63 % 61;0.0;3.999541521E7
1643;63 % 62;0.0;3.999554232E7
1644;63 % 62;0.0;3.99955015E7
1645;63 % 62;0.0;3.999552921E7
1646;63 % 62;0.0;3.999543869E7
1647;63 % 62;0.0;3.999540557E7
1648;63 % 62;0.0;3.999551751E7
1649;63 % 62;0.0;3.99954538E7
1650;63 % 62;0.0;3.9995411E7
1651;63 % 62;0.0;3.99955233E7
1652;63 % 62;0.0;3.999560314E7
1653;63 % 63;0.0;3.999554592E7
1654;63 % 63;0.0;3.999552042E7
1655;63 % 63;0.0;3.999551607E7
1656;63 % 63;0.0;3.999540029E7
1657;63 % 63;0.0;3.999549758E7
1658;63 % 63;0.0;3.999510118E7
1659;63 % 63;0.0;3.999551881E7
1660;63 % 63;0.0;3.999530851E7
1661;63 % 63;0.0;3.999536867E7
1662;63 % 63;0.0;3.999537396E7
1663;63 % 64;0.0;3.999551245E7
1664;63 % 64;0.0;3.999544534E7
1665;63 % 64;0.0;3.999547632E7
1666;63 % 64;0.0;3.999538915E7
1667;63 % 64;0.0;3.999551273E7
1668;63 % 64;0.0;3.999539689E7
1669;63 % 64;0.0;3.999542406E7
1670;63 % 64;0.0;3.99954162E7
1671;63 % 64;0.0;3.999538512E7
1672;63 % 64;0.0;3.999542591E7
1673;63 % 65;0.0;3.999538778E7
1674;63 % 65;0.0;3.999538044E7
1675;63 % 65;0.0;3.999545464E7
1676;63 % 65;0.0;3.999537338E7
1677;63 % 65;0.0;3.999534659E7
1678;63 % 65;0.0;3.999541032E7
1679;63 % 65;0.0;3.999555568E7
1680;63 % 65;0.0;3.999546359E7
1681;63 % 65;0.0;3.999546952E7
1682;63 % 65;0.0;3.999542982E7
1683;63 % 66;0.0;3.999545698E7
1684;63 % 66;0.0;3.999545682E7
1685;63 % 66;0.0;3.999535262E7
1686;63 % 66;0.0;3.999541923E7
1687;63 % 66;0.0;3.99954972E7
1688;63 % 66;0.0;3.999538091E7
1689;63 % 66;0.0;3.999534312E7
1690;63 % 66;0.0;3.999539998E7
1691;63 % 66;0.0;3.999538392E7
1692;63 % 66;0.0;3.999550378E7
1693;63 % 67;0.0;3.999549239E7
1694;63 % 67;0.0;3.999540559E7
1695;63 % 67;0.0;3.999535414E7
1696;63 % 67;0.0;3.999539939E7
1697;63 % 67;0.0;3.999538873E7
1698;63 % 67;0.0;3.999534229E7
1699;63 % 67;0.0;3.999537521E7
1700;63 % 67;0.0;3.999533844E7
1701;63 % 67;0.0;3.999537915E7
1702;63 % 67;0.0;3.999544986E7
1703;63 % 68;0.0;3.999544188E7
1704;63 % 68;0.0;3.999545397E7
1705;63 % 68;0.0;3.999547057E7
1706;63 % 68;0.0;3.999537036E7
1707;63 % 68;0.0;3.999547258E7
1708;63 % 68;0.0;3.999549918E7
1709;63 % 68;0.0;3.999547405E7
1710;63 % 68;0.0;3.999544143E7
1711;63 % 68;0.0;3.999534563E7
1712;63 % 68;0.0;3.999549066E7
1713;63 % 69;0.0;3.999532205E7
1714;63 % 69;0.0;3.999547782E7
1715;63 % 69;0.0;3.999537507E7
1716;63 % 69;0.0;3.999548994E7
1717;63 % 69;0.0;3.99953799E7
1718;63 % 69;0.0;3.999524629E7
1719;63 % 69;0.0;3.999537813E7
1720;63 % 69;0.0;3.999495751E7
1721;63 % 69;0.0;3.999534374E7
1722;63 % 69;0.0;3.999540969E7
1723;63 % 70;0.0;3.999546708E7
1724;63 % 70;0.0;3.99955234E7
1725;63 % 70;0.0;3.999533761E7
1726;63 % 70;0.0;3.999546083E7
1727;63 % 70;0.0;3.999519734E7
1728;63 % 70;0.0;3.999538043E7
1729;63 % 70;0.0;3.999543996E7
1730;63 % 70;0.0;3.999550578E7
1731;63 % 70;0.0;3.999533359E7
1732;63 % 70;0.0;3.999540986E7
1733;63 % 71;0.0;3.99954075E7
1734;63 % 71;0.0;3.999532958E7
1735;63 % 71;0.0;3.999537713E7
1736;63 % 71;0.0;3.999529693E7
1737;63 % 71;0.0;3.999539829E7
1738;63 % 71;0.0;3.999530454E7
1739;63 % 71;0.0;3.999538001E7
1740;63 % 71;0.0;3.999532133E7
1741;63 % 71;0.0;3.999541931E7
1742;63 % 71;0.0;3.99952954E7
1743;63 % 72;0.0;3.999534431E7
1744;63 % 72;0.0;3.999547522E7
1745;63 % 72;0.0;3.99954921E7
1746;63 % 72;0.0;3.999539235E7
1747;63 % 72;0.0;3.999526596E7
1748;63 % 72;0.0;3.999534366E7
1749;63 % 72;0.0;3.999529608E7
1750;63 % 72;0.0;3.999535812E7
1751;63 % 72;0.0;3.999535283E7
1752;63 % 72;0.0;3.999517707E7
1753;63 % 73;0.0;3.999532096E7
1754;63 % 73;0.0;3.999546931E7
1755;63 % 73;0.0;3.999527836E7
1756;63 % 73;0.0;3.999525107E7
1757;63 % 73;0.0;3.999527098E7
1758;63 % 73;0.0;3.999524022E7
1759;63 % 73;0.0;3.999539088E7
1760;63 % 73;0.0;3.999521873E7
1761;63 % 73;0.0;3.99952463E7
1762;63 % 73;0.0;3.999534525E7
1763;63 % 74;0.0;3.99953073E7
1764;63 % 74;0.0;3.999534308E7
1765;63 % 74;0.0;3.999522531E7
1766;63 % 74;0.0;3.999531928E7
1767;63 % 74;0.0;3.999529365E7
1768;63 % 74;0.0;3.999532012E7
1769;63 % 74;0.0;3.999536793E7
1770;63 % 74;0.0;3.999538471E7
1771;63 % 74;0.0;3.999530549E7
1772;63 % 74;0.0;3.999531247E7
1773;63 % 75;0.0;3.999534245E7
1774;63 % 75;0.0;3.999520209E7
1775;63 % 75;0.0;3.999528151E7
1776;63 % 75;0.0;3.999533447E7
1777;63 % 75;0.0;3.999534795E7
1778;63 % 75;0.0;3.999521493E7
1779;63 % 75;0.0;3.999536973E7
1780;63 % 75;0.0;3.999530888E7
1781;63 % 75;0.0;3.999523526E7
1782;63 % 75;0.0;3.999526453E7
1783;63 % 76;0.0;3.999536052E7
1784;63 % 76;0.0;3.999528727E7
1785;63 % 76;0.0;3.999549051E7
1786;63 % 76;0.0;3.999531472E7
1787;63 % 76;0.0;3.999530694E7
1788;63 % 76;0.0;3.999528866E7
1789;63 % 76;0.0;3.999530449E7
1790;63 % 76;0.0;3.999514754E7
1791;63 % 76;0.0;3.999538129E7
1792;63 % 76;0.0;3.999519213E7
1793;63 % 77;0.0;3.999535085E7
1794;63 % 77;0.0;3.99951034E7
1795;63 % 77;0.0;3.999537296E7
1796;63 % 77;0.0;3.999491344E7
1797;63 % 77;0.0;3.999530817E7
1798;63 % 77;0.0;3.999537898E7
1799;63 % 77;0.0;3.999529784E7
1800;63 % 77;0.0;3.99953337E7
1801;63 % 77;0.0;3.999525107E7
1802;63 % 77;0.0;3.999530101E7
1803;63 % 78;0.0;3.999529742E7
1804;63 % 78;0.0;3.999529408E7
1805;63 % 78;0.0;3.999526026E7
1806;63 % 78;0.0;3.99951548E7
1807;63 % 78;0.0;3.999514541E7
1808;63 % 78;0.0;3.999531006E7
1809;63 % 78;0.0;3.999530749E7
1810;63 % 78;0.0;3.999547323E7
1811;63 % 78;0.0;3.999530792E7
1812;63 % 78;0.0;3.99953013E7
1813;63 % 79;0.0;3.999540207E7
1814;63 % 79;0.0;3.999531663E7
1815;63 % 79;0.0;3.999530212E7
1816;63 % 79;0.0;3.999527462E7
1817;63 % 79;0.0;3.999520344E7
1818;63 % 79;0.0;3.999520081E7
1819;63 % 79;0.0;3.999528822E7
1820;63 % 79;0.0;3.99952138E7
1821;63 % 79;0.0;3.999521385E7
1822;63 % 79;0.0;3.999530914E7
1823;63 % 80;0.0;3.999506428E7
1824;63 % 80;0.0;3.999523249E7
1825;63 % 80;0.0;3.999540637E7
1826;63 % 80;0.0;3.99953254E7
1827;63 % 80;0.0;3.999520753E7
1828;63 % 80;0.0;3.999526257E7
1829;63 % 80;0.0;3.99952611E7
1830;63 % 80;0.0;3.999525906E7
1831;63 % 80;0.0;3.999527213E7
1832;63 % 80;0.0;3.999524632E7
1833;63 % 81;0.0;3.999527104E7
1834;63 % 81;0.0;3.99953649E7
1835;63 % 81;0.0;3.999516323E7
1836;63 % 81;0.0;3.999525419E7
1837;63 % 81;0.0;3.999534177E7
1838;63 % 81;0.0;3.999525275E7
1839;63 % 81;0.0;3.99953772E7
1840;63 % 81;0.0;3.999526946E7
1841;63 % 81;0.0;3.999521553E7
1842;63 % 81;0.0;3.999524911E7
1843;63 % 82;0.0;3.999512179E7
1844;63 % 82;0.0;3.999526002E7
1845;63 % 82;0.0;3.999529846E7
1846;63 % 82;0.0;3.999534943E7
1847;63 % 82;0.0;3.999524324E7
1848;63 % 82;0.0;3.999522399E7
1849;63 % 82;0.0;3.999523023E7
1850;63 % 82;0.0;3.99953657E7
1851;63 % 82;0.0;3.999514449E7
1852;63 % 82;0.0;3.999518173E7
1853;63 % 83;0.0;3.999533243E7
1854;63 % 83;0.0;3.999532902E7
1855;63 % 83;0.0;3.999518585E7
1856;63 % 83;0.0;3.999513919E7
1857;63 % 83;0.0;3.999515195E7
1858;63 % 83;0.0;3.9995306E7
1859;63 % 83;0.0;3.99953103E7
1860;63 % 83;0.0;3.999517326E7
1861;63 % 83;0.0;3.999513409E7
1862;63 % 83;0.0;3.99952895E7
1863;63 % 84;0.0;3.999532198E7
1864;63 % 84;0.0;3.999526367E7
1865;63 % 84;0.0;3.99951128E7
1866;63 % 84;0.0;3.999512569E7
1867;63 % 84;0.0;3.999523417E7
1868;63 % 84;0.0;3.999529133E7
1869;63 % 84;0.0;3.999536803E7
1870;63 % 84;0.0;3.999525432E7
1871;63 % 84;0.0;3.999525934E7
1872;63 % 84;0.0;3.999521892E7
1873;63 % 85;0.0;3.999515069E7
1874;63 % 85;0.0;3.999520894E7
1875;63 % 85;0.0;3.998907373E7
1876;63 % 85;0.0;3.999525625E7
1877;63 % 85;0.0;3.99952455E7
1878;63 % 85;0.0;3.999524186E7
1879;63 % 85;0.0;3.999516323E7
1880;63 % 85;0.0;3.999523638E7
1881;63 % 85;0.0;3.999516262E7
1882;63 % 85;0.0;3.999525125E7
1883;63 % 86;0.0;3.999524016E7
1884;63 % 86;0.0;3.99951006E7
1885;63 % 86;0.0;3.999526002E7
1886;63 % 86;0.0;3.999521183E7
1887;63 % 86;0.0;3.999522766E7
1888;63 % 86;0.0;3.999525575E7
1889;63 % 86;0.0;3.999518711E7
1890;63 % 86;0.0;3.99952545E7
1891;63 % 86;0.0;3.999518345E7
1892;63 % 86;0.0;3.999518832E7
1893;63 % 87;0.0;3.999515299E7
1894;63 % 87;0.0;3.999514885E7
1895;63 % 87;0.0;3.999529567E7
1896;63 % 87;0.0;3.999510201E7
1897;63 % 87;0.0;3.999522947E7
1898;63 % 87;0.0;3.999516038E7
1899;63 % 87;0.0;3.999527924E7
1900;63 % 87;0.0;3.999520071E7
1901;63 % 87;0.0;3.99951579E7
1902;63 % 87;0.0;3.999518675E7
1903;63 % 88;0.0;3.999506815E7
1904;63 % 88;0.0;3.999520724E7
1905;63 % 88;0.0;3.999520786E7
1906;63 % 88;0.0;3.999517762E7
1907;63 % 88;0.0;3.999515943E7
1908;63 % 88;0.0;3.999515239E7
1909;63 % 88;0.0;3.999514435E7
1910;63 % 88;0.0;3.999516606E7
1911;63 % 88;0.0;3.999525274E7
1912;63 % 88;0.0;3.999514629E7
1913;63 % 89;0.0;3.999510401E7
1914;63 % 89;0.0;3.999517224E7
1915;63 % 89;0.0;3.999514152E7
1916;63 % 89;0.0;3.999507355E7
1917;63 % 89;0.0;3.999521458E7
1918;63 % 89;0.0;3.999513817E7
1919;63 % 89;0.0;3.999525566E7
1920;63 % 89;0.0;3.999509293E7
1921;63 % 89;0.0;3.999519169E7
1922;63 % 89;0.0;3.999502265E7
1923;63 % 90;0.0;3.999525045E7
1924;63 % 90;0.0;3.999524494E7
1925;63 % 90;0.0;3.999525733E7
1926;63 % 90;0.0;3.999521727E7
1927;63 % 90;0.0;3.999521209E7
1928;63 % 90;0.0;3.999520009E7
1929;63 % 90;0.0;3.999509197E7
1930;63 % 90;0.0;3.999517156E7
1931;63 % 90;0.0;3.999516395E7
1932;63 % 90;0.0;3.999515231E7
1933;63 % 91;0.0;3.999519098E7
1934;63 % 91;0.0;3.999510302E7
1935;63 % 91;0.0;3.999519911E7
1936;63 % 91;0.0;3.99950838E7
1937;63 % 91;0.0;3.999514816E7
1938;63 % 91;0.0;3.99950729E7
1939;63 % 91;0.0;3.999517806E7
1940;63 % 91;0.0;3.999516153E7
1941;63 % 91;0.0;3.999519009E7
1942;63 % 91;0.0;3.999522874E7
1943;63 % 92;0.0;3.999505891E7
1944;63 % 92;0.0;3.999517447E7
1945;63 % 92;0.0;3.999519769E7
1946;63 % 92;0.0;3.999514036E7
1947;63 % 92;0.0;3.999523321E7
1948;63 % 92;0.0;3.999513724E7
1949;63 % 92;0.0;3.999513775E7
1950;63 % 92;0.0;3.999524861E7
1951;63 % 92;0.0;3.999514084E7
1952;63 % 92;0.0;3.999494261E7
1953;63 % 93;0.0;3.999523419E7
1954;63 % 93;0.0;3.999517022E7
1955;63 % 93;0.0;3.99952528E7
1956;63 % 93;0.0;3.999502967E7
1957;63 % 93;0.0;3.999522031E7
1958;63 % 93;0.0;3.999525558E7
1959;63 % 93;0.0;3.999499036E7
1960;63 % 93;0.0;3.999509804E7
1961;63 % 93;0.0;3.999513127E7
1962;63 % 93;0.0;3.999518016E7
1963;63 % 94;0.0;3.999506766E7
1964;63 % 94;0.0;3.999520797E7
1965;63 % 94;0.0;3.999515613E7
1966;63 % 94;0.0;3.999515038E7
1967;63 % 94;0.0;3.999511406E7
1968;63 % 94;0.0;3.999509528E7
1969;63 % 94;0.0;3.999512922E7
1970;63 % 94;0.0;3.999515317E7
1971;63 % 94;0.0;3.999510464E7
1972;63 % 94;0.0;3.999517434E7
1973;63 % 95;0.0;3.9995071E7
1974;63 % 95;0.0;3.999506304E7
1975;63 % 95;0.0;3.999508206E7
1976;63 % 95;0.0;3.999509929E7
1977;63 % 95;0.0;3.999508816E7
1978;63 % 95;0.0;3.999506075E7
1979;63 % 95;0.0;3.999521158E7
1980;63 % 95;0.0;3.99950246E7
1981;63 % 95;0.0;3.99950796E7
1982;63 % 95;0.0;3.99950569E7
1983;63 % 96;0.0;3.999511327E7
1984;63 % 96;0.0;3.999506726E7
1985;63 % 96;0.0;3.999513541E7
1986;63 % 96;0.0;3.999510856E7
1987;63 % 96;0.0;3.999511257E7
1988;63 % 96;0.0;3.99950756E7
1989;63 % 96;0.0;3.999495497E7
1990;63 % 96;0.0;3.999509684E7
1991;63 % 96;0.0;3.999527474E7
1992;63 % 96;0.0;3.999505276E7
1993;63 % 97;0.0;3.999512822E7
1994;63 % 97;0.0;3.999516344E7
1995;63 % 97;0.0;3.999516776E7
1996;63 % 97;0.0;3.999503265E7
1997;63 % 97;0.0;3.999520776E7
1998;63 % 97;0.0;3.999518296E7
1999;63 % 97;0.0;3.999499583E7
2000;63 % 97;0.0;3.999514178E7
2001;63 % 97;0.0;3.999508795E7
2002;63 % 97;0.0;3.999508362E7
2003;63 % 98;0.0;3.99950314E7
2004;63 % 98;0.0;3.999504969E7
2005;63 % 98;0.0;3.999520343E7
2006;63 % 98;0.0;3.999508907E7
2007;63 % 98;0.0;3.999510644E7
2008;63 % 98;0.0;3.999504532E7
2009;63 % 98;0.0;3.999507294E7
2010;63 % 98;0.0;3.999512411E7
2011;63 % 98;0.0;3.999502318E7
2012;63 % 98;0.0;3.999498862E7
2013;63 % 99;0.0;3.999506391E7
2014;63 % 99;0.0;3.99951287E7
2015;63 % 99;0.0;3.999515668E7
2016;63 % 99;0.0;3.99951857E7
2017;63 % 99;0.0;3.999505423E7
2018;63 % 99;0.0;3.999511459E7
2019;63 % 99;0.0;3.999496624E7
2020;63 % 99;0.0;3.999518022E7
2021;63 % 99;0.0;3.999513259E7
2022;63 % 99;0.0;3.999503781E7
2023;63 % 100;0.0;3.99950985E7
2024;63 % 100;0.0;3.999497882E7
2025;63 % 100;0.0;3.999509372E7
2026;63 % 100;0.0;3.999511122E7
2027;63 % 100;0.0;3.999511091E7
2028;63 % 100;0.0;3.999508234E7
2029;63 % 100;0.0;3.999518568E7
2030;63 % 100;0.0;3.999496921E7
2031;63 % 100;0.0;3.999501292E7
2032;63 % 100;0.0;3.999509974E7
2033;63 % 101;0.0;3.999499637E7
2034;63 % 101;0.0;3.999508879E7
2035;63 % 101;0.0;3.999521928E7
2036;63 % 101;0.0;3.99950275E7
2037;63 % 101;0.0;3.999508338E7
2038;63 % 101;0.0;3.999494209E7
2039;63 % 101;0.0;3.999514984E7
2040;63 % 101;0.0;3.999500023E7
2041;63 % 101;0.0;3.99950775E7
2042;63 % 101;0.0;3.99951349E7
2043;63 % 102;0.0;3.999494411E7
2044;63 % 102;0.0;3.999511803E7
2045;63 % 102;0.0;3.999513712E7
2046;63 % 102;0.0;3.999501677E7
