0;--102;0.0;4.0393288E7
1;--102;0.0;4.002147334E7
2;--102;0.0;4.030766591E7
3;--102;0.0;4.002766438E7
4;--102;0.0;3.998731909E7
5;--101;0.0;3.99822267E7
6;--101;0.0;4.002872938E7
7;--101;0.13;4.008657268E7
8;--101;0.0;4.002799631E7
9;--101;0.0;3.998329423E7
10;--101;0.0;4.002813812E7
11;--101;0.0;4.002805467E7
12;--101;0.0;3.998819854E7
13;--101;0.0;3.998849408E7
14;--101;0.0;3.999155333E7
15;--100;0.0;4.010775999E7
16;--100;0.0;4.002853673E7
17;--100;0.0;3.998861986E7
18;--100;0.0;3.998832894E7
19;--100;0.0;4.002846541E7
20;--100;0.0;3.998886083E7
21;--100;0.0;3.998886272E7
22;--100;0.0;4.002593363E7
23;--100;0.0;3.999092018E7
24;--100;0.0;4.003382576E7
25;--99;0.0;3.999375648E7
26;--99;0.0;3.999431212E7
27;--99;0.0;4.003413683E7
28;--99;0.0;3.999352922E7
29;--99;0.0;3.999538704E7
30;--99;0.0;4.0074777E7
31;--99;0.0;3.999394584E7
32;--99;0.0;3.999364385E7
33;--99;0.0;3.999486355E7
34;--99;0.01;3.999515204E7
35;--98;0.0;4.003510321E7
36;--98;0.0;3.99950996E7
37;--98;0.0;3.999507175E7
38;--98;0.0;3.999493174E7
39;--98;0.0;3.999531667E7
40;--98;0.0;3.999515724E7
41;--98;0.0;3.999459872E7
42;--98;0.0;3.99950886E7
43;--98;0.0;3.999433309E7
44;--98;0.0;3.999463138E7
45;--97;0.0;4.011422142E7
46;--97;0.0;3.999334449E7
47;--97;0.0;3.999472307E7
48;--97;0.0;3.999402136E7
49;--97;0.0;3.999536234E7
50;--97;0.0;3.999541042E7
51;--97;0.0;3.999707683E7
52;--97;0.0;3.999476905E7
53;--97;0.0;3.999512122E7
54;--97;0.0;3.999515396E7
55;--96;0.0;3.999524775E7
56;--96;0.0;3.999498964E7
57;--96;0.0;3.999500946E7
58;--96;0.0;3.999506286E7
59;--96;0.0;3.999506946E7
60;--96;0.0;3.999491247E7
61;--96;0.0;3.999503541E7
62;--96;0.0;3.999583649E7
63;--96;0.0;3.999565308E7
64;--96;0.0;3.999582645E7
65;--95;0.0;3.99959311E7
66;--95;0.0;3.999570349E7
67;--95;0.0;3.999567644E7
68;--95;0.0;3.999573968E7
69;--95;0.0;3.999585538E7
70;--95;0.0;3.999567389E7
71;--95;0.0;3.999581371E7
72;--95;0.0;3.999560566E7
73;--95;0.0;3.999524662E7
74;--95;0.0;3.99955113E7
75;--94;0.0;3.999592033E7
76;--94;0.0;3.999577856E7
77;--94;0.0;3.999570402E7
78;--94;0.0;3.999557144E7
79;--94;0.0;3.999570031E7
80;--94;0.0;3.999585023E7
81;--94;0.0;3.999566535E7
82;--94;0.0;3.999577444E7
83;--94;0.0;3.999571347E7
84;--94;0.0;3.999558144E7
85;--93;0.0;3.999572045E7
86;--93;0.0;3.999549067E7
87;--93;0.0;3.999575771E7
88;--93;0.0;3.999562057E7
89;--93;0.0;3.99957581E7
90;--93;0.0;3.999528373E7
91;--93;0.0;3.99945425E7
92;--93;0.0;3.999528136E7
93;--93;0.0;3.999465384E7
94;--93;0.0;3.999536286E7
95;--92;0.0;3.999514364E7
96;--92;0.0;3.999552066E7
97;--92;0.0;3.999538626E7
98;--92;0.0;3.999546168E7
99;--92;0.0;3.999547404E7
100;--92;0.0;3.999550771E7
101;--92;0.0;3.999506605E7
102;--92;0.0;3.999535223E7
103;--92;0.0;3.999623297E7
104;--92;0.0;3.999704888E7
105;--91;0.0;3.999693703E7
106;--91;0.0;3.999700948E7
107;--91;0.0;3.999702386E7
108;--91;0.0;3.999691045E7
109;--91;0.0;3.999731697E7
110;--91;0.0;3.999680329E7
111;--91;0.02;3.998827957E7
112;--91;0.0;3.999716518E7
113;--91;0.0;3.99969513E7
114;--91;0.0;3.999687693E7
115;--90;0.0;3.999699876E7
116;--90;0.0;3.999690032E7
117;--90;0.0;3.999698962E7
118;--90;0.0;3.999704533E7
119;--90;0.0;3.999696412E7
120;--90;0.0;3.999684269E7
121;--90;0.0;3.999718171E7
122;--90;0.0;3.999713038E7
123;--90;0.0;3.999699545E7
124;--90;0.0;3.99969394E7
125;--89;0.0;3.999712096E7
126;--89;0.0;3.999677448E7
127;--89;0.0;3.999676577E7
128;--89;0.0;3.999709532E7
129;--89;0.0;3.999699381E7
130;--89;0.0;3.999682136E7
131;--89;0.0;3.999685642E7
132;--89;0.0;3.999714158E7
133;--89;0.0;3.999688513E7
134;--89;0.0;3.999690481E7
135;--88;0.0;3.999697296E7
136;--88;0.0;3.99969664E7
137;--88;0.0;3.999709421E7
138;--88;0.0;3.99970211E7
139;--88;0.0;3.999692747E7
140;--88;0.0;3.999702141E7
141;--88;0.0;3.999703683E7
142;--88;0.0;3.999711912E7
143;--88;0.0;3.999698873E7
144;--88;0.0;3.999684127E7
145;--87;0.0;3.999684596E7
146;--87;0.0;3.999707172E7
147;--87;0.0;3.999703745E7
148;--87;0.0;3.999719807E7
149;--87;0.0;3.999700821E7
150;--87;0.0;3.999697143E7
151;--87;0.0;3.999701715E7
152;--87;0.0;3.999697935E7
153;--87;0.0;3.999650672E7
154;--87;0.0;3.999687732E7
155;--86;0.0;3.999695707E7
156;--86;0.0;3.999707825E7
157;--86;0.0;3.999671005E7
158;--86;0.0;3.999706119E7
159;--86;0.0;3.999697546E7
160;--86;0.0;4.000306865E7
161;--86;0.0;3.999690951E7
162;--86;0.0;3.999701123E7
163;--86;0.0;3.999688119E7
164;--86;0.0;3.999697276E7
165;--85;0.0;3.999710244E7
166;--85;0.0;3.999700803E7
167;--85;0.0;3.999673441E7
168;--85;0.0;3.999694805E7
169;--85;0.0;3.999688059E7
170;--85;0.0;3.999684627E7
171;--85;0.0;3.999683461E7
172;--85;0.0;3.999694405E7
173;--85;0.0;3.999693977E7
174;--85;0.0;3.999682529E7
175;--84;0.0;4.000516973E7
176;--84;0.0;3.999683868E7
177;--84;0.0;3.999681441E7
178;--84;0.0;3.999691896E7
179;--84;0.0;3.999672955E7
180;--84;0.0;3.999700093E7
181;--84;0.0;3.999687549E7
182;--84;0.0;3.99970159E7
183;--84;0.0;3.999699209E7
184;--84;0.0;3.999692539E7
185;--83;0.0;3.999694631E7
186;--83;0.0;3.999701611E7
187;--83;0.0;3.999679223E7
188;--83;0.0;3.999706129E7
189;--83;0.0;3.999690982E7
190;--83;0.0;3.999699054E7
191;--83;0.0;3.999684072E7
192;--83;0.0;3.999692862E7
193;--83;0.0;3.999693986E7
194;--83;0.0;3.999693358E7
195;--82;0.0;3.999688541E7
196;--82;0.0;3.999699988E7
197;--82;0.0;3.999676216E7
198;--82;0.0;3.999709623E7
199;--82;0.0;3.999697635E7
200;--82;0.0;3.999700405E7
201;--82;0.0;3.9996919E7
202;--82;0.0;3.9996774E7
203;--82;0.0;3.999676201E7
204;--82;0.0;3.999689683E7
205;--81;0.0;3.99969048E7
206;--81;0.0;3.999687537E7
207;--81;0.0;3.999692594E7
208;--81;0.0;3.999692394E7
209;--81;0.0;3.999693726E7
210;--81;0.0;3.999681379E7
211;--81;0.0;3.999684664E7
212;--81;0.0;3.99967909E7
213;--81;0.0;3.999684881E7
214;--81;0.0;4.003686116E7
215;--80;0.0;3.999700074E7
216;--80;0.0;3.999701849E7
217;--80;0.0;3.999696942E7
218;--80;0.0;3.999700113E7
219;--80;0.0;3.999592398E7
220;--80;0.0;3.999682668E7
221;--80;0.0;3.999698729E7
222;--80;0.0;3.999689948E7
223;--80;0.0;3.999700715E7
224;--80;0.0;3.999701212E7
225;--79;0.0;3.999701997E7
226;--79;0.0;3.99969792E7
227;--79;0.0;3.999702738E7
228;--79;0.0;3.999695335E7
229;--79;0.0;3.9997E7
230;--79;0.0;3.998858065E7
231;--79;0.0;3.999705482E7
232;--79;0.0;3.999702025E7
233;--79;0.0;3.999703461E7
234;--79;0.0;3.999701691E7
235;--78;0.0;3.999681229E7
236;--78;0.0;3.999694373E7
237;--78;0.0;3.999696854E7
238;--78;0.0;3.999695769E7
239;--78;0.0;3.999699585E7
240;--78;0.0;3.999690324E7
241;--78;0.0;3.999724496E7
242;--78;0.0;3.999701439E7
243;--78;0.0;3.999691629E7
244;--78;0.0;3.999692698E7
245;--77;0.0;3.999679957E7
246;--77;0.0;3.999693546E7
247;--77;0.0;3.999695453E7
248;--77;0.0;3.999696159E7
249;--77;0.0;3.999677321E7
250;--77;0.0;3.999697722E7
251;--77;0.0;3.999691097E7
252;--77;0.0;3.999697354E7
253;--77;0.0;3.999676726E7
254;--77;0.0;3.999692882E7
255;--76;0.0;3.999678863E7
256;--76;0.0;3.999706286E7
257;--76;0.0;3.999698263E7
258;--76;0.0;3.999693091E7
259;--76;0.0;3.999700618E7
260;--76;0.0;3.999695953E7
261;--76;0.0;3.999696853E7
262;--76;0.0;3.999696785E7
263;--76;0.0;3.999685186E7
264;--76;0.0;3.999702941E7
265;--75;0.0;3.999690557E7
266;--75;0.0;3.999696554E7
267;--75;0.0;3.999698019E7
268;--75;0.0;3.999700085E7
269;--75;0.0;4.003700196E7
270;--75;0.0;3.999687316E7
271;--75;0.0;3.999685895E7
272;--75;0.0;3.999684834E7
273;--75;0.0;3.999696024E7
274;--75;0.0;3.999691584E7
275;--74;0.0;3.999681364E7
276;--74;0.0;3.999687586E7
277;--74;0.0;3.999692661E7
278;--74;0.0;3.999682435E7
279;--74;0.0;3.999680672E7
280;--74;0.0;3.999693829E7
281;--74;0.0;3.99968708E7
282;--74;0.0;3.999674319E7
283;--74;0.0;3.999699404E7
284;--74;0.0;3.999702297E7
285;--73;0.0;3.999680958E7
286;--73;0.0;3.999683408E7
287;--73;0.0;3.999699482E7
288;--73;0.0;3.9996626E7
289;--73;0.0;3.999677265E7
290;--73;0.0;3.999688854E7
291;--73;0.0;3.999688369E7
292;--73;0.0;3.999687774E7
293;--73;0.0;3.999680299E7
294;--73;0.0;4.000518747E7
295;--72;0.0;3.999691146E7
296;--72;0.0;4.003666153E7
297;--72;0.0;3.99969575E7
298;--72;0.0;3.999678425E7
299;--72;0.0;3.999702923E7
300;--72;0.0;3.99969352E7
301;--72;0.0;3.999695843E7
302;--72;0.0;3.999692779E7
303;--72;0.0;3.999692187E7
304;--72;0.0;3.999685824E7
305;--71;0.0;3.999692391E7
306;--71;0.0;3.999684189E7
307;--71;0.0;3.999700057E7
308;--71;0.0;3.999686541E7
309;--71;0.0;3.999696813E7
310;--71;0.0;3.999684276E7
311;--71;0.0;3.999679121E7
312;--71;0.0;3.999688845E7
313;--71;0.0;3.999688142E7
314;--71;0.0;3.999689643E7
315;--70;0.0;3.9996854E7
316;--70;0.0;3.999684725E7
317;--70;0.0;3.999696971E7
318;--70;0.0;3.999681924E7
319;--70;0.0;3.999686193E7
320;--70;0.0;3.99968746E7
321;--70;0.0;3.999670368E7
322;--70;0.0;3.999673182E7
323;--70;0.0;3.999684019E7
324;--70;0.0;3.999680776E7
325;--69;0.0;3.999687224E7
326;--69;0.0;3.99968946E7
327;--69;0.0;3.999697254E7
328;--69;0.0;3.999678077E7
329;--69;0.0;3.999680064E7
330;--69;0.0;3.999685044E7
331;--69;0.0;3.999679313E7
332;--69;0.0;3.999688219E7
333;--69;0.0;3.999687105E7
334;--69;0.0;3.999683482E7
335;--68;0.0;3.999684238E7
336;--68;0.0;3.999686029E7
337;--68;0.0;3.999680858E7
338;--68;0.0;3.999680154E7
339;--68;0.0;3.999676263E7
340;--68;0.0;3.999663434E7
341;--68;0.0;3.999676883E7
342;--68;0.0;3.999691877E7
343;--68;0.0;3.999680185E7
344;--68;0.0;3.999683906E7
345;--67;0.0;3.999680357E7
346;--67;0.0;3.999683432E7
347;--67;0.0;3.999680635E7
348;--67;0.0;3.999682554E7
349;--67;0.0;3.99884344E7
350;--67;0.0;4.003699874E7
351;--67;0.0;3.999691466E7
352;--67;0.0;3.999683839E7
353;--67;0.0;3.999673661E7
354;--67;0.0;3.999633981E7
355;--66;0.0;3.999681218E7
356;--66;0.0;3.999673575E7
357;--66;0.0;3.999669365E7
358;--66;0.0;3.999684601E7
359;--66;0.0;3.999677355E7
360;--66;0.0;3.999685237E7
361;--66;0.0;3.999672803E7
362;--66;0.0;3.999680229E7
363;--66;0.0;3.99967313E7
364;--66;0.0;3.999653026E7
365;--65;0.0;3.999649919E7
366;--65;0.0;3.999683115E7
367;--65;0.0;3.999677012E7
368;--65;0.0;3.999663214E7
369;--65;0.0;3.999682974E7
370;--65;0.0;3.999685821E7
371;--65;0.0;3.999685004E7
372;--65;0.0;3.999673275E7
373;--65;0.0;3.999674356E7
374;--65;0.0;3.999664116E7
375;--64;0.0;3.999680002E7
376;--64;0.0;3.999657493E7
377;--64;0.0;3.999675655E7
378;--64;0.0;3.999667298E7
379;--64;0.0;3.999675206E7
380;--64;0.0;3.999677305E7
381;--64;0.0;3.999668208E7
382;--64;0.0;3.999658611E7
383;--64;0.0;3.999667196E7
384;--64;0.0;3.999672218E7
385;--63;0.0;3.999681378E7
386;--63;0.0;3.999672204E7
387;--63;0.0;3.999670942E7
388;--63;0.0;3.999674618E7
389;--63;0.0;3.99966239E7
390;--63;0.0;3.999685484E7
391;--63;0.0;3.999679962E7
392;--63;0.0;3.99967307E7
393;--63;0.0;3.999677055E7
394;--63;0.0;3.999675393E7
395;--62;0.0;3.999665741E7
396;--62;0.0;3.99967393E7
397;--62;0.0;3.999666076E7
398;--62;0.0;3.999671672E7
399;--62;0.0;3.999667422E7
400;--62;0.0;3.999664978E7
401;--62;0.0;3.999676251E7
402;--62;0.0;3.999674578E7
403;--62;0.0;3.99967951E7
404;--62;0.0;3.999672186E7
405;--61;0.0;3.999671606E7
406;--61;0.0;3.999672853E7
407;--61;0.0;3.999650065E7
408;--61;0.0;3.999674788E7
409;--61;0.0;3.999669331E7
410;--61;0.0;3.999664841E7
411;--61;0.0;3.999666221E7
412;--61;0.0;3.999677478E7
413;--61;0.0;4.000491168E7
414;--61;0.0;3.999663614E7
415;--60;0.0;3.99966483E7
416;--60;0.0;3.999673046E7
417;--60;0.0;3.999659267E7
418;--60;0.0;3.999681958E7
419;--60;0.0;3.999667501E7
420;--60;0.0;3.999661325E7
421;--60;0.0;3.999661171E7
422;--60;0.0;3.999673416E7
423;--60;0.0;3.99966719E7
424;--60;0.0;3.999668541E7
425;--59;0.0;3.999663551E7
426;--59;0.0;3.999676151E7
427;--59;0.0;3.999664412E7
428;--59;0.0;3.999670101E7
429;--59;0.0;3.999667902E7
430;--59;0.0;3.999654899E7
431;--59;0.0;3.999657441E7
432;--59;0.0;4.003667052E7
433;--59;0.0;3.999675709E7
434;--59;0.0;3.999677987E7
435;--58;0.0;3.999672346E7
436;--58;0.0;3.99968147E7
437;--58;0.0;3.999674454E7
438;--58;0.0;3.999675157E7
439;--58;0.0;3.99967354E7
440;--58;0.0;3.999662043E7
441;--58;0.0;3.999662954E7
442;--58;0.0;3.999678012E7
443;--58;0.0;3.99967124E7
444;--58;0.0;3.999672716E7
445;--57;0.0;3.999673821E7
446;--57;0.0;3.999683175E7
447;--57;0.0;3.999665691E7
448;--57;0.0;3.999665335E7
449;--57;0.0;3.999669592E7
450;--57;0.0;3.999665075E7
451;--57;0.0;3.999668312E7
452;--57;0.0;3.999675424E7
453;--57;0.0;3.999670588E7
454;--57;0.0;3.999671699E7
455;--56;0.0;3.99966065E7
456;--56;0.0;3.999669472E7
457;--56;0.0;3.999678643E7
458;--56;0.0;3.999667157E7
459;--56;0.0;3.999671687E7
460;--56;0.0;3.999667679E7
461;--56;0.0;3.999684584E7
462;--56;0.0;3.99966082E7
463;--56;0.0;3.999667618E7
464;--56;0.0;3.999675712E7
465;--55;0.0;3.999671585E7
466;--55;0.0;3.999679643E7
467;--55;0.0;3.9996717E7
468;--55;0.0;3.998823881E7
469;--55;0.0;3.999674089E7
470;--55;0.0;3.999669044E7
471;--55;0.0;3.999680093E7
472;--55;0.0;3.99967625E7
473;--55;0.0;3.999659604E7
474;--55;0.0;3.999668397E7
475;--54;0.0;3.999667117E7
476;--54;0.0;3.999668121E7
477;--54;0.0;3.99967058E7
478;--54;0.0;3.999674013E7
479;--54;0.0;3.999673943E7
480;--54;0.0;3.999671338E7
481;--54;0.0;3.999669596E7
482;--54;0.0;3.999667326E7
483;--54;0.0;3.999659016E7
484;--54;0.0;3.999670337E7
485;--53;0.0;3.999668493E7
486;--53;0.0;3.999674024E7
487;--53;0.0;3.999658166E7
488;--53;0.0;3.999670952E7
489;--53;0.0;3.999674241E7
490;--53;0.0;3.999667514E7
491;--53;0.0;3.999658828E7
492;--53;0.0;3.999667735E7
493;--53;0.0;3.999648656E7
494;--53;0.0;3.999680683E7
495;--52;0.0;3.999668418E7
496;--52;0.0;3.999664395E7
497;--52;0.0;3.999668334E7
498;--52;0.0;3.999661074E7
499;--52;0.0;3.999672821E7
500;--52;0.0;3.999670858E7
501;--52;0.0;3.99966382E7
502;--52;0.0;3.999668509E7
503;--52;0.0;3.999666697E7
504;--52;0.0;3.999678406E7
505;--51;0.0;3.999672739E7
506;--51;0.0;3.999674673E7
507;--51;0.0;3.999673739E7
508;--51;0.0;3.999667572E7
509;--51;0.0;3.999655396E7
510;--51;0.0;3.999665413E7
511;--51;0.0;3.999664039E7
512;--51;0.0;3.999672816E7
513;--51;0.0;3.999672889E7
514;--51;0.0;3.999666001E7
515;--50;0.0;3.999672089E7
516;--50;0.0;3.999661984E7
517;--50;0.0;3.999672974E7
518;--50;0.0;3.999660484E7
519;--50;0.0;3.999631496E7
520;--50;0.0;3.999663509E7
521;--50;0.0;3.999670616E7
522;--50;0.0;3.999674371E7
523;--50;0.0;3.999662917E7
524;--50;0.0;3.999662823E7
525;--49;0.0;3.999670081E7
526;--49;0.0;3.99965131E7
527;--49;0.0;3.999664877E7
528;--49;0.0;3.999662735E7
529;--49;0.0;3.999654726E7
530;--49;0.0;3.999671407E7
531;--49;0.0;3.999657338E7
532;--49;0.0;4.000496868E7
533;--49;0.0;3.999675264E7
534;--49;0.0;3.999649967E7
535;--48;0.0;3.99966453E7
536;--48;0.0;3.999649597E7
537;--48;0.0;3.99967329E7
538;--48;0.0;3.99967214E7
539;--48;0.0;3.999664661E7
540;--48;0.0;3.999662816E7
541;--48;0.0;3.999673754E7
542;--48;0.0;3.999663102E7
543;--48;0.0;3.999647178E7
544;--48;0.0;3.999657246E7
545;--47;0.0;3.999671363E7
546;--47;0.0;3.999664038E7
547;--47;0.0;3.999665481E7
548;--47;0.0;3.999658824E7
549;--47;0.0;3.999656164E7
550;--47;0.0;3.999668227E7
551;--47;0.0;3.999663765E7
552;--47;0.0;3.999665182E7
553;--47;0.0;3.999685244E7
554;--47;0.0;3.999665826E7
555;--46;0.0;3.999675699E7
556;--46;0.0;3.999661887E7
557;--46;0.0;3.999667196E7
558;--46;0.0;3.999663809E7
559;--46;0.0;3.999651728E7
560;--46;0.0;3.999650347E7
561;--46;0.0;3.999666977E7
562;--46;0.0;3.999659421E7
563;--46;0.0;3.999660291E7
564;--46;0.0;3.999660026E7
565;--45;0.0;3.999674898E7
566;--45;0.0;3.999672149E7
567;--45;0.0;3.999656721E7
568;--45;0.0;3.999661174E7
569;--45;0.0;3.999674658E7
570;--45;0.0;3.999658442E7
571;--45;0.0;3.999668594E7
572;--45;0.0;3.999657677E7
573;--45;0.0;3.999661856E7
574;--45;0.0;3.999662476E7
575;--44;0.0;3.999664357E7
576;--44;0.0;3.999664788E7
577;--44;0.0;3.999655486E7
578;--44;0.0;3.999662642E7
579;--44;0.0;3.999657206E7
580;--44;0.0;3.999669219E7
581;--44;0.0;3.999658723E7
582;--44;0.0;3.999664249E7
583;--44;0.0;3.999660204E7
584;--44;0.0;3.999662501E7
585;--43;0.0;3.999667018E7
586;--43;0.0;3.999664073E7
587;--43;0.0;3.998832386E7
588;--43;0.0;3.999667924E7
589;--43;0.0;3.999653735E7
590;--43;0.0;3.9996685E7
591;--43;0.0;3.999666669E7
592;--43;0.0;3.99965327E7
593;--43;0.0;3.999659742E7
594;--43;0.0;3.999630633E7
595;--42;0.0;3.999653891E7
596;--42;0.0;3.998941868E7
597;--42;0.0;3.99965843E7
598;--42;0.0;3.999676912E7
599;--42;0.0;3.999665448E7
600;--42;0.0;3.999662023E7
601;--42;0.0;3.999663401E7
602;--42;0.0;3.999644998E7
603;--42;0.0;3.999661463E7
604;--42;0.0;3.999655939E7
605;--41;0.0;3.999661514E7
606;--41;0.0;3.999650043E7
607;--41;0.0;3.999662348E7
608;--41;0.0;3.999660587E7
609;--41;0.0;3.999662187E7
610;--41;0.0;3.999643885E7
611;--41;0.0;3.999662558E7
612;--41;0.0;3.999649178E7
613;--41;0.0;3.999660894E7
614;--41;0.0;3.999659017E7
615;--40;0.0;3.999653272E7
616;--40;0.0;3.999665717E7
617;--40;0.0;3.999654868E7
618;--40;0.0;3.999648578E7
619;--40;0.0;3.999651103E7
620;--40;0.0;3.999641963E7
621;--40;0.0;3.999656581E7
622;--40;0.0;3.999648358E7
623;--40;0.0;3.999666949E7
624;--40;0.0;3.999655173E7
625;--39;0.0;3.99965864E7
626;--39;0.0;3.999651264E7
627;--39;0.0;3.999652936E7
628;--39;0.0;3.999651826E7
629;--39;0.0;3.999650022E7
630;--39;0.0;3.999652273E7
631;--39;0.0;3.999658456E7
632;--39;0.0;3.999653204E7
633;--39;0.0;3.999646819E7
634;--39;0.0;3.999650936E7
635;--38;0.0;3.999643757E7
636;--38;0.0;3.999619125E7
637;--38;0.0;3.999646269E7
638;--38;0.0;3.999645974E7
639;--38;0.0;3.999649415E7
640;--38;0.0;3.99965472E7
641;--38;0.0;3.999667326E7
642;--38;0.0;3.999652032E7
643;--38;0.0;3.99965026E7
644;--38;0.0;3.99965197E7
645;--37;0.0;3.999648215E7
646;--37;0.0;3.999653369E7
647;--37;0.0;3.999650841E7
648;--37;0.0;3.999652971E7
649;--37;0.0;3.999649882E7
650;--37;0.0;3.999656077E7
651;--37;0.0;4.000469344E7
652;--37;0.0;3.999658349E7
653;--37;0.0;3.999643151E7
654;--37;0.0;3.999648831E7
655;--36;0.0;3.999644594E7
656;--36;0.0;3.999658863E7
657;--36;0.0;3.999648544E7
658;--36;0.0;3.999648932E7
659;--36;0.0;3.999649275E7
660;--36;0.0;3.999648249E7
661;--36;0.0;3.999649439E7
662;--36;0.0;3.999645262E7
663;--36;0.0;3.999636459E7
664;--36;0.0;3.999645124E7
665;--35;0.0;3.999645557E7
666;--35;0.0;3.999665593E7
667;--35;0.0;3.999644543E7
668;--35;0.0;3.999633684E7
669;--35;0.0;3.999652873E7
670;--35;0.0;3.999653154E7
671;--35;0.0;3.999652457E7
672;--35;0.0;3.999652304E7
673;--35;0.0;3.999650587E7
674;--35;0.0;3.99964994E7
675;--34;0.0;3.999644195E7
676;--34;0.0;3.99965169E7
677;--34;0.0;3.999644603E7
678;--34;0.0;3.999639225E7
679;--34;0.0;3.999639992E7
680;--34;0.0;3.999648898E7
681;--34;0.0;3.999639046E7
682;--34;0.0;3.999648718E7
683;--34;0.0;3.999645569E7
684;--34;0.0;3.999659277E7
685;--33;0.0;3.999645816E7
686;--33;0.0;3.999651354E7
687;--33;0.0;3.999651219E7
688;--33;0.0;3.999634881E7
689;--33;0.0;3.999646323E7
690;--33;0.0;3.99965137E7
691;--33;0.0;3.999654009E7
692;--33;0.0;3.999645487E7
693;--33;0.0;3.999646879E7
694;--33;0.0;3.999648478E7
695;--32;0.0;3.999649887E7
696;--32;0.0;3.999639883E7
697;--32;0.0;3.999649322E7
698;--32;0.0;3.999640329E7
699;--32;0.0;3.999660451E7
700;--32;0.0;3.99965049E7
701;--32;0.0;3.999648949E7
702;--32;0.0;3.999624025E7
703;--32;0.0;3.999645576E7
704;--32;0.0;3.999638586E7
705;--31;0.0;3.998867275E7
706;--31;0.0;3.998810121E7
707;--31;0.0;3.999659341E7
708;--31;0.0;3.999630446E7
709;--31;0.0;3.999658271E7
710;--31;0.0;3.999648793E7
711;--31;0.0;3.999629895E7
712;--31;0.0;3.999642796E7
713;--31;0.0;3.999643976E7
714;--31;0.0;3.999647611E7
715;--30;0.0;3.9996445E7
716;--30;0.0;3.999651063E7
717;--30;0.0;3.999656321E7
718;--30;0.0;3.999639087E7
719;--30;0.0;3.999643715E7
720;--30;0.0;3.999646791E7
721;--30;0.0;3.999633173E7
722;--30;0.0;3.999640577E7
723;--30;0.0;3.999646885E7
724;--30;0.0;3.999645867E7
725;--29;0.0;3.999637583E7
726;--29;0.0;3.999605613E7
727;--29;0.0;3.999648051E7
728;--29;0.0;3.99963963E7
729;--29;0.0;3.999630398E7
730;--29;0.0;3.99963225E7
731;--29;0.0;3.999619742E7
732;--29;0.0;3.999651322E7
733;--29;0.0;3.99963387E7
734;--29;0.0;3.999628626E7
735;--28;0.0;3.999639259E7
736;--28;0.0;3.999645086E7
737;--28;0.0;3.999633963E7
738;--28;0.0;3.999632155E7
739;--28;0.0;3.999629986E7
740;--28;0.0;3.999639477E7
741;--28;0.0;3.999648563E7
742;--28;0.0;3.999648442E7
743;--28;0.0;3.99964534E7
744;--28;0.0;3.999638498E7
745;--27;0.0;3.999640969E7
746;--27;0.0;3.999637631E7
747;--27;0.0;3.999629357E7
748;--27;0.0;3.999635563E7
749;--27;0.0;3.999633233E7
750;--27;0.0;3.999646559E7
751;--27;0.0;3.999635315E7
752;--27;0.0;3.999620608E7
753;--27;0.0;3.999627649E7
754;--27;0.0;3.999624095E7
755;--26;0.0;3.999631156E7
756;--26;0.0;3.999636514E7
757;--26;0.0;3.999612166E7
758;--26;0.0;3.99962908E7
759;--26;0.0;3.999634769E7
760;--26;0.0;3.999646115E7
761;--26;0.0;3.999639069E7
762;--26;0.0;3.999616762E7
763;--26;0.0;3.999637916E7
764;--26;0.0;3.999622896E7
765;--25;0.0;3.999635539E7
766;--25;0.0;3.999626703E7
767;--25;0.0;3.999625084E7
768;--25;0.0;3.999635675E7
769;--25;0.0;3.999628399E7
770;--25;0.0;4.000449086E7
771;--25;0.0;3.999638913E7
772;--25;0.0;3.999625242E7
773;--25;0.0;3.999634284E7
774;--25;0.0;3.999627453E7
775;--24;0.0;3.999646941E7
776;--24;0.0;3.99963473E7
777;--24;0.0;3.999632002E7
778;--24;0.0;3.999635895E7
779;--24;0.0;3.999629517E7
780;--24;0.0;3.999635033E7
781;--24;0.0;3.999633214E7
782;--24;0.0;3.999580377E7
783;--24;0.0;3.999639235E7
784;--24;0.0;3.999646455E7
785;--23;0.0;3.999644296E7
786;--23;0.0;3.999629778E7
787;--23;0.0;3.99962597E7
788;--23;0.0;3.999632806E7
789;--23;0.0;3.999639412E7
790;--23;0.0;3.999635257E7
791;--23;0.0;3.999636909E7
792;--23;0.0;3.999632577E7
793;--23;0.0;3.999640893E7
794;--23;0.0;3.999635634E7
795;--22;0.0;3.999638034E7
796;--22;0.0;3.999624544E7
797;--22;0.0;3.999621086E7
798;--22;0.0;3.99961773E7
799;--22;0.0;3.999628681E7
800;--22;0.0;3.999639543E7
801;--22;0.0;3.99963534E7
802;--22;0.0;3.999626294E7
803;--22;0.0;3.999644865E7
804;--22;0.0;3.999624487E7
805;--21;0.0;3.99963108E7
806;--21;0.0;3.999630735E7
807;--21;0.0;3.999624514E7
808;--21;0.0;3.999594762E7
809;--21;0.0;3.999626483E7
810;--21;0.0;3.999628095E7
811;--21;0.0;3.999629956E7
812;--21;0.0;3.999631852E7
813;--21;0.0;3.999625516E7
814;--21;0.0;3.999624692E7
815;--20;0.0;3.999613357E7
816;--20;0.0;3.999662395E7
817;--20;0.0;3.999610743E7
818;--20;0.0;3.999638249E7
819;--20;0.0;3.999624631E7
820;--20;0.0;3.999629207E7
821;--20;0.0;3.999624647E7
822;--20;0.0;3.999629327E7
823;--20;0.0;3.999630639E7
824;--20;0.0;3.999630102E7
825;--19;0.0;3.998822681E7
826;--19;0.0;3.999638642E7
827;--19;0.0;3.999628382E7
828;--19;0.0;3.999637254E7
829;--19;0.0;3.999631492E7
830;--19;0.0;3.99961276E7
831;--19;0.0;3.999628049E7
832;--19;0.0;3.999629904E7
833;--19;0.0;3.999623227E7
834;--19;0.0;3.999630045E7
835;--18;0.0;3.999630901E7
836;--18;0.0;3.999631392E7
837;--18;0.0;3.999635822E7
838;--18;0.0;3.99962241E7
839;--18;0.0;3.999629619E7
840;--18;0.0;3.999616071E7
841;--18;0.0;3.999631762E7
842;--18;0.0;3.999624572E7
843;--18;0.0;3.999620402E7
844;--18;0.0;3.999611099E7
845;--17;0.0;3.999624121E7
846;--17;0.0;3.999637597E7
847;--17;0.0;3.999627104E7
848;--17;0.0;3.999619291E7
849;--17;0.0;3.999626789E7
850;--17;0.0;3.999618087E7
851;--17;0.0;3.999637065E7
852;--17;0.0;3.999623167E7
853;--17;0.0;3.999620081E7
854;--17;0.0;3.999630199E7
855;--16;0.0;3.999625147E7
856;--16;0.0;3.999628865E7
857;--16;0.0;3.999621515E7
858;--16;0.0;3.999617975E7
859;--16;0.0;3.99963031E7
860;--16;0.0;3.999623251E7
861;--16;0.0;3.999639738E7
862;--16;0.0;3.999634745E7
863;--16;0.0;3.999620918E7
864;--16;0.0;3.999627674E7
865;--15;0.0;3.999628132E7
866;--15;0.0;3.999631024E7
867;--15;0.0;3.999629452E7
868;--15;0.0;3.999623651E7
869;--15;0.0;3.999639179E7
870;--15;0.0;3.999619205E7
871;--15;0.0;3.999612075E7
872;--15;0.0;3.99962993E7
873;--15;0.0;3.999619257E7
874;--15;0.0;3.999622148E7
875;--14;0.0;3.999631023E7
876;--14;0.0;3.999633164E7
877;--14;0.0;3.999627471E7
878;--14;0.0;3.999626152E7
879;--14;0.0;3.999637739E7
880;--14;0.0;3.999623228E7
881;--14;0.0;3.999628507E7
882;--14;0.0;3.999627611E7
883;--14;0.0;3.99961569E7
884;--14;0.0;3.999623293E7
885;--13;0.0;3.999624042E7
886;--13;0.0;3.999612863E7
887;--13;0.0;3.999622151E7
888;--13;0.0;3.999623423E7
889;--13;0.0;4.000447404E7
890;--13;0.0;3.999630991E7
891;--13;0.0;3.999619114E7
892;--13;0.0;3.999625114E7
893;--13;0.0;3.999607482E7
894;--13;0.0;3.999631257E7
895;--12;0.0;3.999625237E7
896;--12;0.0;3.999623164E7
897;--12;0.0;3.99962323E7
898;--12;0.0;3.999624646E7
899;--12;0.0;3.999623345E7
900;--12;0.0;3.999622177E7
901;--12;0.0;3.999616636E7
902;--12;0.0;3.99963008E7
903;--12;0.0;3.99962084E7
904;--12;0.0;3.999633802E7
905;--11;0.0;3.999618953E7
906;--11;0.0;3.999607449E7
907;--11;0.0;3.999632638E7
908;--11;0.0;3.999631984E7
909;--11;0.0;3.99962328E7
910;--11;0.0;3.99962051E7
911;--11;0.0;3.999623173E7
912;--11;0.0;3.999631869E7
913;--11;0.0;3.999622364E7
914;--11;0.0;3.999626204E7
915;--10;0.0;3.999625459E7
916;--10;0.0;3.999616051E7
917;--10;0.0;3.999604291E7
918;--10;0.0;3.999614692E7
919;--10;0.0;3.999613805E7
920;--10;0.0;3.999617652E7
921;--10;0.0;3.999616625E7
922;--10;0.0;3.999641616E7
923;--10;0.0;3.999619414E7
924;--10;0.0;3.999608119E7
925;--9;0.0;3.999621365E7
926;--9;0.0;3.99960776E7
927;--9;0.0;3.999613951E7
928;--9;0.0;3.999621495E7
929;--9;0.0;3.999614969E7
930;--9;0.0;3.999617156E7
931;--9;0.0;3.999618804E7
932;--9;0.0;3.999612401E7
933;--9;0.0;3.99961794E7
934;--9;0.0;3.99960561E7
935;--8;0.0;3.999624986E7
936;--8;0.0;3.999609916E7
937;--8;0.0;3.999623608E7
938;--8;0.0;3.999612007E7
939;--8;0.0;3.999618911E7
940;--8;0.0;3.999610725E7
941;--8;0.0;3.999623284E7
942;--8;0.0;3.999609173E7
943;--8;0.0;3.999611827E7
944;--8;0.0;3.998790636E7
945;--7;0.0;3.999621503E7
946;--7;0.0;3.999613258E7
947;--7;0.0;3.999635152E7
948;--7;0.0;3.999617647E7
949;--7;0.0;3.999606423E7
950;--7;0.0;3.99962226E7
951;--7;0.0;3.999613109E7
952;--7;0.0;3.999618096E7
953;--7;0.0;3.99961297E7
954;--7;0.0;3.999613457E7
955;--6;0.0;3.999625588E7
956;--6;0.0;3.999621904E7
957;--6;0.0;3.999620186E7
958;--6;0.0;3.999614518E7
959;--6;0.0;3.999605922E7
960;--6;0.0;3.999612344E7
961;--6;0.0;3.999611984E7
962;--6;0.0;3.999618422E7
963;--6;0.0;3.999598419E7
964;--6;0.0;3.999615164E7
965;--5;0.0;3.999605981E7
966;--5;0.0;3.999634911E7
967;--5;0.0;3.999602494E7
968;--5;0.0;3.99961035E7
969;--5;0.0;3.99960326E7
970;--5;0.0;3.999626455E7
971;--5;0.0;3.999611772E7
972;--5;0.0;3.999619246E7
973;--5;0.0;3.999615522E7
974;--5;0.0;3.999607735E7
975;--4;0.0;3.999616457E7
976;--4;0.0;3.999612074E7
977;--4;0.0;3.999603511E7
978;--4;0.0;3.999616227E7
979;--4;0.0;3.999604658E7
980;--4;0.0;3.999618211E7
981;--4;0.0;3.999613232E7
982;--4;0.0;3.99961423E7
983;--4;0.0;3.9996106E7
984;--4;0.0;3.999607985E7
985;--3;0.0;3.999602306E7
986;--3;0.0;3.999606412E7
987;--3;0.0;3.999608316E7
988;--3;0.0;3.999619261E7
989;--3;0.0;3.999608971E7
990;--3;0.0;3.999603314E7
991;--3;0.0;3.99961946E7
992;--3;0.0;3.999598554E7
993;--3;0.0;3.999601535E7
994;--3;0.0;3.99960653E7
995;--2;0.0;3.999604927E7
996;--2;0.0;3.999603692E7
997;--2;0.0;3.999617697E7
998;--2;0.0;3.999619798E7
999;--2;0.0;3.999596004E7
1000;--2;0.0;3.9996142E7
1001;--2;0.0;3.999615263E7
1002;--2;0.0;3.999594675E7
1003;--2;0.0;3.999602882E7
1004;--2;0.0;3.999114072E7
1005;--1;0.0;3.999606026E7
1006;--1;0.0;3.999604748E7
1007;--1;0.0;3.999611022E7
1008;--1;0.0;4.000432272E7
1009;--1;0.0;3.999614964E7
1010;--1;0.0;3.999602956E7
1011;--1;0.0;3.999608922E7
1012;--1;0.0;3.999595224E7
1013;--1;0.0;3.999617226E7
1014;--1;0.0;3.999607784E7
1015;--;0.0;3.999597341E7
1016;--;0.0;3.99961361E7
1017;--;0.0;3.999605072E7
1018;--;0.0;3.999604314E7
1019;--;0.0;3.999604234E7
1020;--;0.0;3.99959837E7
1021;--;0.0;3.999611267E7
1022;--;0.0;3.99960219E7
1023;--;0.0;3.999600929E7
1024;-;0.0;3.999602553E7
1025;-;0.0;3.999587876E7
1026;-;0.0;3.998737507E7
1027;-;0.0;3.99961049E7
1028;-;0.0;3.999606935E7
1029;-;0.0;3.999599266E7
1030;-;0.0;3.99960709E7
1031;-;0.0;3.99961404E7
1032;-;0.0;3.999609958E7
1033;-;0.0;3.999611983E7
1034;-1;0.0;3.999615182E7
1035;-1;0.0;3.999614368E7
1036;-1;0.0;3.999610843E7
1037;-1;0.0;3.999616076E7
1038;-1;0.0;3.999609324E7
1039;-1;0.0;3.999607028E7
1040;-1;0.0;3.999618414E7
1041;-1;0.0;3.999620749E7
1042;-1;0.0;3.99960443E7
1043;-1;0.0;3.99953109E7
1044;-2;0.0;3.999607121E7
1045;-2;0.0;3.999630512E7
1046;-2;0.0;3.999622735E7
1047;-2;0.0;3.999618701E7
1048;-2;0.0;3.999633894E7
1049;-2;0.0;3.999618428E7
1050;-2;0.0;3.999618649E7
1051;-2;0.0;3.999620933E7
1052;-2;0.0;3.999627805E7
1053;-2;0.0;3.999623371E7
1054;-3;0.0;3.999623579E7
1055;-3;0.0;3.999621165E7
1056;-3;0.0;3.999621425E7
1057;-3;0.0;3.99962976E7
1058;-3;0.0;3.999619967E7
1059;-3;0.0;3.999625996E7
1060;-3;0.0;3.999618875E7
1061;-3;0.0;3.999623419E7
1062;-3;0.0;3.999602887E7
1063;-3;0.0;3.99961821E7
1064;-4;0.0;3.999627069E7
1065;-4;0.0;3.999616076E7
1066;-4;0.0;3.999627241E7
1067;-4;0.0;3.999623957E7
1068;-4;0.0;3.999620675E7
1069;-4;0.0;3.999623547E7
1070;-4;0.0;3.999619119E7
1071;-4;0.0;3.999626198E7
1072;-4;0.0;3.999622753E7
1073;-4;0.0;3.999620253E7
1074;-5;0.0;3.999619935E7
1075;-5;0.0;3.999627227E7
1076;-5;0.0;3.999622709E7
1077;-5;0.0;3.999621831E7
1078;-5;0.0;3.99961851E7
1079;-5;0.0;3.999618623E7
1080;-5;0.0;3.999619101E7
1081;-5;0.0;3.999630949E7
1082;-5;0.0;3.999622062E7
1083;-5;0.0;3.99962167E7
1084;-6;0.0;3.999625553E7
1085;-6;0.0;3.999608997E7
1086;-6;0.0;3.999613708E7
1087;-6;0.0;3.999622129E7
1088;-6;0.0;3.999600813E7
1089;-6;0.0;3.999617498E7
1090;-6;0.0;3.999607117E7
1091;-6;0.0;3.999631508E7
1092;-6;0.0;3.999622671E7
1093;-6;0.0;3.999615951E7
1094;-7;0.0;3.999615114E7
1095;-7;0.0;3.999617448E7
1096;-7;0.0;3.999617955E7
1097;-7;0.0;3.999613365E7
1098;-7;0.0;3.999618827E7
1099;-7;0.0;3.999620595E7
1100;-7;0.0;3.999622307E7
1101;-7;0.0;3.999627841E7
1102;-7;0.0;3.999620845E7
1103;-7;0.0;3.999616369E7
1104;-8;0.0;3.999615286E7
1105;-8;0.0;3.999620315E7
1106;-8;0.0;3.99961555E7
1107;-8;0.0;3.999626706E7
1108;-8;0.0;3.999620562E7
1109;-8;0.0;3.999614442E7
1110;-8;0.0;3.999618459E7
1111;-8;0.0;3.999622328E7
1112;-8;0.0;3.999613432E7
1113;-8;0.0;3.999602771E7
1114;-9;0.0;3.999544835E7
1115;-9;0.0;3.999585313E7
1116;-9;0.0;3.999632771E7
1117;-9;0.0;3.999618066E7
1118;-9;0.0;3.999614823E7
1119;-9;0.0;3.999624421E7
1120;-9;0.0;3.999619112E7
1121;-9;0.0;3.999616876E7
1122;-9;0.0;3.999622798E7
1123;-9;0.0;3.99961243E7
1124;-10;0.0;3.999576431E7
1125;-10;0.0;3.999627401E7
1126;-10;0.0;3.999631415E7
1127;-10;0.0;3.999623072E7
1128;-10;0.0;3.999626997E7
1129;-10;0.0;3.999613477E7
1130;-10;0.0;3.999623026E7
1131;-10;0.0;3.999632274E7
1132;-10;0.0;3.999608929E7
1133;-10;0.0;3.999617755E7
1134;-11;0.0;3.999618942E7
1135;-11;0.0;3.99961719E7
1136;-11;0.0;3.999624521E7
1137;-11;0.0;3.999604193E7
1138;-11;0.0;3.999619077E7
1139;-11;0.0;3.999619882E7
1140;-11;0.0;3.999597759E7
1141;-11;0.0;3.998889476E7
1142;-11;0.0;3.999620389E7
1143;-11;0.0;3.99962087E7
1144;-12;0.0;3.99962153E7
1145;-12;0.0;3.999622023E7
1146;-12;0.0;3.999628457E7
1147;-12;0.0;3.999609852E7
1148;-12;0.0;3.999624058E7
1149;-12;0.0;3.999617311E7
1150;-12;0.0;3.999622954E7
1151;-12;0.0;3.999620566E7
1152;-12;0.0;3.99962417E7
1153;-12;0.0;3.999618173E7
1154;-13;0.0;3.999615477E7
1155;-13;0.0;3.999614548E7
1156;-13;0.0;3.999620489E7
1157;-13;0.0;3.999623885E7
1158;-13;0.0;3.999613395E7
1159;-13;0.0;3.999616827E7
1160;-13;0.0;3.999617102E7
1161;-13;0.0;3.999616079E7
1162;-13;0.0;3.999607344E7
1163;-13;0.0;3.999618938E7
1164;-14;0.0;3.999616274E7
1165;-14;0.0;3.99961686E7
1166;-14;0.0;3.999625037E7
1167;-14;0.0;3.999613702E7
1168;-14;0.0;3.999615893E7
1169;-14;0.0;3.99961613E7
1170;-14;0.0;3.999614287E7
1171;-14;0.0;3.999615524E7
1172;-14;0.0;3.99961514E7
1173;-14;0.0;3.999622753E7
1174;-15;0.0;3.999613191E7
1175;-15;0.0;3.999631249E7
1176;-15;0.0;3.999614596E7
1177;-15;0.0;3.999608522E7
1178;-15;0.0;3.999623897E7
1179;-15;0.0;3.999612147E7
1180;-15;0.0;3.999624031E7
1181;-15;0.0;3.999620712E7
1182;-15;0.0;3.999620518E7
1183;-15;0.0;3.999608101E7
1184;-16;0.0;3.99962473E7
1185;-16;0.0;3.999621437E7
1186;-16;0.0;3.999615825E7
1187;-16;0.0;3.999620819E7
1188;-16;0.0;3.999612936E7
1189;-16;0.0;3.999617969E7
1190;-16;0.0;3.999601771E7
1191;-16;0.0;3.999623702E7
1192;-16;0.0;3.999618788E7
1193;-16;0.0;3.999615182E7
1194;-17;0.0;3.999610594E7
1195;-17;0.0;3.999596717E7
1196;-17;0.0;3.999622434E7
1197;-17;0.0;3.999608894E7
1198;-17;0.0;3.99958253E7
1199;-17;0.0;3.999596322E7
1200;-17;0.0;3.999615659E7
1201;-17;0.0;3.999619191E7
1202;-17;0.0;3.99961503E7
1203;-17;0.0;3.999618149E7
1204;-18;0.0;3.999615663E7
1205;-18;0.0;3.999618009E7
1206;-18;0.0;3.99961105E7
1207;-18;0.0;3.999621481E7
1208;-18;0.0;3.999621123E7
1209;-18;0.0;3.999614517E7
1210;-18;0.0;3.99961576E7
1211;-18;0.0;3.99961647E7
1212;-18;0.0;3.999615915E7
1213;-18;0.0;3.999607563E7
1214;-19;0.0;3.999623072E7
1215;-19;0.0;3.999619723E7
1216;-19;0.0;3.999622207E7
1217;-19;0.0;3.999618614E7
1218;-19;0.0;3.999619062E7
1219;-19;0.0;3.999620344E7
1220;-19;0.0;3.999599498E7
1221;-19;0.0;3.999618209E7
1222;-19;0.0;3.999620139E7
1223;-19;0.0;3.999618253E7
1224;-20;0.0;3.999617821E7
1225;-20;0.0;3.999620324E7
1226;-20;0.0;3.999615514E7
1227;-20;0.0;3.999617458E7
1228;-20;0.0;3.999614847E7
1229;-20;0.0;3.999607101E7
1230;-20;0.0;3.999581564E7
1231;-20;0.0;3.999617476E7
1232;-20;0.0;3.99961257E7
1233;-20;0.0;3.99960833E7
1234;-21;0.0;3.999613577E7
1235;-21;0.0;3.999607677E7
1236;-21;0.0;3.999607406E7
1237;-21;0.0;3.999599471E7
1238;-21;0.0;3.99960616E7
1239;-21;0.0;3.999609198E7
1240;-21;0.0;3.999597127E7
1241;-21;0.0;3.999619604E7
1242;-21;0.0;3.999610383E7
1243;-21;0.0;3.99961654E7
1244;-22;0.0;3.999607697E7
1245;-22;0.0;3.999613294E7
1246;-22;0.0;3.999618694E7
1247;-22;0.0;3.999605537E7
1248;-22;0.0;3.999613229E7
1249;-22;0.0;3.999602059E7
1250;-22;0.0;3.999608768E7
1251;-22;0.0;3.999609149E7
1252;-22;0.0;3.999608584E7
1253;-22;0.0;3.999607638E7
1254;-23;0.0;3.999609593E7
1255;-23;0.0;3.999608976E7
1256;-23;0.0;3.999600558E7
1257;-23;0.0;3.999613007E7
1258;-23;0.0;3.999607389E7
1259;-23;0.0;3.999612323E7
1260;-23;0.0;3.999607708E7
1261;-23;0.0;3.999604817E7
1262;-23;0.0;3.999606343E7
1263;-23;0.0;3.999606832E7
1264;-24;0.0;3.999593484E7
1265;-24;0.0;3.999606489E7
1266;-24;0.0;3.999614204E7
1267;-24;0.0;3.999605951E7
1268;-24;0.0;3.999608409E7
1269;-24;0.0;3.999608964E7
1270;-24;0.0;3.999602319E7
1271;-24;0.0;3.999608734E7
1272;-24;0.0;3.999605336E7
1273;-24;0.0;3.999603003E7
1274;-25;0.0;3.999582742E7
1275;-25;0.0;3.999607088E7
1276;-25;0.0;3.999604961E7
1277;-25;0.0;3.999602503E7
1278;-25;0.0;3.999610812E7
1279;-25;0.0;3.999602912E7
1280;-25;0.0;3.999607966E7
1281;-25;0.0;3.999611764E7
1282;-25;0.0;3.999609706E7
1283;-25;0.0;3.999602465E7
1284;-26;0.0;3.999604659E7
1285;-26;0.0;3.999605361E7
1286;-26;0.0;3.999604732E7
1287;-26;0.0;3.999612981E7
1288;-26;0.0;3.999601558E7
1289;-26;0.0;3.999589245E7
1290;-26;0.0;3.999563462E7
1291;-26;0.0;3.999606546E7
1292;-26;0.0;3.999605407E7
1293;-26;0.0;3.999606447E7
1294;-27;0.0;3.999607545E7
1295;-27;0.0;3.999603378E7
1296;-27;0.0;3.999614486E7
1297;-27;0.0;3.999595711E7
1298;-27;0.0;3.999603308E7
1299;-27;0.0;3.999603172E7
1300;-27;0.0;3.999609921E7
1301;-27;0.0;3.999603456E7
1302;-27;0.0;3.999604783E7
1303;-27;0.0;3.999597088E7
1304;-28;0.0;3.999602911E7
1305;-28;0.0;3.999602534E7
1306;-28;0.0;3.999598299E7
1307;-28;0.0;3.999609328E7
1308;-28;0.0;3.999604738E7
1309;-28;0.0;3.999604275E7
1310;-28;0.0;3.999600521E7
1311;-28;0.0;3.999595211E7
1312;-28;0.0;3.999600589E7
1313;-28;0.0;3.999604129E7
1314;-29;0.0;3.999599246E7
1315;-29;0.0;3.999604537E7
1316;-29;0.0;3.999608019E7
1317;-29;0.0;3.999602208E7
1318;-29;0.0;3.999602691E7
1319;-29;0.0;3.999597651E7
1320;-29;0.0;3.999595749E7
1321;-29;0.0;3.99959753E7
1322;-29;0.0;3.999601128E7
1323;-29;0.0;3.999605819E7
1324;-30;0.0;3.999601448E7
1325;-30;0.0;3.999600915E7
1326;-30;0.0;3.999604551E7
1327;-30;0.0;3.999591422E7
1328;-30;0.0;3.999602178E7
1329;-30;0.0;3.999598764E7
1330;-30;0.0;3.999607699E7
1331;-30;0.0;3.999611561E7
1332;-30;0.0;3.999611347E7
1333;-30;0.0;3.9995995E7
1334;-31;0.0;3.999603923E7
1335;-31;0.0;3.999588841E7
1336;-31;0.0;3.999602903E7
1337;-31;0.0;3.999605479E7
1338;-31;0.0;3.999595473E7
1339;-31;0.0;3.999599684E7
1340;-31;0.0;4.003576098E7
1341;-31;0.0;3.999607031E7
1342;-31;0.0;3.999610681E7
1343;-31;0.0;3.999603559E7
1344;-32;0.0;3.999592728E7
1345;-32;0.0;3.999600395E7
1346;-32;0.0;3.999614352E7
1347;-32;0.0;3.999593941E7
1348;-32;0.0;3.999604357E7
1349;-32;0.0;3.999604423E7
1350;-32;0.0;3.999602125E7
1351;-32;0.0;3.999600795E7
1352;-32;0.0;3.999599673E7
1353;-32;0.0;3.999602677E7
1354;-33;0.0;3.99960037E7
1355;-33;0.0;3.999600823E7
1356;-33;0.0;3.999595917E7
1357;-33;0.0;3.999605774E7
1358;-33;0.0;3.999595627E7
1359;-33;0.0;3.999597285E7
1360;-33;0.0;3.999608324E7
1361;-33;0.0;3.999600094E7
1362;-33;0.0;3.999594573E7
1363;-33;0.0;3.999597446E7
1364;-34;0.0;3.999600084E7
1365;-34;0.0;3.999596631E7
1366;-34;0.0;3.999562363E7
1367;-34;0.0;3.999599875E7
1368;-34;0.0;3.999592728E7
1369;-34;0.0;3.999602417E7
1370;-34;0.0;3.99959513E7
1371;-34;0.0;3.999587739E7
1372;-34;0.0;3.999600037E7
1373;-34;0.0;3.999598514E7
1374;-35;0.0;3.999601512E7
1375;-35;0.0;3.99960024E7
1376;-35;0.0;3.999570956E7
1377;-35;0.0;3.999591135E7
1378;-35;0.0;3.99959349E7
1379;-35;0.0;3.999591404E7
1380;-35;0.0;3.999600505E7
1381;-35;0.0;3.999607546E7
1382;-35;0.0;3.999602443E7
1383;-35;0.0;3.999601961E7
1384;-36;0.0;3.999598124E7
1385;-36;0.0;3.999584801E7
1386;-36;0.0;3.999591336E7
1387;-36;0.0;3.999601849E7
1388;-36;0.0;3.99958325E7
1389;-36;0.0;3.999598091E7
1390;-36;0.0;3.999583115E7
1391;-36;0.0;3.999606984E7
1392;-36;0.0;3.999596179E7
1393;-36;0.0;3.999594202E7
1394;-37;0.0;3.999587427E7
1395;-37;0.0;3.999594784E7
1396;-37;0.0;3.999595638E7
1397;-37;0.0;3.999585265E7
1398;-37;0.0;3.99959126E7
1399;-37;0.0;3.999591543E7
1400;-37;0.0;3.999592881E7
1401;-37;0.0;3.999589294E7
1402;-37;0.0;3.999594942E7
1403;-37;0.0;3.999597168E7
1404;-38;0.0;3.999590155E7
1405;-38;0.0;3.999591227E7
1406;-38;0.0;3.999590821E7
1407;-38;0.0;3.999598221E7
1408;-38;0.0;3.999595137E7
1409;-38;0.0;3.999596166E7
1410;-38;0.0;3.999591967E7
1411;-38;0.0;3.999587018E7
1412;-38;0.0;3.999595069E7
1413;-38;0.0;3.999593086E7
1414;-39;0.0;3.999597889E7
1415;-39;0.0;3.999587129E7
1416;-39;0.0;3.999597838E7
1417;-39;0.0;3.999584397E7
1418;-39;0.0;3.99957429E7
1419;-39;0.0;3.999590339E7
1420;-39;0.0;3.999595836E7
1421;-39;0.0;3.999596744E7
1422;-39;0.0;3.999590465E7
1423;-39;0.0;3.999596278E7
1424;-40;0.0;3.999592225E7
1425;-40;0.0;3.99959978E7
1426;-40;0.0;3.999583994E7
1427;-40;0.0;3.999590667E7
1428;-40;0.0;3.999597893E7
1429;-40;0.0;3.999588932E7
1430;-40;0.0;3.999591493E7
1431;-40;0.0;3.999601305E7
1432;-40;0.0;3.999591806E7
1433;-40;0.0;3.999589614E7
1434;-41;0.0;3.999580348E7
1435;-41;0.0;3.999583236E7
1436;-41;0.0;3.99959172E7
1437;-41;0.0;3.999591511E7
1438;-41;0.0;3.999588295E7
1439;-41;0.0;3.999594206E7
1440;-41;0.0;3.999579243E7
1441;-41;0.0;3.999594069E7
1442;-41;0.0;3.999585802E7
1443;-41;0.0;3.999591801E7
1444;-42;0.0;3.999592789E7
1445;-42;0.0;3.999589787E7
1446;-42;0.0;3.999600268E7
1447;-42;0.0;3.999584914E7
1448;-42;0.0;3.999586354E7
1449;-42;0.0;3.999594286E7
1450;-42;0.0;3.999595503E7
1451;-42;0.0;3.999589546E7
1452;-42;0.0;3.999587917E7
1453;-42;0.0;3.999590758E7
1454;-43;0.0;3.999587716E7
1455;-43;0.0;3.999586088E7
1456;-43;0.0;3.999582021E7
1457;-43;0.0;3.999597353E7
1458;-43;0.0;3.999583799E7
1459;-43;0.0;3.999580094E7
1460;-43;0.0;3.999596147E7
1461;-43;0.0;3.999586092E7
1462;-43;0.0;3.999584203E7
1463;-43;0.0;3.999577792E7
1464;-44;0.0;3.999597687E7
1465;-44;0.0;3.99957784E7
1466;-44;0.0;3.999591323E7
1467;-44;0.0;3.999596402E7
1468;-44;0.0;3.999587851E7
1469;-44;0.0;3.999587763E7
1470;-44;0.0;3.999585197E7
1471;-44;0.0;3.999585786E7
1472;-44;0.0;3.99959126E7
1473;-44;0.0;3.999588505E7
1474;-45;0.0;3.999590094E7
1475;-45;0.0;3.999598132E7
1476;-45;0.0;3.999585919E7
1477;-45;0.0;3.999586287E7
1478;-45;0.0;3.999580658E7
1479;-45;0.0;3.999581223E7
1480;-45;0.0;3.999585051E7
1481;-45;0.0;3.999596498E7
1482;-45;0.0;3.999588085E7
1483;-45;0.0;3.999584659E7
1484;-46;0.0;3.999575599E7
1485;-46;0.0;3.999572681E7
1486;-46;0.0;3.999587013E7
1487;-46;0.0;3.99959255E7
1488;-46;0.0;3.999583348E7
1489;-46;0.0;3.999586113E7
1490;-46;0.0;3.999576181E7
1491;-46;0.0;3.999601256E7
1492;-46;0.0;3.9995874E7
1493;-46;0.0;3.999589287E7
1494;-47;0.0;3.999588221E7
1495;-47;0.0;3.999586665E7
1496;-47;0.0;3.999590653E7
1497;-47;0.0;3.999584581E7
1498;-47;0.0;3.99959275E7
1499;-47;0.0;3.99958089E7
1500;-47;0.0;3.999594988E7
1501;-47;0.0;3.999586161E7
1502;-47;0.0;3.999589026E7
1503;-47;0.0;3.999582747E7
1504;-48;0.0;3.999591883E7
1505;-48;0.0;3.99958744E7
1506;-48;0.0;3.999579E7
1507;-48;0.0;3.999589817E7
1508;-48;0.0;3.999587363E7
1509;-48;0.0;3.999587433E7
1510;-48;0.0;3.9995913E7
1511;-48;0.0;3.999581549E7
1512;-48;0.0;3.99958629E7
1513;-48;0.0;3.999588024E7
1514;-49;0.0;3.999580904E7
1515;-49;0.0;3.999588132E7
1516;-49;0.0;3.999587903E7
1517;-49;0.0;3.999585292E7
1518;-49;0.0;3.999583624E7
1519;-49;0.0;3.999586785E7
1520;-49;0.0;3.999573946E7
1521;-49;0.0;3.999576991E7
1522;-49;0.0;3.999589946E7
1523;-49;0.0;3.999585342E7
1524;-50;0.0;3.999584578E7
1525;-50;0.0;3.999589998E7
1526;-50;0.0;3.999580795E7
1527;-50;0.0;3.999585005E7
1528;-50;0.0;3.999584107E7
1529;-50;0.0;3.999580031E7
1530;-50;0.0;3.999575541E7
1531;-50;0.0;3.999591781E7
1532;-50;0.0;3.999581922E7
1533;-50;0.0;3.999576977E7
1534;-51;0.0;3.999574717E7
1535;-51;0.0;3.999574878E7
1536;-51;0.0;3.99957336E7
1537;-51;0.0;3.999586984E7
1538;-51;0.0;3.999566936E7
1539;-51;0.0;3.999576438E7
1540;-51;0.0;3.999571187E7
1541;-51;0.0;3.9995855E7
1542;-51;0.0;3.9995768E7
1543;-51;0.0;3.999575802E7
1544;-52;0.0;3.999574151E7
1545;-52;0.0;3.999561131E7
1546;-52;0.0;3.999585632E7
1547;-52;0.0;3.999579547E7
1548;-52;0.0;3.999577609E7
1549;-52;0.0;3.999580275E7
1550;-52;0.0;3.999586555E7
1551;-52;0.0;3.999570073E7
1552;-52;0.0;3.999573829E7
1553;-52;0.0;3.99956436E7
1554;-53;0.0;3.999575912E7
1555;-53;0.0;3.999581019E7
1556;-53;0.0;3.999576963E7
1557;-53;0.0;3.999589955E7
1558;-53;0.0;3.999579593E7
1559;-53;0.0;3.99958329E7
1560;-53;0.0;3.999578242E7
1561;-53;0.0;3.999571109E7
1562;-53;0.0;3.999568655E7
1563;-53;0.0;3.999579998E7
1564;-54;0.0;3.999579821E7
1565;-54;0.0;3.999579409E7
1566;-54;0.0;3.999569464E7
1567;-54;0.0;3.999576319E7
1568;-54;0.0;3.999572782E7
1569;-54;0.0;3.999578848E7
1570;-54;0.0;3.999569164E7
1571;-54;0.0;3.999576625E7
1572;-54;0.0;3.999566461E7
1573;-54;0.0;3.999567791E7
1574;-55;0.0;3.999564422E7
1575;-55;0.0;3.999587006E7
1576;-55;0.0;3.999564141E7
1577;-55;0.0;3.99957159E7
1578;-55;0.0;3.999577182E7
1579;-55;0.0;3.999572847E7
1580;-55;0.0;3.999571224E7
1581;-55;0.0;3.999535707E7
1582;-55;0.0;3.999452468E7
1583;-55;0.0;3.999570232E7
1584;-56;0.0;3.999573261E7
1585;-56;0.0;3.999558731E7
1586;-56;0.0;3.999572365E7
1587;-56;0.0;3.999571631E7
1588;-56;0.0;3.999565223E7
1589;-56;0.0;3.999543321E7
1590;-56;0.0;3.999522599E7
1591;-56;0.0;3.99959427E7
1592;-56;0.0;3.999588133E7
1593;-56;0.0;3.999596403E7
1594;-57;0.0;3.999594048E7
1595;-57;0.0;3.999592033E7
1596;-57;0.0;3.999596514E7
1597;-57;0.0;3.999584814E7
1598;-57;0.0;3.999588239E7
1599;-57;0.0;3.999588059E7
1600;-57;0.0;3.999585702E7
1601;-57;0.0;3.999579215E7
1602;-57;0.0;3.999590834E7
1603;-57;0.0;3.999593015E7
1604;-58;0.0;3.999577692E7
1605;-58;0.0;3.99958088E7
1606;-58;0.0;3.999581071E7
1607;-58;0.0;3.999602716E7
1608;-58;0.0;3.999584204E7
1609;-58;0.0;3.999589841E7
1610;-58;0.0;3.999594639E7
1611;-58;0.0;3.999588607E7
1612;-58;0.0;3.999586029E7
1613;-58;0.0;3.999590642E7
1614;-59;0.0;3.999591676E7
1615;-59;0.0;3.999571194E7
1616;-59;0.0;3.999591606E7
1617;-59;0.0;3.999584057E7
1618;-59;0.0;3.999583831E7
1619;-59;0.0;3.999587857E7
1620;-59;0.0;3.999592224E7
1621;-59;0.0;3.999577006E7
1622;-59;0.0;3.999584437E7
1623;-59;0.0;3.999581373E7
1624;-60;0.0;3.999588934E7
1625;-60;0.0;3.999581087E7
1626;-60;0.0;3.999596421E7
1627;-60;0.0;3.99956611E7
1628;-60;0.0;3.999589504E7
1629;-60;0.0;3.999568459E7
1630;-60;0.0;3.999591626E7
1631;-60;0.0;3.999567211E7
1632;-60;0.0;3.999590407E7
1633;-60;0.0;3.999581255E7
1634;-61;0.0;3.999586322E7
1635;-61;0.0;3.999578485E7
1636;-61;0.0;3.999577825E7
1637;-61;0.0;3.999598793E7
1638;-61;0.0;3.999576324E7
1639;-61;0.0;3.999589817E7
1640;-61;0.0;3.999577379E7
1641;-61;0.0;3.999587503E7
1642;-61;0.0;3.999585585E7
1643;-61;0.0;3.999581377E7
1644;-62;0.0;3.999580081E7
1645;-62;0.0;3.999584132E7
1646;-62;0.0;3.999586521E7
1647;-62;0.0;3.999576127E7
1648;-62;0.0;3.99957992E7
1649;-62;0.0;3.999596036E7
1650;-62;0.0;3.999580943E7
1651;-62;0.0;3.999583558E7
1652;-62;0.0;3.999571936E7
1653;-62;0.0;3.999578169E7
1654;-63;0.0;3.999579522E7
1655;-63;0.0;3.999581839E7
1656;-63;0.0;3.999549577E7
1657;-63;0.0;3.99959564E7
1658;-63;0.0;3.999584329E7
1659;-63;0.0;3.999110747E7
1660;-63;0.0;3.999581062E7
1661;-63;0.0;3.999574294E7
1662;-63;0.0;3.999579457E7
1663;-63;0.0;3.999567665E7
1664;-64;0.0;3.999582826E7
1665;-64;0.0;3.999582587E7
1666;-64;0.0;3.999591462E7
1667;-64;0.0;3.999574262E7
1668;-64;0.0;3.999579615E7
1669;-64;0.0;3.999589472E7
1670;-64;0.0;3.999581365E7
1671;-64;0.0;3.999581891E7
1672;-64;0.0;3.999574413E7
1673;-64;0.0;3.99957753E7
1674;-65;0.0;3.999582523E7
1675;-65;0.0;3.999597789E7
1676;-65;0.0;3.999580512E7
1677;-65;0.0;3.999579569E7
1678;-65;0.0;3.999588238E7
1679;-65;0.0;3.999574123E7
1680;-65;0.0;3.999571777E7
1681;-65;0.0;3.999599859E7
1682;-65;0.0;3.99958272E7
1683;-65;0.0;3.999576534E7
1684;-66;0.0;3.999584837E7
1685;-66;0.0;3.999581143E7
1686;-66;0.0;3.999583229E7
1687;-66;0.0;3.999587891E7
1688;-66;0.0;3.999579631E7
1689;-66;0.0;3.999553634E7
1690;-66;0.0;3.999573727E7
1691;-66;0.0;3.999588767E7
1692;-66;0.0;3.999579175E7
1693;-66;0.0;3.999576026E7
1694;-67;0.0;3.999583215E7
1695;-67;0.0;3.999583437E7
1696;-67;0.0;3.999597775E7
1697;-67;0.0;3.999582556E7
1698;-67;0.0;3.99958018E7
1699;-67;0.0;3.999578084E7
1700;-67;0.0;3.999590348E7
1701;-67;0.0;3.99956844E7
1702;-67;0.0;3.999565031E7
1703;-67;0.0;3.999587236E7
1704;-68;0.0;3.999581977E7
1705;-68;0.0;3.999566062E7
1706;-68;0.0;3.999568799E7
1707;-68;0.0;3.999590838E7
1708;-68;0.0;3.999576826E7
1709;-68;0.0;3.999573021E7
1710;-68;0.0;3.999576137E7
1711;-68;0.0;3.999585476E7
1712;-68;0.0;3.999563334E7
1713;-68;0.0;3.999590574E7
1714;-69;0.0;3.999577418E7
1715;-69;0.0;3.999569214E7
1716;-69;0.0;3.999582507E7
1717;-69;0.0;3.999570365E7
1718;-69;0.0;3.999574402E7
1719;-69;0.0;3.999570573E7
1720;-69;0.0;3.999576757E7
1721;-69;0.0;3.999578057E7
1722;-69;0.0;3.99957507E7
1723;-69;0.0;3.999572032E7
1724;-70;0.0;3.99958946E7
1725;-70;0.0;3.999582308E7
1726;-70;0.0;3.999574047E7
1727;-70;0.0;3.999575313E7
1728;-70;0.0;3.999582814E7
1729;-70;0.0;3.999562071E7
1730;-70;0.0;3.999592394E7
1731;-70;0.0;3.999591116E7
1732;-70;0.0;3.999589337E7
1733;-70;0.0;3.999573545E7
1734;-71;0.0;3.999561651E7
1735;-71;0.0;3.999587149E7
1736;-71;0.0;3.999569282E7
1737;-71;0.0;3.999584796E7
1738;-71;0.0;3.999570519E7
1739;-71;0.0;3.999574672E7
1740;-71;0.0;3.999571353E7
1741;-71;0.0;3.999592801E7
1742;-71;0.0;3.999577272E7
1743;-71;0.0;3.999566429E7
1744;-72;0.0;3.999578262E7
1745;-72;0.0;3.999567861E7
1746;-72;0.0;3.999574339E7
1747;-72;0.0;3.99956959E7
1748;-72;0.0;3.999576932E7
1749;-72;0.0;3.999563956E7
1750;-72;0.0;3.999576729E7
1751;-72;0.0;3.999574307E7
1752;-72;0.0;3.999571677E7
1753;-72;0.0;3.999567855E7
1754;-73;0.0;3.999573389E7
1755;-73;0.0;3.999583603E7
1756;-73;0.0;3.999581058E7
1757;-73;0.0;3.999576616E7
1758;-73;0.0;3.999587018E7
1759;-73;0.0;3.999570555E7
1760;-73;0.0;3.999575596E7
1761;-73;0.0;3.999575759E7
1762;-73;0.0;3.999576223E7
1763;-73;0.0;3.999580868E7
1764;-74;0.0;3.999576801E7
1765;-74;0.0;3.999574166E7
1766;-74;0.0;3.999593289E7
1767;-74;0.0;3.99957631E7
1768;-74;0.0;3.999563502E7
1769;-74;0.0;3.999571943E7
1770;-74;0.0;3.999579678E7
1771;-74;0.0;3.99957295E7
1772;-74;0.0;3.999575515E7
1773;-74;0.0;3.999555555E7
1774;-75;0.0;3.999568561E7
1775;-75;0.0;3.999583439E7
1776;-75;0.0;3.999571414E7
1777;-75;0.0;3.999562536E7
1778;-75;0.0;3.999575059E7
1779;-75;0.0;3.999554135E7
1780;-75;0.0;3.999567625E7
1781;-75;0.0;3.999583473E7
1782;-75;0.0;3.999573975E7
1783;-75;0.0;3.999574686E7
1784;-76;0.0;3.999567544E7
1785;-76;0.0;3.999564755E7
1786;-76;0.0;3.999568122E7
1787;-76;0.0;3.999579447E7
1788;-76;0.0;3.999565218E7
1789;-76;0.0;3.99957004E7
1790;-76;0.0;3.999555086E7
1791;-76;0.0;3.999587448E7
1792;-76;0.0;3.999570892E7
1793;-76;0.0;3.999575223E7
1794;-77;0.0;3.999569387E7
1795;-77;0.0;3.999580474E7
1796;-77;0.0;3.999571265E7
1797;-77;0.0;3.999567305E7
1798;-77;0.0;3.999578469E7
1799;-77;0.0;3.999569966E7
1800;-77;0.0;3.999573915E7
1801;-77;0.0;3.999567927E7
1802;-77;0.0;3.999578181E7
1803;-77;0.0;3.999576345E7
1804;-78;0.0;3.99957474E7
1805;-78;0.0;3.999562782E7
1806;-78;0.0;3.999563731E7
1807;-78;0.0;3.999584175E7
1808;-78;0.0;3.999567112E7
1809;-78;0.0;3.999566115E7
1810;-78;0.0;3.999576808E7
1811;-78;0.0;3.999569374E7
1812;-78;0.0;3.999545516E7
1813;-78;0.0;3.999573639E7
1814;-79;0.0;3.999575732E7
1815;-79;0.0;3.999562094E7
1816;-79;0.0;3.999579272E7
1817;-79;0.0;3.999567172E7
1818;-79;0.0;3.999572137E7
1819;-79;0.0;3.999569602E7
1820;-79;0.0;3.999561991E7
1821;-79;0.0;3.999562551E7
1822;-79;0.0;3.999571384E7
1823;-79;0.0;3.999583561E7
1824;-80;0.0;3.999570194E7
1825;-80;0.0;3.999573839E7
1826;-80;0.0;3.999568811E7
1827;-80;0.0;3.999561535E7
1828;-80;0.0;3.999579001E7
1829;-80;0.0;3.999570068E7
1830;-80;0.0;3.999582072E7
1831;-80;0.0;3.999568339E7
1832;-80;0.0;3.999563641E7
1833;-80;0.0;3.999559822E7
1834;-81;0.0;3.999573987E7
1835;-81;0.0;3.999564375E7
1836;-81;0.0;3.999565627E7
1837;-81;0.0;3.999569739E7
1838;-81;0.0;3.999569157E7
1839;-81;0.0;3.999562414E7
1840;-81;0.0;3.999562031E7
1841;-81;0.0;3.999571422E7
1842;-81;0.0;3.999566884E7
1843;-81;0.0;3.999555538E7
1844;-82;0.0;3.999566721E7
1845;-82;0.0;3.999549686E7
1846;-82;0.0;3.99957197E7
1847;-82;0.0;3.999566578E7
1848;-82;0.0;3.999569121E7
1849;-82;0.0;3.999073035E7
1850;-82;0.0;3.999582152E7
1851;-82;0.0;3.99956605E7
1852;-82;0.0;3.999563135E7
1853;-82;0.0;3.999564988E7
1854;-83;0.0;3.999566944E7
1855;-83;0.0;3.999568281E7
1856;-83;0.0;3.999553786E7
1857;-83;0.0;3.99956294E7
1858;-83;0.0;3.999561726E7
1859;-83;0.0;3.999574893E7
1860;-83;0.0;3.999558673E7
1861;-83;0.0;3.999561928E7
1862;-83;0.0;3.999556682E7
1863;-83;0.0;3.999570415E7
1864;-84;0.0;3.999561795E7
1865;-84;0.0;3.999564115E7
1866;-84;0.0;3.999569932E7
1867;-84;0.0;3.999564645E7
1868;-84;0.0;3.999561924E7
1869;-84;0.0;3.999560991E7
1870;-84;0.0;3.999555882E7
1871;-84;0.0;3.999561723E7
1872;-84;0.0;3.999567743E7
1873;-84;0.0;3.999562391E7
1874;-85;0.0;3.999564051E7
1875;-85;0.0;3.999555435E7
1876;-85;0.0;3.999557771E7
1877;-85;0.0;3.999563946E7
1878;-85;0.0;3.999558884E7
1879;-85;0.0;3.999556468E7
1880;-85;0.0;3.999558882E7
1881;-85;0.0;3.99957508E7
1882;-85;0.0;3.99955643E7
1883;-85;0.0;3.999569156E7
1884;-86;0.0;3.99956786E7
1885;-86;0.0;3.999552556E7
1886;-86;0.0;3.999557128E7
1887;-86;0.0;3.999564084E7
1888;-86;0.0;3.999561122E7
1889;-86;0.0;3.999558787E7
1890;-86;0.0;3.999545797E7
1891;-86;0.0;3.99956276E7
1892;-86;0.0;3.999568155E7
1893;-86;0.0;3.999559608E7
1894;-87;0.0;3.999551714E7
1895;-87;0.0;3.999559733E7
1896;-87;0.0;3.999574627E7
1897;-87;0.0;3.999545123E7
1898;-87;0.0;3.999565391E7
1899;-87;0.0;3.999558523E7
1900;-87;0.0;3.999568206E7
1901;-87;0.0;3.999559697E7
1902;-87;0.0;3.999553792E7
1903;-87;0.0;3.99954693E7
1904;-88;0.0;3.999565505E7
1905;-88;0.0;3.999556968E7
1906;-88;0.0;3.999545114E7
1907;-88;0.0;3.999557375E7
1908;-88;0.0;3.999567347E7
1909;-88;0.0;3.999560062E7
1910;-88;0.0;3.999563864E7
1911;-88;0.0;3.999553998E7
1912;-88;0.0;3.99955649E7
1913;-88;0.0;3.999559064E7
1914;-89;0.0;3.999557807E7
1915;-89;0.0;3.999561585E7
1916;-89;0.0;3.999564922E7
1917;-89;0.0;3.999552795E7
1918;-89;0.0;3.999564597E7
1919;-89;0.0;3.999559364E7
1920;-89;0.0;3.999557501E7
1921;-89;0.0;3.999559623E7
1922;-89;0.0;3.999552331E7
1923;-89;0.0;3.999565133E7
1924;-90;0.0;3.999556469E7
1925;-90;0.0;3.999563422E7
1926;-90;0.0;3.999550023E7
1927;-90;0.0;3.999550583E7
1928;-90;0.0;3.999568038E7
1929;-90;0.0;3.999540285E7
1930;-90;0.0;3.999552634E7
1931;-90;0.0;3.999566052E7
1932;-90;0.0;3.999573379E7
1933;-90;0.0;3.999549575E7
1934;-91;0.0;3.999552349E7
1935;-91;0.0;3.99955553E7
1936;-91;0.0;3.999552543E7
1937;-91;0.0;3.999562002E7
1938;-91;0.0;3.999550239E7
1939;-91;0.0;3.999552789E7
1940;-91;0.0;3.999558265E7
1941;-91;0.0;3.999562589E7
1942;-91;0.0;3.999516612E7
1943;-91;0.0;3.999559456E7
1944;-92;0.0;3.999546214E7
1945;-92;0.0;3.999550297E7
1946;-92;0.0;3.999566763E7
1947;-92;0.0;3.999559642E7
1948;-92;0.0;3.999556863E7
1949;-92;0.0;3.999546592E7
1950;-92;0.0;3.999565261E7
1951;-92;0.0;3.99955982E7
1952;-92;0.0;3.999552381E7
1953;-92;0.0;3.999546067E7
1954;-93;0.0;3.999548364E7
1955;-93;0.0;3.999558048E7
1956;-93;0.0;3.999544251E7
1957;-93;0.0;3.99955263E7
1958;-93;0.0;3.999559992E7
1959;-93;0.0;3.999571918E7
1960;-93;0.0;3.999553857E7
1961;-93;0.0;3.999549706E7
1962;-93;0.0;3.999556305E7
1963;-93;0.0;3.999548763E7
1964;-94;0.0;3.99956903E7
1965;-94;0.0;3.999547633E7
1966;-94;0.0;3.999551829E7
1967;-94;0.0;3.999570935E7
1968;-94;0.0;3.999551893E7
1969;-94;0.0;3.999554556E7
1970;-94;0.0;3.999548326E7
1971;-94;0.0;3.999554092E7
1972;-94;0.0;3.999557686E7
1973;-94;0.0;3.99956018E7
1974;-95;0.0;3.999560367E7
1975;-95;0.0;3.999569382E7
1976;-95;0.0;3.999554609E7
1977;-95;0.0;3.999548039E7
1978;-95;0.0;3.999553415E7
1979;-95;0.0;3.999554093E7
1980;-95;0.0;3.999552146E7
1981;-95;0.0;3.999560505E7
1982;-95;0.0;3.999549282E7
1983;-95;0.0;3.999536011E7
1984;-96;0.0;3.99954292E7
1985;-96;0.0;3.999549356E7
1986;-96;0.0;3.999559199E7
1987;-96;0.0;3.999559875E7
1988;-96;0.0;3.999539391E7
1989;-96;0.0;3.999551772E7
1990;-96;0.0;3.999531853E7
1991;-96;0.0;3.9995632E7
1992;-96;0.0;3.999541665E7
1993;-96;0.0;3.99954386E7
1994;-97;0.0;3.99954755E7
1995;-97;0.0;3.999558243E7
1996;-97;0.0;3.999564542E7
1997;-97;0.0;3.999543606E7
1998;-97;0.0;3.999553819E7
1999;-97;0.0;3.999547722E7
2000;-97;0.0;3.999557186E7
2001;-97;0.0;3.99954749E7
2002;-97;0.0;3.999544271E7
2003;-97;0.0;3.999550434E7
2004;-98;0.0;3.999552632E7
2005;-98;0.0;3.999550894E7
2006;-98;0.0;3.999540296E7
2007;-98;0.0;3.99954922E7
2008;-98;0.0;3.999550509E7
2009;-98;0.0;3.999554063E7
2010;-98;0.0;3.999545865E7
2011;-98;0.0;3.999561982E7
2012;-98;0.0;3.999549645E7
2013;-98;0.0;3.999556107E7
2014;-99;0.0;3.999536671E7
2015;-99;0.0;3.999537186E7
2016;-99;0.0;3.999548155E7
2017;-99;0.0;3.999543021E7
2018;-99;0.0;3.999531179E7
2019;-99;0.0;3.999549772E7
2020;-99;0.0;3.999538951E7
2021;-99;0.0;3.999545384E7
2022;-99;0.0;3.999545845E7
2023;-99;0.0;3.999549834E7
2024;-100;0.0;3.999558732E7
2025;-100;0.0;3.999548129E7
2026;-100;0.0;3.999537728E7
2027;-100;0.0;3.99955738E7
2028;-100;0.0;3.999546247E7
2029;-100;0.0;3.99953142E7
2030;-100;0.0;3.999517807E7
2031;-100;0.0;3.999558802E7
2032;-100;0.0;3.999550402E7
2033;-100;0.0;3.999545119E7
2034;-101;0.0;3.999551287E7
2035;-101;0.0;3.999548593E7
2036;-101;0.0;3.999548247E7
2037;-101;0.0;3.9995535E7
2038;-101;0.0;3.999538352E7
2039;-101;0.0;3.999544686E7
2040;-101;0.0;3.999528414E7
2041;-101;0.0;3.999573452E7
2042;-101;0.0;3.999546986E7
2043;-101;0.0;3.999551044E7
2044;-102;0.0;3.999545148E7
2045;-102;0.0;3.999524178E7
2046;-102;0.0;3.999558153E7
2047;-102;0.0;3.999550537E7
