0;63 <= -102;0.0;3.999761765E7
1;63 <= -102;0.0;3.999727347E7
2;63 <= -102;0.0;3.9997246E7
3;63 <= -102;0.0;3.999726074E7
4;63 <= -102;0.0;3.999723285E7
5;63 <= -101;0.0;3.999724651E7
6;63 <= -101;0.0;3.999729917E7
7;63 <= -101;0.0;3.999728004E7
8;63 <= -101;0.0;3.999724552E7
9;63 <= -101;0.0;3.99973355E7
10;63 <= -101;0.0;3.99971549E7
11;63 <= -101;0.0;3.999730746E7
12;63 <= -101;0.0;3.999730367E7
13;63 <= -101;0.0;3.999729546E7
14;63 <= -101;0.0;3.999731299E7
15;63 <= -100;0.0;3.99972772E7
16;63 <= -100;0.0;3.999732022E7
17;63 <= -100;0.0;3.999732372E7
18;63 <= -100;0.0;3.999731837E7
19;63 <= -100;0.0;3.999726924E7
20;63 <= -100;0.0;3.99971931E7
21;63 <= -100;0.0;3.999718937E7
22;63 <= -100;0.0;3.999723954E7
23;63 <= -100;0.0;3.999728728E7
24;63 <= -100;0.0;3.999728668E7
25;63 <= -99;0.0;4.031738539E7
26;63 <= -99;0.0;3.999720392E7
27;63 <= -99;0.0;3.999725337E7
28;63 <= -99;0.0;3.999732191E7
29;63 <= -99;0.0;3.999728518E7
30;63 <= -99;0.0;3.999723342E7
31;63 <= -99;0.0;3.999717636E7
32;63 <= -99;0.0;3.999719479E7
33;63 <= -99;0.0;3.99973377E7
34;63 <= -99;0.0;3.9997269E7
35;63 <= -98;0.0;3.999734139E7
36;63 <= -98;0.0;3.999723731E7
37;63 <= -98;0.0;3.999722491E7
38;63 <= -98;0.0;3.999717052E7
39;63 <= -98;0.0;3.999718968E7
40;63 <= -98;0.0;3.999735306E7
41;63 <= -98;0.0;3.999721302E7
42;63 <= -98;0.0;3.999721582E7
43;63 <= -98;0.0;3.999727644E7
44;63 <= -98;0.0;3.999725085E7
45;63 <= -97;0.0;3.999728338E7
46;63 <= -97;0.0;3.999725984E7
47;63 <= -97;0.0;3.999732439E7
48;63 <= -97;0.0;3.999718337E7
49;63 <= -97;0.0;3.99972253E7
50;63 <= -97;0.0;3.999720066E7
51;63 <= -97;0.0;3.999727692E7
52;63 <= -97;0.0;3.999704661E7
53;63 <= -97;0.0;3.999724382E7
54;63 <= -97;0.0;3.999705503E7
55;63 <= -96;0.0;3.999718356E7
56;63 <= -96;0.0;3.999714508E7
57;63 <= -96;0.0;3.999722307E7
58;63 <= -96;0.0;3.999726109E7
59;63 <= -96;0.0;3.999726698E7
60;63 <= -96;0.0;3.999730868E7
61;63 <= -96;0.0;3.999720869E7
62;63 <= -96;0.0;3.999723693E7
63;63 <= -96;0.0;3.999730185E7
64;63 <= -96;0.0;3.999715054E7
65;63 <= -95;0.0;3.999710335E7
66;63 <= -95;0.0;3.999741891E7
67;63 <= -95;0.0;3.999713258E7
68;63 <= -95;0.0;3.999726861E7
69;63 <= -95;0.0;3.999711241E7
70;63 <= -95;0.0;3.999724096E7
71;63 <= -95;0.0;3.999722722E7
72;63 <= -95;0.0;3.999713477E7
73;63 <= -95;0.0;3.999713066E7
74;63 <= -95;0.0;3.999708754E7
75;63 <= -94;0.0;3.999717272E7
76;63 <= -94;0.0;3.999707519E7
77;63 <= -94;0.0;3.999710487E7
78;63 <= -94;0.0;3.99971815E7
79;63 <= -94;0.0;3.999714027E7
80;63 <= -94;0.0;3.999722425E7
81;63 <= -94;0.0;3.999712903E7
82;63 <= -94;0.0;3.999714679E7
83;63 <= -94;0.0;3.999713205E7
84;63 <= -94;0.0;3.999717898E7
85;63 <= -93;0.0;3.999707554E7
86;63 <= -93;0.0;3.999710666E7
87;63 <= -93;0.0;3.999712443E7
88;63 <= -93;0.0;3.999719201E7
89;63 <= -93;0.0;3.999710644E7
90;63 <= -93;0.0;3.999703791E7
91;63 <= -93;0.0;3.999714281E7
92;63 <= -93;0.0;3.999714188E7
93;63 <= -93;0.0;3.999718712E7
94;63 <= -93;0.0;3.999713985E7
95;63 <= -92;0.0;3.999700083E7
96;63 <= -92;0.0;3.999718619E7
97;63 <= -92;0.0;3.99970821E7
98;63 <= -92;0.0;3.999714404E7
99;63 <= -92;0.0;3.999721141E7
100;63 <= -92;0.0;3.99971756E7
101;63 <= -92;0.0;3.999717296E7
102;63 <= -92;0.0;3.999717903E7
103;63 <= -92;0.0;3.999716425E7
104;63 <= -92;0.0;3.999717734E7
105;63 <= -91;0.0;3.99971389E7
106;63 <= -91;0.0;3.999707406E7
107;63 <= -91;0.0;3.999729653E7
108;63 <= -91;0.0;3.999722768E7
109;63 <= -91;0.0;3.999707585E7
110;63 <= -91;0.0;3.999707273E7
111;63 <= -91;0.0;3.999719136E7
112;63 <= -91;0.0;3.999713665E7
113;63 <= -91;0.0;3.999701815E7
114;63 <= -91;0.0;3.99971314E7
115;63 <= -90;0.0;3.999717788E7
116;63 <= -90;0.0;3.99970555E7
117;63 <= -90;0.0;3.999705962E7
118;63 <= -90;0.0;3.999716287E7
119;63 <= -90;0.0;3.999709437E7
120;63 <= -90;0.0;3.999722644E7
121;63 <= -90;0.0;3.999701615E7
122;63 <= -90;0.0;3.999707714E7
123;63 <= -90;0.0;3.999708903E7
124;63 <= -90;0.0;3.999729272E7
125;63 <= -89;0.0;3.999712716E7
126;63 <= -89;0.0;3.999707207E7
127;63 <= -89;0.0;3.999709767E7
128;63 <= -89;0.0;3.999695106E7
129;63 <= -89;0.0;3.999718219E7
130;63 <= -89;0.0;3.999696434E7
131;63 <= -89;0.0;3.999708853E7
132;63 <= -89;0.0;3.999688508E7
133;63 <= -89;0.0;3.999723521E7
134;63 <= -89;0.0;3.999704809E7
135;63 <= -88;0.0;3.999712262E7
136;63 <= -88;0.0;3.999727323E7
137;63 <= -88;0.0;3.999710118E7
138;63 <= -88;0.0;3.999708944E7
139;63 <= -88;0.0;3.999702732E7
140;63 <= -88;0.0;3.999711603E7
141;63 <= -88;0.0;3.999700637E7
142;63 <= -88;0.0;3.999721448E7
143;63 <= -88;0.0;3.999703993E7
144;63 <= -88;0.0;3.999717089E7
145;63 <= -87;0.0;3.999725059E7
146;63 <= -87;0.0;3.999714596E7
147;63 <= -87;0.0;3.999697055E7
148;63 <= -87;0.0;3.999717462E7
149;63 <= -87;0.0;3.999721954E7
150;63 <= -87;0.0;4.011694694E7
151;63 <= -87;0.0;3.99971722E7
152;63 <= -87;0.0;3.999715506E7
153;63 <= -87;0.0;3.999711611E7
154;63 <= -87;0.0;3.999705871E7
155;63 <= -86;0.0;3.999725096E7
156;63 <= -86;0.0;3.99971865E7
157;63 <= -86;0.0;3.99971951E7
158;63 <= -86;0.0;3.999728774E7
159;63 <= -86;0.0;3.999718879E7
160;63 <= -86;0.0;3.999714736E7
161;63 <= -86;0.0;3.999713764E7
162;63 <= -86;0.0;3.999717214E7
163;63 <= -86;0.0;3.999717846E7
164;63 <= -86;0.0;3.999700303E7
165;63 <= -85;0.0;3.999719535E7
166;63 <= -85;0.0;3.999720024E7
167;63 <= -85;0.0;3.999724265E7
168;63 <= -85;0.0;3.999715102E7
169;63 <= -85;0.0;3.999715567E7
170;63 <= -85;0.0;3.999719099E7
171;63 <= -85;0.0;3.999718935E7
172;63 <= -85;0.0;3.999714516E7
173;63 <= -85;0.0;3.999712185E7
174;63 <= -85;0.0;3.99971868E7
175;63 <= -84;0.0;3.999717161E7
176;63 <= -84;0.0;3.999721263E7
177;63 <= -84;0.0;3.999715212E7
178;63 <= -84;0.0;3.999715135E7
179;63 <= -84;0.0;3.99972183E7
180;63 <= -84;0.0;3.999713147E7
181;63 <= -84;0.0;3.999711134E7
182;63 <= -84;0.0;3.999713672E7
183;63 <= -84;0.0;3.999717414E7
184;63 <= -84;0.0;3.999716773E7
185;63 <= -83;0.0;3.999712743E7
186;63 <= -83;0.0;3.999707637E7
187;63 <= -83;0.0;3.99969793E7
188;63 <= -83;0.0;3.99975902E7
189;63 <= -83;0.0;3.999716991E7
190;63 <= -83;0.0;3.999718421E7
191;63 <= -83;0.0;3.999713011E7
192;63 <= -83;0.0;3.999714873E7
193;63 <= -83;0.0;3.999717624E7
194;63 <= -83;0.0;3.999697221E7
195;63 <= -82;0.0;3.999713751E7
196;63 <= -82;0.0;3.999701073E7
197;63 <= -82;0.0;3.999719736E7
198;63 <= -82;0.0;3.999709796E7
199;63 <= -82;0.0;3.999714847E7
200;63 <= -82;0.0;3.999697167E7
201;63 <= -82;0.0;3.999710694E7
202;63 <= -82;0.0;3.999716935E7
203;63 <= -82;0.0;3.999710799E7
204;63 <= -82;0.0;3.999716771E7
205;63 <= -81;0.0;3.999707245E7
206;63 <= -81;0.0;3.999699895E7
207;63 <= -81;0.0;3.999721771E7
208;63 <= -81;0.0;3.999713916E7
209;63 <= -81;0.0;3.999718038E7
210;63 <= -81;0.0;3.999708887E7
211;63 <= -81;0.0;3.999709566E7
212;63 <= -81;0.0;3.999713178E7
213;63 <= -81;0.0;3.999712815E7
214;63 <= -81;0.0;3.999714065E7
215;63 <= -80;0.0;3.999708063E7
216;63 <= -80;0.0;3.999723458E7
217;63 <= -80;0.0;3.999714179E7
218;63 <= -80;0.0;3.999716084E7
219;63 <= -80;0.0;3.999708753E7
220;63 <= -80;0.0;3.999699675E7
221;63 <= -80;0.0;3.9997135E7
222;63 <= -80;0.0;3.999712419E7
223;63 <= -80;0.0;3.999716908E7
224;63 <= -80;0.0;3.999708266E7
225;63 <= -79;0.0;3.999713473E7
226;63 <= -79;0.0;3.99970705E7
227;63 <= -79;0.0;3.999694306E7
228;63 <= -79;0.0;3.999711223E7
229;63 <= -79;0.0;3.999711753E7
230;63 <= -79;0.0;3.999711724E7
231;63 <= -79;0.0;3.999707284E7
232;63 <= -79;0.0;3.999709593E7
233;63 <= -79;0.0;3.999704818E7
234;63 <= -79;0.0;3.999712687E7
235;63 <= -78;0.0;3.999710507E7
236;63 <= -78;0.0;3.999708695E7
237;63 <= -78;0.0;3.999711191E7
238;63 <= -78;0.0;3.999710142E7
239;63 <= -78;0.0;3.999686781E7
240;63 <= -78;0.0;3.999703163E7
241;63 <= -78;0.0;3.999705763E7
242;63 <= -78;0.0;3.99971701E7
243;63 <= -78;0.0;3.999710359E7
244;63 <= -78;0.0;3.999708212E7
245;63 <= -77;0.0;3.999700982E7
246;63 <= -77;0.0;3.999702775E7
247;63 <= -77;0.0;3.999708551E7
248;63 <= -77;0.0;3.999704823E7
249;63 <= -77;0.0;3.999711869E7
250;63 <= -77;0.0;3.999707161E7
251;63 <= -77;0.0;3.999714689E7
252;63 <= -77;0.0;3.99970053E7
253;63 <= -77;0.0;3.999707269E7
254;63 <= -77;0.0;3.99970539E7
255;63 <= -76;0.0;3.99969192E7
256;63 <= -76;0.0;3.99969263E7
257;63 <= -76;0.0;3.999702698E7
258;63 <= -76;0.0;3.999703244E7
259;63 <= -76;0.0;3.999707782E7
260;63 <= -76;0.0;3.999705117E7
261;63 <= -76;0.0;3.999702709E7
262;63 <= -76;0.0;3.999701989E7
263;63 <= -76;0.0;3.999712489E7
264;63 <= -76;0.0;3.999696869E7
265;63 <= -75;0.0;3.999705385E7
266;63 <= -75;0.0;3.999703147E7
267;63 <= -75;0.0;3.999710371E7
268;63 <= -75;0.0;3.999705067E7
269;63 <= -75;0.0;3.999706533E7
270;63 <= -75;0.0;3.999699832E7
271;63 <= -75;0.0;3.999695536E7
272;63 <= -75;0.0;3.999687695E7
273;63 <= -75;0.0;3.999704708E7
274;63 <= -75;0.0;3.999708809E7
275;63 <= -74;0.0;3.999700389E7
276;63 <= -74;0.0;3.999696975E7
277;63 <= -74;0.0;3.999700151E7
278;63 <= -74;0.0;3.999695702E7
279;63 <= -74;0.0;3.999708546E7
280;63 <= -74;0.0;3.999691644E7
281;63 <= -74;0.0;3.999703401E7
282;63 <= -74;0.0;3.999702572E7
283;63 <= -74;0.0;3.999710139E7
284;63 <= -74;0.0;3.999705897E7
285;63 <= -73;0.0;3.999699048E7
286;63 <= -73;0.0;3.99970729E7
287;63 <= -73;0.0;3.999695785E7
288;63 <= -73;0.0;3.999703584E7
289;63 <= -73;0.0;3.999701689E7
290;63 <= -73;0.0;3.999702573E7
291;63 <= -73;0.0;3.999676945E7
292;63 <= -73;0.0;3.999706421E7
293;63 <= -73;0.0;3.999705474E7
294;63 <= -73;0.0;3.999700465E7
295;63 <= -72;0.0;3.999709748E7
296;63 <= -72;0.0;3.999696154E7
297;63 <= -72;0.0;3.999695863E7
298;63 <= -72;0.0;3.99970776E7
299;63 <= -72;0.0;3.9997021E7
300;63 <= -72;0.0;3.999701535E7
301;63 <= -72;0.0;3.999702324E7
302;63 <= -72;0.0;3.999698197E7
303;63 <= -72;0.0;3.999701236E7
304;63 <= -72;0.0;3.999706988E7
305;63 <= -71;0.0;3.999703645E7
306;63 <= -71;0.0;3.999697495E7
307;63 <= -71;0.0;3.999703758E7
308;63 <= -71;0.0;3.999698868E7
309;63 <= -71;0.0;3.999698218E7
310;63 <= -71;0.0;3.999701484E7
311;63 <= -71;0.0;3.999706711E7
312;63 <= -71;0.0;3.999696895E7
313;63 <= -71;0.0;3.999704221E7
314;63 <= -71;0.0;3.999688689E7
315;63 <= -70;0.0;3.999687034E7
316;63 <= -70;0.0;3.999708799E7
317;63 <= -70;0.0;3.999703125E7
318;63 <= -70;0.0;3.999694166E7
319;63 <= -70;0.0;3.999703558E7
320;63 <= -70;0.0;3.999691159E7
321;63 <= -70;0.0;3.999689493E7
322;63 <= -70;0.0;3.999694172E7
323;63 <= -70;0.0;3.999699933E7
324;63 <= -70;0.0;3.99970521E7
325;63 <= -69;0.0;3.999704014E7
326;63 <= -69;0.0;3.999689078E7
327;63 <= -69;0.0;3.999698474E7
328;63 <= -69;0.0;3.999720436E7
329;63 <= -69;0.0;3.999693769E7
330;63 <= -69;0.0;3.999698432E7
331;63 <= -69;0.0;3.99969778E7
332;63 <= -69;0.0;3.999701533E7
333;63 <= -69;0.0;3.999700299E7
334;63 <= -69;0.0;3.999686989E7
335;63 <= -68;0.0;3.999701043E7
336;63 <= -68;0.0;3.999697191E7
337;63 <= -68;0.0;3.999697878E7
338;63 <= -68;0.0;3.999698682E7
339;63 <= -68;0.0;3.999676388E7
340;63 <= -68;0.0;3.999698652E7
341;63 <= -68;0.0;3.999694187E7
342;63 <= -68;0.0;3.999704374E7
343;63 <= -68;0.0;3.999690792E7
344;63 <= -68;0.0;3.999703155E7
345;63 <= -67;0.0;3.999697373E7
346;63 <= -67;0.0;3.999697612E7
347;63 <= -67;0.0;3.99969618E7
348;63 <= -67;0.0;3.999685777E7
349;63 <= -67;0.0;3.999704175E7
350;63 <= -67;0.0;3.999703388E7
351;63 <= -67;0.0;3.999700348E7
352;63 <= -67;0.0;3.998068631E7
353;63 <= -67;0.0;3.99969977E7
354;63 <= -67;0.0;3.999698693E7
355;63 <= -66;0.0;3.999695459E7
356;63 <= -66;0.0;3.999703486E7
357;63 <= -66;0.0;3.999693456E7
358;63 <= -66;0.0;3.999687398E7
359;63 <= -66;0.0;3.999693807E7
360;63 <= -66;0.0;3.999694453E7
361;63 <= -66;0.0;3.999698965E7
362;63 <= -66;0.0;3.999688185E7
363;63 <= -66;0.0;3.999700712E7
364;63 <= -66;0.0;3.99969504E7
365;63 <= -65;0.0;3.999702026E7
366;63 <= -65;0.0;3.999696024E7
367;63 <= -65;0.0;3.999696964E7
368;63 <= -65;0.0;3.999701369E7
369;63 <= -65;0.0;3.999692826E7
370;63 <= -65;0.0;3.999694066E7
371;63 <= -65;0.0;3.999694746E7
372;63 <= -65;0.0;3.999687882E7
373;63 <= -65;0.0;3.999701404E7
374;63 <= -65;0.0;3.999694394E7
375;63 <= -64;0.0;3.999694542E7
376;63 <= -64;0.0;3.999689901E7
377;63 <= -64;0.0;3.99969472E7
378;63 <= -64;0.0;3.999696599E7
379;63 <= -64;0.0;3.999696482E7
380;63 <= -64;0.0;3.99969242E7
381;63 <= -64;0.0;3.999693545E7
382;63 <= -64;0.0;3.999694747E7
383;63 <= -64;0.0;3.999693396E7
384;63 <= -64;0.0;3.999696974E7
385;63 <= -63;0.0;3.999682199E7
386;63 <= -63;0.0;3.999695918E7
387;63 <= -63;0.0;3.999691902E7
388;63 <= -63;0.0;3.999694209E7
389;63 <= -63;0.0;3.999686707E7
390;63 <= -63;0.0;3.999694219E7
391;63 <= -63;0.0;3.999696335E7
392;63 <= -63;0.0;3.99969463E7
393;63 <= -63;0.0;3.999694775E7
394;63 <= -63;0.0;3.999691374E7
395;63 <= -62;0.0;3.999683169E7
396;63 <= -62;0.0;3.999692188E7
397;63 <= -62;0.0;3.999685817E7
398;63 <= -62;0.0;3.999679168E7
399;63 <= -62;0.0;3.999680057E7
400;63 <= -62;0.0;3.999672514E7
401;63 <= -62;0.0;3.999690681E7
402;63 <= -62;0.0;3.999710196E7
403;63 <= -62;0.0;3.999685554E7
404;63 <= -62;0.0;3.999694399E7
405;63 <= -61;0.0;3.999689992E7
406;63 <= -61;0.0;3.999692296E7
407;63 <= -61;0.0;3.999697438E7
408;63 <= -61;0.0;3.999689053E7
409;63 <= -61;0.0;3.999694576E7
410;63 <= -61;0.0;3.999687587E7
411;63 <= -61;0.0;3.999690516E7
412;63 <= -61;0.0;3.999685024E7
413;63 <= -61;0.0;3.999688664E7
414;63 <= -61;0.0;3.999700003E7
415;63 <= -60;0.0;3.999686067E7
416;63 <= -60;0.0;3.999683135E7
417;63 <= -60;0.0;3.999693594E7
418;63 <= -60;0.0;3.999692023E7
419;63 <= -60;0.0;3.999687635E7
420;63 <= -60;0.0;3.999687097E7
421;63 <= -60;0.0;3.999692017E7
422;63 <= -60;0.0;3.999679517E7
423;63 <= -60;0.0;3.999690733E7
424;63 <= -60;0.0;3.999692818E7
425;63 <= -59;0.0;3.999685478E7
426;63 <= -59;0.0;3.999691221E7
427;63 <= -59;0.0;3.999693604E7
428;63 <= -59;0.0;3.99968201E7
429;63 <= -59;0.0;3.999687403E7
430;63 <= -59;0.0;3.999685745E7
431;63 <= -59;0.0;3.99969037E7
432;63 <= -59;0.0;3.99968963E7
433;63 <= -59;0.0;3.999693551E7
434;63 <= -59;0.0;3.999692022E7
435;63 <= -58;0.0;3.999698861E7
436;63 <= -58;0.0;3.999684898E7
437;63 <= -58;0.0;3.99968124E7
438;63 <= -58;0.0;3.999686421E7
439;63 <= -58;0.0;3.999681033E7
440;63 <= -58;0.0;3.999690766E7
441;63 <= -58;0.0;3.999687424E7
442;63 <= -58;0.0;3.999693568E7
443;63 <= -58;0.0;3.999674482E7
444;63 <= -58;0.0;3.999688531E7
445;63 <= -57;0.0;3.999684796E7
446;63 <= -57;0.0;3.999684516E7
447;63 <= -57;0.0;3.999686788E7
448;63 <= -57;0.0;3.999681397E7
449;63 <= -57;0.0;3.999694318E7
450;63 <= -57;0.0;3.999685717E7
451;63 <= -57;0.0;3.999690013E7
452;63 <= -57;0.0;3.999687557E7
453;63 <= -57;0.0;3.999680769E7
454;63 <= -57;0.0;3.99968816E7
455;63 <= -56;0.0;3.999686178E7
456;63 <= -56;0.0;3.999689151E7
457;63 <= -56;0.0;3.99968086E7
458;63 <= -56;0.0;3.999693928E7
459;63 <= -56;0.0;3.999677836E7
460;63 <= -56;0.0;3.999685867E7
461;63 <= -56;0.0;3.999676383E7
462;63 <= -56;0.0;3.999687463E7
463;63 <= -56;0.0;3.999690858E7
464;63 <= -56;0.0;3.99967141E7
465;63 <= -55;0.0;3.999687615E7
466;63 <= -55;0.0;3.999687856E7
467;63 <= -55;0.0;3.999687217E7
468;63 <= -55;0.0;3.999687339E7
469;63 <= -55;0.0;3.999688303E7
470;63 <= -55;0.0;3.999678934E7
471;63 <= -55;0.0;3.999676788E7
472;63 <= -55;0.0;3.999684698E7
473;63 <= -55;0.0;3.999680846E7
474;63 <= -55;0.0;3.999685362E7
475;63 <= -54;0.0;3.999677916E7
476;63 <= -54;0.0;3.999686281E7
477;63 <= -54;0.0;3.999692489E7
478;63 <= -54;0.0;3.999683304E7
479;63 <= -54;0.0;3.999683643E7
480;63 <= -54;0.0;3.999685035E7
481;63 <= -54;0.0;3.999689527E7
482;63 <= -54;0.0;3.999686565E7
483;63 <= -54;0.0;3.99968753E7
484;63 <= -54;0.0;3.999685469E7
485;63 <= -53;0.0;3.999685316E7
486;63 <= -53;0.0;3.999684447E7
487;63 <= -53;0.0;3.999679859E7
488;63 <= -53;0.0;3.999684198E7
489;63 <= -53;0.0;3.999675656E7
490;63 <= -53;0.0;3.999681774E7
491;63 <= -53;0.0;3.999692213E7
492;63 <= -53;0.0;3.999688214E7
493;63 <= -53;0.0;3.999682484E7
494;63 <= -53;0.0;3.999676256E7
495;63 <= -52;0.0;3.999675164E7
496;63 <= -52;0.0;3.999682975E7
497;63 <= -52;0.0;3.999679191E7
498;63 <= -52;0.0;3.999687046E7
499;63 <= -52;0.0;3.999684966E7
500;63 <= -52;0.0;3.999690299E7
501;63 <= -52;0.0;3.99967818E7
502;63 <= -52;0.0;3.999683153E7
503;63 <= -52;0.0;3.999678712E7
504;63 <= -52;0.0;3.999678299E7
505;63 <= -51;0.0;3.999683219E7
506;63 <= -51;0.0;3.999683951E7
507;63 <= -51;0.0;3.999685697E7
508;63 <= -51;0.0;3.999678154E7
509;63 <= -51;0.0;3.999683988E7
510;63 <= -51;0.0;3.999680844E7
511;63 <= -51;0.0;3.999681709E7
512;63 <= -51;0.0;3.999681202E7
513;63 <= -51;0.0;3.999679419E7
514;63 <= -51;0.0;3.999684328E7
515;63 <= -50;0.0;3.999679092E7
516;63 <= -50;0.0;3.99967164E7
517;63 <= -50;0.0;3.99967559E7
518;63 <= -50;0.0;3.999677371E7
519;63 <= -50;0.0;3.999682968E7
520;63 <= -50;0.0;3.99966655E7
521;63 <= -50;0.0;3.999680291E7
522;63 <= -50;0.0;3.999675769E7
523;63 <= -50;0.0;3.999683013E7
524;63 <= -50;0.0;3.999673758E7
525;63 <= -49;0.0;3.999680892E7
526;63 <= -49;0.0;3.999678567E7
527;63 <= -49;0.0;3.999679521E7
528;63 <= -49;0.0;3.999678952E7
529;63 <= -49;0.0;3.999674744E7
530;63 <= -49;0.0;3.999675935E7
531;63 <= -49;0.0;3.999677291E7
532;63 <= -49;0.0;3.999678006E7
533;63 <= -49;0.0;3.999680681E7
534;63 <= -49;0.0;3.999675547E7
535;63 <= -48;0.0;3.999679401E7
536;63 <= -48;0.0;3.999679289E7
537;63 <= -48;0.0;3.999676813E7
538;63 <= -48;0.0;3.999683708E7
539;63 <= -48;0.0;3.999677626E7
540;63 <= -48;0.0;3.999682675E7
541;63 <= -48;0.0;3.999686143E7
542;63 <= -48;0.0;3.999683667E7
543;63 <= -48;0.0;3.999677199E7
544;63 <= -48;0.0;3.999675214E7
545;63 <= -47;0.0;3.999662021E7
546;63 <= -47;0.0;3.999680009E7
547;63 <= -47;0.0;3.999673398E7
548;63 <= -47;0.0;3.999676238E7
549;63 <= -47;0.0;3.999682629E7
550;63 <= -47;0.0;3.999675068E7
551;63 <= -47;0.0;3.999677936E7
552;63 <= -47;0.0;3.999649226E7
553;63 <= -47;0.0;3.999674764E7
554;63 <= -47;0.0;3.999674787E7
555;63 <= -46;0.0;3.999675344E7
556;63 <= -46;0.0;3.999676682E7
557;63 <= -46;0.0;3.999679427E7
558;63 <= -46;0.0;3.999679776E7
559;63 <= -46;0.0;3.999680008E7
560;63 <= -46;0.0;3.999673667E7
561;63 <= -46;0.0;3.999653316E7
562;63 <= -46;0.0;3.999669005E7
563;63 <= -46;0.0;3.99967394E7
564;63 <= -46;0.0;3.999674099E7
565;63 <= -45;0.0;3.999670158E7
566;63 <= -45;0.0;3.999674428E7
567;63 <= -45;0.0;3.999679411E7
568;63 <= -45;0.0;3.999674562E7
569;63 <= -45;0.0;3.999673592E7
570;63 <= -45;0.0;3.999669233E7
571;63 <= -45;0.0;3.999661297E7
572;63 <= -45;0.0;3.99967639E7
573;63 <= -45;0.0;3.999667945E7
574;63 <= -45;0.0;3.999677456E7
575;63 <= -44;0.0;3.999676951E7
576;63 <= -44;0.0;3.999668329E7
577;63 <= -44;0.0;3.999676893E7
578;63 <= -44;0.0;3.99966766E7
579;63 <= -44;0.0;3.999674993E7
580;63 <= -44;0.0;3.9996759E7
581;63 <= -44;0.0;3.999670464E7
582;63 <= -44;0.0;3.999673095E7
583;63 <= -44;0.0;3.999678622E7
584;63 <= -44;0.0;3.999680182E7
585;63 <= -43;0.0;3.999665256E7
586;63 <= -43;0.0;3.999673136E7
587;63 <= -43;0.0;3.999671781E7
588;63 <= -43;0.0;3.999678238E7
589;63 <= -43;0.0;3.999676009E7
590;63 <= -43;0.0;3.999665398E7
591;63 <= -43;0.0;3.999675226E7
592;63 <= -43;0.0;3.999672694E7
593;63 <= -43;0.0;3.999670993E7
594;63 <= -43;0.0;3.999674685E7
595;63 <= -42;0.0;3.999671165E7
596;63 <= -42;0.0;3.999668788E7
597;63 <= -42;0.0;3.999670659E7
598;63 <= -42;0.0;3.99966803E7
599;63 <= -42;0.0;3.999668039E7
600;63 <= -42;0.0;3.999669882E7
601;63 <= -42;0.0;3.999663097E7
602;63 <= -42;0.0;3.999665758E7
603;63 <= -42;0.0;3.999674701E7
604;63 <= -42;0.0;3.999671958E7
605;63 <= -41;0.0;3.999679766E7
606;63 <= -41;0.0;3.999668643E7
607;63 <= -41;0.0;3.999666879E7
608;63 <= -41;0.0;3.999676101E7
609;63 <= -41;0.0;3.999650948E7
610;63 <= -41;0.0;3.999669898E7
611;63 <= -41;0.0;3.999671007E7
612;63 <= -41;0.0;3.999668965E7
613;63 <= -41;0.0;3.999670999E7
614;63 <= -41;0.0;3.999672691E7
615;63 <= -40;0.0;3.999665711E7
616;63 <= -40;0.0;3.99966622E7
617;63 <= -40;0.0;3.999676584E7
618;63 <= -40;0.0;3.999667547E7
619;63 <= -40;0.0;3.999675773E7
620;63 <= -40;0.0;3.999665967E7
621;63 <= -40;0.0;3.999671092E7
622;63 <= -40;0.0;3.999669993E7
623;63 <= -40;0.0;3.999673709E7
624;63 <= -40;0.0;3.999672784E7
625;63 <= -39;0.0;3.999660663E7
626;63 <= -39;0.0;3.999666987E7
627;63 <= -39;0.0;3.999663252E7
628;63 <= -39;0.0;3.99967133E7
629;63 <= -39;0.0;3.999666942E7
630;63 <= -39;0.0;3.999668246E7
631;63 <= -39;0.0;3.999672137E7
632;63 <= -39;0.0;3.999660877E7
633;63 <= -39;0.0;3.999675213E7
634;63 <= -39;0.0;3.99966188E7
635;63 <= -38;0.0;3.999666711E7
636;63 <= -38;0.0;3.999671506E7
637;63 <= -38;0.0;3.999671389E7
638;63 <= -38;0.0;3.999665452E7
639;63 <= -38;0.0;3.999669113E7
640;63 <= -38;0.0;3.999671851E7
641;63 <= -38;0.0;3.999669676E7
642;63 <= -38;0.0;3.999670879E7
643;63 <= -38;0.0;3.999668611E7
644;63 <= -38;0.0;3.999682301E7
645;63 <= -37;0.0;3.999667438E7
646;63 <= -37;0.0;3.999663047E7
647;63 <= -37;0.0;3.99967166E7
648;63 <= -37;0.0;3.999668375E7
649;63 <= -37;0.0;3.999668747E7
650;63 <= -37;0.0;3.999669038E7
651;63 <= -37;0.0;3.998780597E7
652;63 <= -37;0.0;3.999666998E7
653;63 <= -37;0.0;3.999662783E7
654;63 <= -37;0.0;3.999666769E7
655;63 <= -36;0.0;3.999664176E7
656;63 <= -36;0.0;3.999665927E7
657;63 <= -36;0.0;3.999655111E7
658;63 <= -36;0.0;3.999678422E7
659;63 <= -36;0.0;3.999664641E7
660;63 <= -36;0.0;3.999666238E7
661;63 <= -36;0.0;3.999665181E7
662;63 <= -36;0.0;3.999661288E7
663;63 <= -36;0.0;3.999663943E7
664;63 <= -36;0.0;3.999662965E7
665;63 <= -35;0.0;3.999665185E7
666;63 <= -35;0.0;3.999666599E7
667;63 <= -35;0.0;3.999653608E7
668;63 <= -35;0.0;3.999664983E7
669;63 <= -35;0.0;3.999661722E7
670;63 <= -35;0.0;3.999663656E7
671;63 <= -35;0.0;3.99966167E7
672;63 <= -35;0.0;3.999660746E7
673;63 <= -35;0.0;3.999668674E7
674;63 <= -35;0.0;3.999664871E7
675;63 <= -34;0.0;3.999665579E7
676;63 <= -34;0.0;3.999656695E7
677;63 <= -34;0.0;3.999663994E7
678;63 <= -34;0.0;3.999663461E7
679;63 <= -34;0.0;3.999670293E7
680;63 <= -34;0.0;3.999659293E7
681;63 <= -34;0.0;3.999663417E7
682;63 <= -34;0.0;3.999656879E7
683;63 <= -34;0.0;3.999663688E7
684;63 <= -34;0.0;3.999658442E7
685;63 <= -33;0.0;3.99965961E7
686;63 <= -33;0.0;3.999654123E7
687;63 <= -33;0.0;3.999659645E7
688;63 <= -33;0.0;3.999658076E7
689;63 <= -33;0.0;3.99966236E7
690;63 <= -33;0.0;3.999657784E7
691;63 <= -33;0.0;3.999656602E7
692;63 <= -33;0.0;3.999666764E7
693;63 <= -33;0.0;3.999663697E7
694;63 <= -33;0.0;3.999658856E7
695;63 <= -32;0.0;3.999659172E7
696;63 <= -32;0.0;3.999658056E7
697;63 <= -32;0.0;3.999658054E7
698;63 <= -32;0.0;3.999627658E7
699;63 <= -32;0.0;3.999650219E7
700;63 <= -32;0.0;3.999660768E7
701;63 <= -32;0.0;3.999667551E7
702;63 <= -32;0.0;3.99965814E7
703;63 <= -32;0.0;3.9996641E7
704;63 <= -32;0.0;3.999653218E7
705;63 <= -31;0.0;3.999659741E7
706;63 <= -31;0.0;3.999659757E7
707;63 <= -31;0.0;3.999658535E7
708;63 <= -31;0.0;3.999664049E7
709;63 <= -31;0.0;3.999656615E7
710;63 <= -31;0.0;3.999657064E7
711;63 <= -31;0.0;3.999656744E7
712;63 <= -31;0.0;3.999661034E7
713;63 <= -31;0.0;3.999660141E7
714;63 <= -31;0.0;3.999660116E7
715;63 <= -30;0.0;3.999669099E7
716;63 <= -30;0.0;3.999653446E7
717;63 <= -30;0.0;3.999668746E7
718;63 <= -30;0.0;3.999654687E7
719;63 <= -30;0.0;3.999659671E7
720;63 <= -30;0.0;3.999658813E7
721;63 <= -30;0.0;3.999661472E7
722;63 <= -30;0.0;3.999663146E7
723;63 <= -30;0.0;3.999654406E7
724;63 <= -30;0.0;3.999661334E7
725;63 <= -29;0.0;3.999653599E7
726;63 <= -29;0.0;3.999655893E7
727;63 <= -29;0.0;3.99965455E7
728;63 <= -29;0.0;3.999654757E7
729;63 <= -29;0.0;3.999663399E7
730;63 <= -29;0.0;3.999651304E7
731;63 <= -29;0.0;3.999659654E7
732;63 <= -29;0.0;3.999653098E7
733;63 <= -29;0.0;3.999659365E7
734;63 <= -29;0.0;3.999658792E7
735;63 <= -28;0.0;3.999656924E7
736;63 <= -28;0.0;3.999655834E7
737;63 <= -28;0.0;3.999657332E7
738;63 <= -28;0.0;3.999646944E7
739;63 <= -28;0.0;3.99964367E7
740;63 <= -28;0.0;3.999655656E7
741;63 <= -28;0.0;3.999658077E7
742;63 <= -28;0.0;3.999661474E7
743;63 <= -28;0.0;3.999649209E7
744;63 <= -28;0.0;3.999648374E7
745;63 <= -27;0.0;3.99965511E7
746;63 <= -27;0.0;3.999658213E7
747;63 <= -27;0.0;3.999655748E7
748;63 <= -27;0.0;3.999660209E7
749;63 <= -27;0.0;3.999657775E7
750;63 <= -27;0.0;3.999655775E7
751;63 <= -27;0.0;3.999655596E7
752;63 <= -27;0.0;3.999649418E7
753;63 <= -27;0.0;3.999649944E7
754;63 <= -27;0.0;3.999659523E7
755;63 <= -26;0.0;3.999658291E7
756;63 <= -26;0.0;3.999656952E7
757;63 <= -26;0.0;3.999662669E7
758;63 <= -26;0.0;3.999653212E7
759;63 <= -26;0.0;3.999659428E7
760;63 <= -26;0.0;3.999652362E7
761;63 <= -26;0.0;3.999652455E7
762;63 <= -26;0.0;3.99964931E7
763;63 <= -26;0.0;3.999650284E7
764;63 <= -26;0.0;3.999651787E7
765;63 <= -25;0.0;3.99965251E7
766;63 <= -25;0.0;3.999649099E7
767;63 <= -25;0.0;3.999657601E7
768;63 <= -25;0.0;3.999653917E7
769;63 <= -25;0.0;3.999648274E7
770;63 <= -25;0.0;3.999656803E7
771;63 <= -25;0.0;3.999650563E7
772;63 <= -25;0.0;3.999652093E7
773;63 <= -25;0.0;3.999648853E7
774;63 <= -25;0.0;3.999652505E7
775;63 <= -24;0.0;3.999651081E7
776;63 <= -24;0.0;3.999655007E7
777;63 <= -24;0.0;3.999653754E7
778;63 <= -24;0.0;3.999657363E7
779;63 <= -24;0.0;3.999650753E7
780;63 <= -24;0.0;3.999648885E7
781;63 <= -24;0.0;3.999647282E7
782;63 <= -24;0.0;3.999647479E7
783;63 <= -24;0.0;3.999656075E7
784;63 <= -24;0.0;3.999649871E7
785;63 <= -23;0.0;3.999644688E7
786;63 <= -23;0.0;3.999649262E7
787;63 <= -23;0.0;3.999653969E7
788;63 <= -23;0.0;3.999641625E7
789;63 <= -23;0.0;3.999658237E7
790;63 <= -23;0.0;3.999654309E7
791;63 <= -23;0.0;3.99965308E7
792;63 <= -23;0.0;3.999654218E7
793;63 <= -23;0.0;3.999651752E7
794;63 <= -23;0.0;3.999643094E7
795;63 <= -22;0.0;3.999645712E7
796;63 <= -22;0.0;3.999653714E7
797;63 <= -22;0.0;3.999658471E7
798;63 <= -22;0.0;3.999652805E7
799;63 <= -22;0.0;3.9996535E7
800;63 <= -22;0.0;3.999647815E7
801;63 <= -22;0.0;3.999651682E7
802;63 <= -22;0.0;3.999647486E7
803;63 <= -22;0.0;3.999650027E7
804;63 <= -22;0.0;3.999649245E7
805;63 <= -21;0.0;3.999649119E7
806;63 <= -21;0.0;3.999653803E7
807;63 <= -21;0.0;3.999648061E7
808;63 <= -21;0.0;3.999659214E7
809;63 <= -21;0.0;3.999647692E7
810;63 <= -21;0.0;3.999646777E7
811;63 <= -21;0.0;3.999647623E7
812;63 <= -21;0.0;3.999650251E7
813;63 <= -21;0.0;3.999650714E7
814;63 <= -21;0.0;3.999654512E7
815;63 <= -20;0.0;3.999650076E7
816;63 <= -20;0.0;3.999652464E7
817;63 <= -20;0.0;3.99965378E7
818;63 <= -20;0.0;3.999646067E7
819;63 <= -20;0.0;3.999638635E7
820;63 <= -20;0.0;3.999647624E7
821;63 <= -20;0.0;3.999645595E7
822;63 <= -20;0.0;3.999646578E7
823;63 <= -20;0.0;3.999651631E7
824;63 <= -20;0.0;3.999649582E7
825;63 <= -19;0.0;3.999648133E7
826;63 <= -19;0.0;3.99965208E7
827;63 <= -19;0.0;3.999632554E7
828;63 <= -19;0.0;3.999644584E7
829;63 <= -19;0.0;3.999649511E7
830;63 <= -19;0.0;3.999646457E7
831;63 <= -19;0.0;3.999646024E7
832;63 <= -19;0.0;3.999640214E7
833;63 <= -19;0.0;3.999662647E7
834;63 <= -19;0.0;3.999643907E7
835;63 <= -18;0.0;3.999649767E7
836;63 <= -18;0.0;3.999646109E7
837;63 <= -18;0.0;3.999642475E7
838;63 <= -18;0.0;3.999648044E7
839;63 <= -18;0.0;3.999647247E7
840;63 <= -18;0.0;3.999647469E7
841;63 <= -18;0.0;3.9996407E7
842;63 <= -18;0.0;3.999650437E7
843;63 <= -18;0.0;3.99964842E7
844;63 <= -18;0.0;3.99963033E7
845;63 <= -17;0.0;3.999645216E7
846;63 <= -17;0.0;3.999645578E7
847;63 <= -17;0.0;3.999647961E7
848;63 <= -17;0.0;3.999635813E7
849;63 <= -17;0.0;3.999644656E7
850;63 <= -17;0.0;3.999644849E7
851;63 <= -17;0.0;3.999640029E7
852;63 <= -17;0.0;3.999646417E7
853;63 <= -17;0.0;3.999643839E7
854;63 <= -17;0.0;3.999644091E7
855;63 <= -16;0.0;3.999642213E7
856;63 <= -16;0.0;3.999645768E7
857;63 <= -16;0.0;3.999647208E7
858;63 <= -16;0.0;3.999644602E7
859;63 <= -16;0.0;3.999645245E7
860;63 <= -16;0.0;3.999643579E7
861;63 <= -16;0.0;3.999653739E7
862;63 <= -16;0.0;3.999642345E7
863;63 <= -16;0.0;3.99964941E7
864;63 <= -16;0.0;3.999646198E7
865;63 <= -15;0.0;3.999642474E7
866;63 <= -15;0.0;3.999645176E7
867;63 <= -15;0.0;3.999647116E7
868;63 <= -15;0.0;3.999647772E7
869;63 <= -15;0.0;3.999648542E7
870;63 <= -15;0.0;3.999648608E7
871;63 <= -15;0.0;3.99964451E7
872;63 <= -15;0.0;3.999641544E7
873;63 <= -15;0.0;3.999648717E7
874;63 <= -15;0.0;3.999647532E7
875;63 <= -14;0.0;3.999641031E7
876;63 <= -14;0.0;3.999627158E7
877;63 <= -14;0.0;3.999640232E7
878;63 <= -14;0.0;3.999640467E7
879;63 <= -14;0.0;3.999644851E7
880;63 <= -14;0.0;3.999640904E7
881;63 <= -14;0.0;3.99964334E7
882;63 <= -14;0.0;3.999639863E7
883;63 <= -14;0.0;3.999648392E7
884;63 <= -14;0.0;3.999633922E7
885;63 <= -13;0.0;3.999642831E7
886;63 <= -13;0.0;3.999641707E7
887;63 <= -13;0.0;3.999654135E7
888;63 <= -13;0.0;3.999635037E7
889;63 <= -13;0.0;3.999641404E7
890;63 <= -13;0.0;3.999645884E7
891;63 <= -13;0.0;3.999635522E7
892;63 <= -13;0.0;3.999645804E7
893;63 <= -13;0.0;3.999641836E7
894;63 <= -13;0.0;3.999641663E7
895;63 <= -12;0.0;3.99963824E7
896;63 <= -12;0.0;3.999640156E7
897;63 <= -12;0.0;3.999640811E7
898;63 <= -12;0.0;3.999640333E7
899;63 <= -12;0.0;3.999643767E7
900;63 <= -12;0.0;3.999633483E7
901;63 <= -12;0.0;3.999636815E7
902;63 <= -12;0.0;3.99964057E7
903;63 <= -12;0.0;3.999634897E7
904;63 <= -12;0.0;3.999666107E7
905;63 <= -11;0.0;3.999529755E7
906;63 <= -11;0.0;3.999568546E7
907;63 <= -11;0.0;3.999643128E7
908;63 <= -11;0.0;3.996195828E7
909;63 <= -11;0.0;3.997659039E7
910;63 <= -11;0.0;3.999442002E7
911;63 <= -11;0.0;3.996482214E7
912;63 <= -11;0.0;4.182609231E7
913;63 <= -11;0.0;3.996828063E7
914;63 <= -11;0.0;3.998614769E7
915;63 <= -10;0.0;3.996411242E7
916;63 <= -10;0.0;3.997538644E7
917;63 <= -10;0.0;3.998581539E7
918;63 <= -10;0.0;3.996447846E7
919;63 <= -10;0.0;3.996479599E7
920;63 <= -10;0.0;3.998692955E7
921;63 <= -10;0.0;3.999827665E7
922;63 <= -10;0.0;4.407455721E7
923;63 <= -10;0.0;3.999599697E7
924;63 <= -10;0.0;3.999620069E7
925;63 <= -9;0.0;3.999618814E7
926;63 <= -9;0.0;4.031610513E7
927;63 <= -9;0.0;3.999605974E7
928;63 <= -9;0.0;4.000006021E7
929;63 <= -9;0.0;3.999624838E7
930;63 <= -9;0.0;3.999606547E7
931;63 <= -9;0.0;4.003604933E7
932;63 <= -9;0.0;3.999619799E7
933;63 <= -9;0.0;3.999619524E7
934;63 <= -9;0.0;3.999601955E7
935;63 <= -8;0.0;3.999597142E7
936;63 <= -8;0.0;3.999617294E7
937;63 <= -8;0.0;3.999616712E7
938;63 <= -8;0.0;3.999616109E7
939;63 <= -8;0.0;3.999618934E7
940;63 <= -8;0.0;4.171607213E7
941;63 <= -8;0.0;3.999620738E7
942;63 <= -8;0.0;3.999618057E7
943;63 <= -8;0.0;3.999612981E7
944;63 <= -8;0.0;3.999616561E7
945;63 <= -7;0.22;4.047616857E7
946;63 <= -7;0.0;3.999613495E7
947;63 <= -7;0.0;3.999635649E7
948;63 <= -7;0.0;3.999012283E7
949;63 <= -7;0.0;3.999578285E7
950;63 <= -7;0.0;3.996293428E7
951;63 <= -7;0.0;3.999629092E7
952;63 <= -7;0.0;4.015635591E7
953;63 <= -7;0.0;3.999594856E7
954;63 <= -7;0.0;4.023621747E7
955;63 <= -6;0.0;3.999623756E7
956;63 <= -6;0.0;3.999604865E7
957;63 <= -6;0.0;3.999625161E7
958;63 <= -6;0.0;3.999616556E7
959;63 <= -6;0.0;3.999615962E7
960;63 <= -6;0.0;3.999628285E7
961;63 <= -6;0.0;3.999623912E7
962;63 <= -6;0.0;3.999619747E7
963;63 <= -6;0.0;3.999611717E7
964;63 <= -6;0.0;3.999637917E7
965;63 <= -5;0.0;3.99962216E7
966;63 <= -5;0.0;3.999613912E7
967;63 <= -5;0.0;3.999631078E7
968;63 <= -5;0.0;4.031617182E7
969;63 <= -5;0.0;3.999622637E7
970;63 <= -5;0.0;3.999620869E7
971;63 <= -5;0.0;3.99962919E7
972;63 <= -5;0.0;3.999626239E7
973;63 <= -5;0.0;3.999629494E7
974;63 <= -5;0.0;3.999632688E7
975;63 <= -4;0.0;3.999623347E7
976;63 <= -4;0.0;3.99963278E7
977;63 <= -4;0.0;4.039629544E7
978;63 <= -4;0.0;3.999630215E7
979;63 <= -4;0.0;3.999624074E7
980;63 <= -4;0.0;3.999631597E7
981;63 <= -4;0.0;3.999619613E7
982;63 <= -4;0.0;4.015633155E7
983;63 <= -4;0.0;3.999641424E7
984;63 <= -4;0.0;3.999616572E7
985;63 <= -3;0.0;3.999624117E7
986;63 <= -3;0.0;3.999627225E7
987;63 <= -3;0.0;3.999624551E7
988;63 <= -3;0.0;3.999624312E7
989;63 <= -3;0.0;3.99963106E7
990;63 <= -3;0.0;3.999632273E7
991;63 <= -3;0.0;3.999628301E7
992;63 <= -3;0.0;3.999617971E7
993;63 <= -3;0.0;3.999642787E7
994;63 <= -3;0.0;3.999633391E7
995;63 <= -2;0.0;3.999627789E7
996;63 <= -2;0.0;3.99961807E7
997;63 <= -2;0.0;3.999626748E7
998;63 <= -2;0.0;3.999630749E7
999;63 <= -2;0.0;3.999631089E7
1000;63 <= -2;0.0;3.999624742E7
1001;63 <= -2;0.0;3.999625561E7
1002;63 <= -2;0.0;3.9996366E7
1003;63 <= -2;0.0;3.999638012E7
1004;63 <= -2;0.0;4.023618149E7
1005;63 <= -1;0.0;3.999614686E7
1006;63 <= -1;0.0;3.999627157E7
1007;63 <= -1;0.0;3.999634943E7
1008;63 <= -1;0.0;3.999629319E7
1009;63 <= -1;0.0;3.999623888E7
1010;63 <= -1;0.0;3.999627374E7
1011;63 <= -1;0.0;3.99963286E7
1012;63 <= -1;0.0;3.999636064E7
1013;63 <= -1;0.0;3.999625028E7
1014;63 <= -1;0.0;3.999627597E7
1015;63 <= -;0.0;3.999596087E7
1016;63 <= -;0.0;3.999632238E7
1017;63 <= -;0.0;3.999623411E7
1018;63 <= -;0.0;3.999621103E7
1019;63 <= -;0.0;3.99961428E7
1020;63 <= -;0.0;3.999625596E7
1021;63 <= -;0.0;3.999629558E7
1022;63 <= -;0.0;3.999634915E7
1023;63 <= -;0.0;3.999625915E7
1024;63 <= ;0.0;3.999639326E7
1025;63 <= ;0.0;4.023630402E7
1026;63 <= ;0.0;3.999627282E7
1027;63 <= ;0.0;3.999627685E7
1028;63 <= ;0.0;3.999640353E7
1029;63 <= ;0.0;3.999615121E7
1030;63 <= ;0.0;3.999630572E7
1031;63 <= ;0.0;4.039627719E7
1032;63 <= ;0.0;3.999627022E7
1033;63 <= ;0.0;3.999628702E7
1034;63 <= 1;0.0;3.999625929E7
1035;63 <= 1;0.0;3.999631915E7
1036;63 <= 1;0.0;3.999621311E7
1037;63 <= 1;0.0;3.999605915E7
1038;63 <= 1;0.0;3.999624202E7
1039;63 <= 1;0.0;4.011624267E7
1040;63 <= 1;0.0;3.99960962E7
1041;63 <= 1;0.0;3.999617015E7
1042;63 <= 1;0.0;3.999607158E7
1043;63 <= 1;0.0;3.999613054E7
1044;63 <= 2;0.0;3.999614261E7
1045;63 <= 2;0.0;3.999610119E7
1046;63 <= 2;0.0;3.999625706E7
1047;63 <= 2;0.0;3.999617164E7
1048;63 <= 2;0.0;3.999611136E7
1049;63 <= 2;0.0;3.99961713E7
1050;63 <= 2;0.0;3.999614158E7
1051;63 <= 2;0.0;3.999617221E7
1052;63 <= 2;0.0;3.999610549E7
1053;63 <= 2;0.0;3.999622037E7
1054;63 <= 3;0.0;3.999615823E7
1055;63 <= 3;0.0;3.999621518E7
1056;63 <= 3;0.0;3.999617901E7
1057;63 <= 3;0.0;3.999617032E7
1058;63 <= 3;0.0;4.035617247E7
1059;63 <= 3;0.0;3.999626981E7
1060;63 <= 3;0.0;3.999623568E7
1061;63 <= 3;0.0;3.999624437E7
1062;63 <= 3;0.0;3.99961235E7
1063;63 <= 3;0.0;3.999619686E7
1064;63 <= 4;0.0;3.999628073E7
1065;63 <= 4;0.0;3.99962431E7
1066;63 <= 4;0.0;3.999620297E7
1067;63 <= 4;0.0;3.999615525E7
1068;63 <= 4;0.0;3.999620678E7
1069;63 <= 4;0.0;3.999638962E7
1070;63 <= 4;0.0;3.999623448E7
1071;63 <= 4;0.0;3.999626011E7
1072;63 <= 4;0.0;3.999624182E7
1073;63 <= 4;0.0;3.999627341E7
1074;63 <= 5;0.0;3.999624481E7
1075;63 <= 5;0.0;3.999614791E7
1076;63 <= 5;0.0;3.99962332E7
1077;63 <= 5;0.0;3.999613004E7
1078;63 <= 5;0.0;3.999615386E7
1079;63 <= 5;0.0;3.999609404E7
1080;63 <= 5;0.0;3.999622735E7
1081;63 <= 5;0.0;4.011620549E7
1082;63 <= 5;0.0;3.999617622E7
1083;63 <= 5;0.0;3.999615194E7
1084;63 <= 6;0.0;3.999615125E7
1085;63 <= 6;0.0;3.999611253E7
1086;63 <= 6;0.0;3.999589047E7
1087;63 <= 6;0.0;3.999614511E7
1088;63 <= 6;0.0;3.999609588E7
1089;63 <= 6;0.0;3.999624571E7
1090;63 <= 6;0.0;3.999612153E7
1091;63 <= 6;0.0;3.999614181E7
1092;63 <= 6;0.0;3.999613255E7
1093;63 <= 6;0.0;3.999620439E7
1094;63 <= 7;0.0;3.999610008E7
1095;63 <= 7;0.0;3.999608273E7
1096;63 <= 7;0.0;3.999619905E7
1097;63 <= 7;0.0;3.999611642E7
1098;63 <= 7;0.0;3.999615311E7
1099;63 <= 7;0.0;3.999622387E7
1100;63 <= 7;0.0;3.999614646E7
1101;63 <= 7;0.0;3.999613804E7
1102;63 <= 7;0.0;3.999615366E7
1103;63 <= 7;0.0;3.999614077E7
1104;63 <= 8;0.0;3.999611348E7
1105;63 <= 8;0.0;3.999599789E7
1106;63 <= 8;0.0;3.999626606E7
1107;63 <= 8;0.0;3.999618921E7
1108;63 <= 8;0.0;3.999612356E7
1109;63 <= 8;0.0;3.999615428E7
1110;63 <= 8;0.0;3.999616567E7
1111;63 <= 8;0.0;3.999609777E7
1112;63 <= 8;0.0;3.999613772E7
1113;63 <= 8;0.0;4.055604084E7
1114;63 <= 9;0.0;3.99960879E7
1115;63 <= 9;0.0;3.999616943E7
1116;63 <= 9;0.0;3.999604037E7
1117;63 <= 9;0.0;3.999606111E7
1118;63 <= 9;0.0;3.999616458E7
1119;63 <= 9;0.0;3.999613261E7
1120;63 <= 9;0.0;3.999613964E7
1121;63 <= 9;0.0;3.999605485E7
1122;63 <= 9;0.0;3.999610869E7
1123;63 <= 9;0.0;3.999606761E7
1124;63 <= 10;0.0;3.999616781E7
1125;63 <= 10;0.0;3.999601601E7
1126;63 <= 10;0.0;3.999612671E7
1127;63 <= 10;0.0;3.999605921E7
1128;63 <= 10;0.0;3.999612477E7
1129;63 <= 10;0.0;3.9996122E7
1130;63 <= 10;0.0;3.99960761E7
1131;63 <= 10;0.0;3.999615045E7
1132;63 <= 10;0.0;3.999622388E7
1133;63 <= 10;0.0;3.999607565E7
1134;63 <= 11;0.0;3.999603773E7
1135;63 <= 11;0.0;3.999610926E7
1136;63 <= 11;0.0;3.999618635E7
1137;63 <= 11;0.0;3.999605459E7
1138;63 <= 11;0.0;3.999603516E7
1139;63 <= 11;0.0;3.999610599E7
1140;63 <= 11;0.0;4.019609296E7
1141;63 <= 11;0.0;3.999622216E7
1142;63 <= 11;0.0;3.999632356E7
1143;63 <= 11;0.0;3.999615916E7
1144;63 <= 12;0.0;3.99961241E7
1145;63 <= 12;0.0;3.999616188E7
1146;63 <= 12;0.0;3.999621353E7
1147;63 <= 12;0.0;3.999611698E7
1148;63 <= 12;0.0;3.999612421E7
1149;63 <= 12;0.0;3.999613352E7
1150;63 <= 12;0.0;3.999616522E7
1151;63 <= 12;0.0;3.999615072E7
1152;63 <= 12;0.0;4.01961035E7
1153;63 <= 12;0.0;3.999608486E7
1154;63 <= 13;0.0;3.999604748E7
1155;63 <= 13;0.0;3.999610325E7
1156;63 <= 13;0.0;3.999609973E7
1157;63 <= 13;0.0;3.999605045E7
1158;63 <= 13;0.0;3.999606549E7
1159;63 <= 13;0.0;3.999602681E7
1160;63 <= 13;0.0;3.999601421E7
1161;63 <= 13;0.0;3.999601678E7
1162;63 <= 13;0.0;3.999610687E7
1163;63 <= 13;0.0;3.999616643E7
1164;63 <= 14;0.0;3.99960437E7
1165;63 <= 14;0.0;3.999597969E7
1166;63 <= 14;0.0;4.023625354E7
1167;63 <= 14;0.0;3.999608885E7
1168;63 <= 14;0.0;3.99959086E7
1169;63 <= 14;0.0;3.999606949E7
1170;63 <= 14;0.0;3.999621279E7
1171;63 <= 14;0.0;3.99961629E7
1172;63 <= 14;0.0;3.999603801E7
1173;63 <= 14;0.0;3.999605379E7
1174;63 <= 15;0.0;3.999597085E7
1175;63 <= 15;0.0;3.99961545E7
1176;63 <= 15;0.0;3.999593491E7
1177;63 <= 15;0.0;3.999608857E7
1178;63 <= 15;0.0;3.999611603E7
1179;63 <= 15;0.0;3.999614343E7
1180;63 <= 15;0.0;3.999607012E7
1181;63 <= 15;0.0;3.999611006E7
1182;63 <= 15;0.0;3.999613039E7
1183;63 <= 15;0.0;3.999595701E7
1184;63 <= 16;0.0;3.999601186E7
1185;63 <= 16;0.0;3.999612323E7
1186;63 <= 16;0.0;3.999605866E7
1187;63 <= 16;0.0;3.999605336E7
1188;63 <= 16;0.0;3.999604628E7
1189;63 <= 16;0.0;3.999602486E7
1190;63 <= 16;0.0;3.999602352E7
1191;63 <= 16;0.0;3.999619912E7
1192;63 <= 16;0.0;3.99960545E7
1193;63 <= 16;0.0;3.999594342E7
1194;63 <= 17;0.0;4.015613775E7
1195;63 <= 17;0.0;3.99959614E7
1196;63 <= 17;0.0;3.999599436E7
1197;63 <= 17;0.0;3.999604563E7
1198;63 <= 17;0.0;3.999595181E7
1199;63 <= 17;0.0;3.99961041E7
1200;63 <= 17;0.0;3.999598308E7
1201;63 <= 17;0.0;3.999604738E7
1202;63 <= 17;0.0;3.999597896E7
1203;63 <= 17;0.0;3.999606804E7
1204;63 <= 18;0.0;3.999592476E7
1205;63 <= 18;0.0;3.999614897E7
1206;63 <= 18;0.0;3.99960558E7
1207;63 <= 18;0.0;3.999612562E7
1208;63 <= 18;0.0;3.999602348E7
1209;63 <= 18;0.0;3.999599604E7
1210;63 <= 18;0.0;3.999605381E7
1211;63 <= 18;0.0;3.999615988E7
1212;63 <= 18;0.0;3.999598182E7
1213;63 <= 18;0.0;3.999609615E7
1214;63 <= 19;0.0;3.999597733E7
1215;63 <= 19;0.0;3.999596557E7
1216;63 <= 19;0.0;3.999615472E7
1217;63 <= 19;0.0;3.999602584E7
1218;63 <= 19;0.0;3.999605407E7
1219;63 <= 19;0.0;3.999597379E7
1220;63 <= 19;0.0;3.999596449E7
1221;63 <= 19;0.0;3.999585667E7
1222;63 <= 19;0.0;4.015607332E7
1223;63 <= 19;0.0;3.99960629E7
1224;63 <= 20;0.0;3.999603717E7
1225;63 <= 20;0.0;3.999610574E7
1226;63 <= 20;0.0;3.999608195E7
1227;63 <= 20;0.0;3.999602617E7
1228;63 <= 20;0.0;3.999603147E7
1229;63 <= 20;0.0;3.999604918E7
1230;63 <= 20;0.0;3.999605811E7
1231;63 <= 20;0.0;3.999609439E7
1232;63 <= 20;0.0;3.999616159E7
1233;63 <= 20;0.0;3.999602774E7
1234;63 <= 21;0.0;3.99960116E7
1235;63 <= 21;0.0;3.999612028E7
1236;63 <= 21;0.0;3.999609292E7
1237;63 <= 21;0.0;3.999598812E7
1238;63 <= 21;0.0;3.999600681E7
1239;63 <= 21;0.0;3.999603637E7
1240;63 <= 21;0.0;3.99960066E7
1241;63 <= 21;0.0;3.999610891E7
1242;63 <= 21;0.0;3.999606474E7
1243;63 <= 21;0.0;3.999608025E7
1244;63 <= 22;0.0;3.999604157E7
1245;63 <= 22;0.0;3.999603183E7
1246;63 <= 22;0.0;3.999592923E7
1247;63 <= 22;0.0;3.999603946E7
1248;63 <= 22;0.0;3.999608178E7
1249;63 <= 22;0.0;4.019611068E7
1250;63 <= 22;0.0;3.999591323E7
1251;63 <= 22;0.0;3.999597307E7
1252;63 <= 22;0.0;3.999592666E7
1253;63 <= 22;0.0;3.999614241E7
1254;63 <= 23;0.0;3.999592703E7
1255;63 <= 23;0.0;3.999583764E7
1256;63 <= 23;0.0;3.999611018E7
1257;63 <= 23;0.0;3.99961251E7
1258;63 <= 23;0.0;3.999596303E7
1259;63 <= 23;0.0;3.999591445E7
1260;63 <= 23;0.0;3.999601085E7
1261;63 <= 23;0.0;3.999591104E7
1262;63 <= 23;0.0;3.999583546E7
1263;63 <= 23;0.0;3.999609811E7
1264;63 <= 24;0.0;3.999601462E7
1265;63 <= 24;0.0;3.999592527E7
1266;63 <= 24;0.0;3.999589657E7
1267;63 <= 24;0.0;3.999597209E7
1268;63 <= 24;0.0;3.999586298E7
1269;63 <= 24;0.0;3.999583782E7
1270;63 <= 24;0.0;3.999607126E7
1271;63 <= 24;0.0;3.999583909E7
1272;63 <= 24;0.0;3.999592324E7
1273;63 <= 24;0.0;3.999591663E7
1274;63 <= 25;0.0;3.999610409E7
1275;63 <= 25;0.0;3.999590638E7
1276;63 <= 25;0.0;3.999591532E7
1277;63 <= 25;0.0;3.999606862E7
1278;63 <= 25;0.0;3.999589711E7
1279;63 <= 25;0.0;3.999580424E7
1280;63 <= 25;0.0;3.999587094E7
1281;63 <= 25;0.0;3.999607418E7
1282;63 <= 25;0.0;3.999596755E7
1283;63 <= 25;0.0;3.999577409E7
1284;63 <= 26;0.0;3.999602085E7
1285;63 <= 26;0.0;3.999598313E7
1286;63 <= 26;0.0;3.999582717E7
1287;63 <= 26;0.0;3.99958806E7
1288;63 <= 26;0.0;3.999598666E7
1289;63 <= 26;0.0;3.999591327E7
1290;63 <= 26;0.0;3.999576462E7
1291;63 <= 26;0.0;3.999614556E7
1292;63 <= 26;0.0;3.999591218E7
1293;63 <= 26;0.0;3.99959106E7
1294;63 <= 27;0.0;3.99959047E7
1295;63 <= 27;0.0;3.999601469E7
1296;63 <= 27;0.0;3.999588308E7
1297;63 <= 27;0.0;3.999587604E7
1298;63 <= 27;0.0;3.999604547E7
1299;63 <= 27;0.0;3.999586704E7
1300;63 <= 27;0.0;3.999589596E7
1301;63 <= 27;0.0;3.999588599E7
1302;63 <= 27;0.0;3.999585872E7
1303;63 <= 27;0.0;4.011589585E7
1304;63 <= 28;0.0;3.999598632E7
1305;63 <= 28;0.0;3.999602835E7
1306;63 <= 28;0.0;3.999596931E7
1307;63 <= 28;0.0;3.999597755E7
1308;63 <= 28;0.0;3.999589231E7
1309;63 <= 28;0.0;3.999593773E7
1310;63 <= 28;0.0;3.999590406E7
1311;63 <= 28;0.0;3.999591619E7
1312;63 <= 28;0.0;3.999598515E7
1313;63 <= 28;0.0;3.999604747E7
1314;63 <= 29;0.0;3.999596697E7
1315;63 <= 29;0.0;3.99959261E7
1316;63 <= 29;0.0;3.999612969E7
1317;63 <= 29;0.0;3.99959087E7
1318;63 <= 29;0.0;3.999594052E7
1319;63 <= 29;0.0;3.999595121E7
1320;63 <= 29;0.0;3.999575642E7
1321;63 <= 29;0.0;3.999591777E7
1322;63 <= 29;0.0;3.999592264E7
1323;63 <= 29;0.0;3.999597737E7
1324;63 <= 30;0.0;3.999596856E7
1325;63 <= 30;0.0;3.999590553E7
1326;63 <= 30;0.0;3.999594024E7
1327;63 <= 30;0.0;3.999585733E7
1328;63 <= 30;0.0;3.999595199E7
1329;63 <= 30;0.0;3.9995989E7
1330;63 <= 30;0.0;4.007594164E7
1331;63 <= 30;0.0;3.99959309E7
1332;63 <= 30;0.0;3.999606205E7
1333;63 <= 30;0.0;3.999589729E7
1334;63 <= 31;0.0;3.99959268E7
1335;63 <= 31;0.0;3.999600197E7
1336;63 <= 31;0.0;3.99959191E7
1337;63 <= 31;0.0;3.999592668E7
1338;63 <= 31;0.0;3.999591221E7
1339;63 <= 31;0.0;3.999590675E7
1340;63 <= 31;0.0;3.999603967E7
1341;63 <= 31;0.0;3.999599421E7
1342;63 <= 31;0.0;3.999596286E7
1343;63 <= 31;0.0;3.999595363E7
1344;63 <= 32;0.0;3.999577024E7
1345;63 <= 32;0.0;3.999595595E7
1346;63 <= 32;0.0;3.999588718E7
1347;63 <= 32;0.0;3.999592772E7
1348;63 <= 32;0.0;3.999594708E7
1349;63 <= 32;0.0;3.999595899E7
1350;63 <= 32;0.0;3.999593332E7
1351;63 <= 32;0.0;3.999583806E7
1352;63 <= 32;0.0;3.999574334E7
1353;63 <= 32;0.0;3.999590037E7
1354;63 <= 33;0.0;3.999600168E7
1355;63 <= 33;0.0;3.999593666E7
1356;63 <= 33;0.0;3.999580195E7
1357;63 <= 33;0.0;3.999607188E7
1358;63 <= 33;0.0;3.999598774E7
1359;63 <= 33;0.0;3.999590006E7
1360;63 <= 33;0.0;3.999594055E7
1361;63 <= 33;0.0;3.999593689E7
1362;63 <= 33;0.0;3.999589189E7
1363;63 <= 33;0.0;3.999593307E7
1364;63 <= 34;0.0;3.999587449E7
1365;63 <= 34;0.0;3.999599839E7
1366;63 <= 34;0.0;3.999598025E7
1367;63 <= 34;0.0;3.999592812E7
1368;63 <= 34;0.0;3.99959184E7
1369;63 <= 34;0.0;3.999592202E7
1370;63 <= 34;0.0;3.9996001E7
1371;63 <= 34;0.0;3.999588837E7
1372;63 <= 34;0.0;3.999575053E7
1373;63 <= 34;0.0;3.999598666E7
1374;63 <= 35;0.0;3.999588672E7
1375;63 <= 35;0.0;3.999582949E7
1376;63 <= 35;0.0;3.999589569E7
1377;63 <= 35;0.0;3.999580166E7
1378;63 <= 35;0.0;3.999585997E7
1379;63 <= 35;0.0;3.999588774E7
1380;63 <= 35;0.0;3.999589148E7
1381;63 <= 35;0.0;3.999588261E7
1382;63 <= 35;0.0;3.999582711E7
1383;63 <= 35;0.0;3.999586354E7
1384;63 <= 36;0.0;3.999591883E7
1385;63 <= 36;0.0;3.999584694E7
1386;63 <= 36;0.0;3.999588486E7
1387;63 <= 36;0.0;3.99958825E7
1388;63 <= 36;0.0;3.999589103E7
1389;63 <= 36;0.0;3.999593812E7
1390;63 <= 36;0.0;3.999586828E7
1391;63 <= 36;0.0;3.999593686E7
1392;63 <= 36;0.0;3.99959338E7
1393;63 <= 36;0.0;3.999591097E7
1394;63 <= 37;0.0;3.999589521E7
1395;63 <= 37;0.0;3.999582456E7
1396;63 <= 37;0.0;3.999563289E7
1397;63 <= 37;0.0;3.99958677E7
1398;63 <= 37;0.0;3.999591447E7
1399;63 <= 37;0.0;3.999581024E7
1400;63 <= 37;0.0;3.999578009E7
1401;63 <= 37;0.0;3.999586654E7
1402;63 <= 37;0.0;3.999579489E7
1403;63 <= 37;0.0;3.999567237E7
1404;63 <= 38;0.0;3.999588611E7
1405;63 <= 38;0.0;3.999584313E7
1406;63 <= 38;0.0;3.999635458E7
1407;63 <= 38;0.0;3.999565216E7
1408;63 <= 38;0.0;3.999586239E7
1409;63 <= 38;0.0;3.999587881E7
1410;63 <= 38;0.0;3.999580324E7
1411;63 <= 38;0.0;3.999586944E7
1412;63 <= 38;0.0;3.999581934E7
1413;63 <= 38;0.0;3.999588206E7
1414;63 <= 39;0.0;3.999585699E7
1415;63 <= 39;0.0;3.999570859E7
1416;63 <= 39;0.0;3.999594108E7
1417;63 <= 39;0.0;3.999573897E7
1418;63 <= 39;0.0;3.999562606E7
1419;63 <= 39;0.0;3.999577285E7
1420;63 <= 39;0.0;3.999591479E7
1421;63 <= 39;0.0;3.999570972E7
1422;63 <= 39;0.0;3.999583944E7
1423;63 <= 39;0.0;3.999591345E7
1424;63 <= 40;0.0;3.999579441E7
1425;63 <= 40;0.0;3.999589346E7
1426;63 <= 40;0.0;3.999578458E7
1427;63 <= 40;0.0;3.999578296E7
1428;63 <= 40;0.0;3.999590712E7
1429;63 <= 40;0.0;3.999581908E7
1430;63 <= 40;0.0;3.999578836E7
1431;63 <= 40;0.0;3.999581225E7
1432;63 <= 40;0.0;3.999589341E7
1433;63 <= 40;0.0;3.999587047E7
1434;63 <= 41;0.0;3.999577665E7
1435;63 <= 41;0.0;3.999583827E7
1436;63 <= 41;0.0;3.999582211E7
1437;63 <= 41;0.0;3.999573486E7
1438;63 <= 41;0.0;3.999578577E7
1439;63 <= 41;0.0;4.019580791E7
1440;63 <= 41;0.0;3.999582009E7
1441;63 <= 41;0.0;3.999587093E7
1442;63 <= 41;0.0;3.999580896E7
1443;63 <= 41;0.0;3.999565591E7
1444;63 <= 42;0.0;3.99957615E7
1445;63 <= 42;0.0;3.999580206E7
1446;63 <= 42;0.0;3.999570185E7
1447;63 <= 42;0.0;3.999572888E7
1448;63 <= 42;0.0;3.999543984E7
1449;63 <= 42;0.0;3.999589312E7
1450;63 <= 42;0.0;3.999577077E7
1451;63 <= 42;0.0;3.999569517E7
1452;63 <= 42;0.0;3.999581354E7
1453;63 <= 42;0.0;3.999581133E7
1454;63 <= 43;0.0;3.999577059E7
1455;63 <= 43;0.0;3.999589123E7
1456;63 <= 43;0.0;3.999582567E7
1457;63 <= 43;0.0;3.999580584E7
1458;63 <= 43;0.0;3.999572656E7
1459;63 <= 43;0.0;3.999580435E7
1460;63 <= 43;0.0;3.999576966E7
1461;63 <= 43;0.0;3.999572778E7
1462;63 <= 43;0.0;3.999560993E7
1463;63 <= 43;0.0;3.999581209E7
1464;63 <= 44;0.0;3.999571731E7
1465;63 <= 44;0.0;3.99957161E7
1466;63 <= 44;0.0;4.019583365E7
1467;63 <= 44;0.0;3.999581458E7
1468;63 <= 44;0.0;3.999584361E7
1469;63 <= 44;0.0;3.99958015E7
1470;63 <= 44;0.0;3.999580298E7
1471;63 <= 44;0.0;3.9995585E7
1472;63 <= 44;0.0;3.99958176E7
1473;63 <= 44;0.0;3.99957253E7
1474;63 <= 45;0.0;3.999582108E7
1475;63 <= 45;0.0;3.999570578E7
1476;63 <= 45;0.0;3.99958241E7
1477;63 <= 45;0.0;3.999583937E7
1478;63 <= 45;0.0;3.999580457E7
1479;63 <= 45;0.0;3.999578924E7
1480;63 <= 45;0.0;3.999584564E7
1481;63 <= 45;0.0;3.99957878E7
1482;63 <= 45;0.0;3.99958573E7
1483;63 <= 45;0.0;3.999580998E7
1484;63 <= 46;0.0;3.999574177E7
1485;63 <= 46;0.0;3.999575288E7
1486;63 <= 46;0.0;3.99958091E7
1487;63 <= 46;0.0;3.999583637E7
1488;63 <= 46;0.0;3.999574593E7
1489;63 <= 46;0.0;3.999583068E7
1490;63 <= 46;0.0;3.999574349E7
1491;63 <= 46;0.0;3.999591266E7
1492;63 <= 46;0.0;3.999577572E7
1493;63 <= 46;0.0;4.023573622E7
1494;63 <= 47;0.0;3.999580014E7
1495;63 <= 47;0.0;3.999578961E7
1496;63 <= 47;0.0;3.99955222E7
1497;63 <= 47;0.0;3.999579163E7
1498;63 <= 47;0.0;3.999578031E7
1499;63 <= 47;0.0;3.999579629E7
1500;63 <= 47;0.0;3.999573093E7
1501;63 <= 47;0.0;3.999576182E7
1502;63 <= 47;0.0;3.999577211E7
1503;63 <= 47;0.0;3.999571672E7
1504;63 <= 48;0.0;4.011588845E7
1505;63 <= 48;0.0;3.999580147E7
1506;63 <= 48;0.0;3.999567883E7
1507;63 <= 48;0.0;3.999567636E7
1508;63 <= 48;0.0;3.999580189E7
1509;63 <= 48;0.0;3.999566206E7
1510;63 <= 48;0.0;3.999569012E7
1511;63 <= 48;0.0;3.999574799E7
1512;63 <= 48;0.0;3.99956718E7
1513;63 <= 48;0.0;3.999568192E7
1514;63 <= 49;0.0;3.999573883E7
1515;63 <= 49;0.0;3.999576159E7
1516;63 <= 49;0.0;3.99957103E7
1517;63 <= 49;0.0;3.999571559E7
1518;63 <= 49;0.0;3.99957574E7
1519;63 <= 49;0.0;3.999575446E7
1520;63 <= 49;0.0;3.999573077E7
1521;63 <= 49;0.0;3.99767942E7
1522;63 <= 49;0.0;3.999572059E7
1523;63 <= 49;0.0;3.999585824E7
1524;63 <= 50;0.0;3.999569494E7
1525;63 <= 50;0.0;3.999568204E7
1526;63 <= 50;0.0;3.999567787E7
1527;63 <= 50;0.0;3.999572046E7
1528;63 <= 50;0.0;3.999564439E7
1529;63 <= 50;0.0;3.999563936E7
1530;63 <= 50;0.0;3.999571753E7
1531;63 <= 50;0.0;3.999566842E7
1532;63 <= 50;0.0;3.999568969E7
1533;63 <= 50;0.0;3.999568858E7
1534;63 <= 51;0.0;3.999572161E7
1535;63 <= 51;0.0;3.999577685E7
1536;63 <= 51;0.0;3.99957112E7
1537;63 <= 51;0.0;3.999569658E7
1538;63 <= 51;0.0;3.999566323E7
1539;63 <= 51;0.0;3.999565412E7
1540;63 <= 51;0.0;3.999580469E7
1541;63 <= 51;0.0;3.999572586E7
1542;63 <= 51;0.0;3.999569976E7
1543;63 <= 51;0.0;3.999577645E7
1544;63 <= 52;0.0;3.999567156E7
1545;63 <= 52;0.0;3.999567395E7
1546;63 <= 52;0.0;3.999576229E7
1547;63 <= 52;0.0;3.999554486E7
1548;63 <= 52;0.0;3.999570009E7
1549;63 <= 52;0.0;3.999563514E7
1550;63 <= 52;0.0;3.999570156E7
1551;63 <= 52;0.0;3.999564473E7
1552;63 <= 52;0.0;3.9995616E7
1553;63 <= 52;0.0;3.99957011E7
1554;63 <= 53;0.0;3.999565841E7
1555;63 <= 53;0.0;3.999562541E7
1556;63 <= 53;0.0;3.999551979E7
1557;63 <= 53;0.0;3.9995762E7
1558;63 <= 53;0.0;3.999564394E7
1559;63 <= 53;0.0;3.999569596E7
1560;63 <= 53;0.0;3.999566203E7
1561;63 <= 53;0.0;3.999573026E7
1562;63 <= 53;0.0;3.999595235E7
1563;63 <= 53;0.0;3.999566129E7
1564;63 <= 54;0.0;3.999574373E7
1565;63 <= 54;0.0;3.99956321E7
1566;63 <= 54;0.0;3.999559913E7
1567;63 <= 54;0.0;3.999570908E7
1568;63 <= 54;0.0;3.999558947E7
1569;63 <= 54;0.0;3.99955786E7
1570;63 <= 54;0.0;3.999558224E7
1571;63 <= 54;0.0;3.999568168E7
1572;63 <= 54;0.0;3.999559898E7
1573;63 <= 54;0.0;3.999559221E7
1574;63 <= 55;0.0;3.999565507E7
1575;63 <= 55;0.0;4.019549445E7
1576;63 <= 55;0.0;3.999571819E7
1577;63 <= 55;0.0;3.999550422E7
1578;63 <= 55;0.0;3.999572205E7
1579;63 <= 55;0.0;3.999566352E7
1580;63 <= 55;0.0;3.999574084E7
1581;63 <= 55;0.0;3.999571272E7
1582;63 <= 55;0.0;3.999577054E7
1583;63 <= 55;0.0;3.999570148E7
1584;63 <= 56;0.0;3.999564895E7
1585;63 <= 56;0.0;3.999570177E7
1586;63 <= 56;0.0;3.999567435E7
1587;63 <= 56;0.0;3.999563819E7
1588;63 <= 56;0.0;3.999561639E7
1589;63 <= 56;0.0;3.999573413E7
1590;63 <= 56;0.0;3.999571124E7
1591;63 <= 56;0.0;3.999572804E7
1592;63 <= 56;0.0;3.999563794E7
1593;63 <= 56;0.0;3.999567128E7
1594;63 <= 57;0.0;3.999551034E7
1595;63 <= 57;0.0;3.999558193E7
1596;63 <= 57;0.0;3.999561466E7
1597;63 <= 57;0.0;3.999575828E7
1598;63 <= 57;0.0;3.999567237E7
1599;63 <= 57;0.0;3.999569157E7
1600;63 <= 57;0.0;3.999551988E7
1601;63 <= 57;0.0;3.999572824E7
1602;63 <= 57;0.0;4.027568006E7
1603;63 <= 57;0.0;3.999567576E7
1604;63 <= 58;0.0;3.999561252E7
1605;63 <= 58;0.0;3.999564587E7
1606;63 <= 58;0.0;3.999565907E7
1607;63 <= 58;0.0;3.999573034E7
1608;63 <= 58;0.0;3.999553063E7
1609;63 <= 58;0.0;3.999550367E7
1610;63 <= 58;0.0;3.999566595E7
1611;63 <= 58;0.0;3.999564037E7
1612;63 <= 58;0.0;3.999557779E7
1613;63 <= 58;0.0;3.999539744E7
1614;63 <= 59;0.0;3.999557709E7
1615;63 <= 59;0.0;3.999547856E7
1616;63 <= 59;0.0;3.999571326E7
1617;63 <= 59;0.0;3.999550153E7
1618;63 <= 59;0.0;3.999557182E7
1619;63 <= 59;0.0;3.999548459E7
1620;63 <= 59;0.0;3.999556208E7
1621;63 <= 59;0.0;3.999560866E7
1622;63 <= 59;0.0;3.999557105E7
1623;63 <= 59;0.0;3.999560127E7
1624;63 <= 60;0.0;3.99956087E7
1625;63 <= 60;0.0;3.999544353E7
1626;63 <= 60;0.0;3.999566655E7
1627;63 <= 60;0.0;3.999556955E7
1628;63 <= 60;0.0;3.999553949E7
1629;63 <= 60;0.0;4.019559948E7
1630;63 <= 60;0.0;3.999559445E7
1631;63 <= 60;0.0;3.99955623E7
1632;63 <= 60;0.0;3.999560262E7
1633;63 <= 60;0.0;3.999552026E7
1634;63 <= 61;0.0;3.999567139E7
1635;63 <= 61;0.0;3.999557513E7
1636;63 <= 61;0.0;3.99955521E7
1637;63 <= 61;0.0;3.999561456E7
1638;63 <= 61;0.0;3.999560455E7
1639;63 <= 61;0.0;3.999566479E7
1640;63 <= 61;0.0;3.999565561E7
1641;63 <= 61;0.0;3.999556241E7
1642;63 <= 61;0.0;3.999562702E7
1643;63 <= 61;0.0;3.999562443E7
1644;63 <= 62;0.0;3.999559646E7
1645;63 <= 62;0.0;3.999564148E7
1646;63 <= 62;0.0;3.999557655E7
1647;63 <= 62;0.0;3.999573895E7
1648;63 <= 62;0.0;3.999564778E7
1649;63 <= 62;0.0;3.999566982E7
1650;63 <= 62;0.0;3.999547354E7
1651;63 <= 62;0.0;3.999562878E7
1652;63 <= 62;0.0;3.999561099E7
1653;63 <= 62;0.0;3.99956552E7
1654;63 <= 63;0.0;3.999564714E7
1655;63 <= 63;0.0;3.999556985E7
1656;63 <= 63;0.0;3.99956265E7
1657;63 <= 63;0.0;3.999545316E7
1658;63 <= 63;0.0;3.999563846E7
1659;63 <= 63;0.0;3.99955365E7
1660;63 <= 63;0.0;3.999563792E7
1661;63 <= 63;0.0;3.999558184E7
1662;63 <= 63;0.0;3.999561338E7
1663;63 <= 63;0.0;3.999554557E7
1664;63 <= 64;0.0;3.999561222E7
1665;63 <= 64;0.0;3.999561894E7
1666;63 <= 64;0.0;3.999569551E7
1667;63 <= 64;0.0;3.999564759E7
1668;63 <= 64;0.0;3.999563696E7
1669;63 <= 64;0.0;3.999549894E7
1670;63 <= 64;0.0;3.999560364E7
1671;63 <= 64;0.0;3.999560351E7
1672;63 <= 64;0.0;3.999560557E7
1673;63 <= 64;0.23;4.0235603E7
1674;63 <= 65;0.0;3.999564337E7
1675;63 <= 65;0.0;3.999560154E7
1676;63 <= 65;0.0;3.999557515E7
1677;63 <= 65;0.0;3.99954949E7
1678;63 <= 65;0.0;3.999551444E7
1679;63 <= 65;0.0;3.999557996E7
1680;63 <= 65;0.0;3.999566024E7
1681;63 <= 65;0.0;3.999561761E7
1682;63 <= 65;0.0;3.999565227E7
1683;63 <= 65;0.0;3.999559702E7
1684;63 <= 66;0.0;3.999552322E7
1685;63 <= 66;0.0;3.999563143E7
1686;63 <= 66;0.0;3.999553988E7
1687;63 <= 66;0.0;3.999569883E7
1688;63 <= 66;0.0;3.999548889E7
1689;63 <= 66;0.0;3.999561168E7
1690;63 <= 66;0.0;3.999561955E7
1691;63 <= 66;0.0;3.999569732E7
1692;63 <= 66;0.0;3.999559477E7
1693;63 <= 66;0.0;3.999558754E7
1694;63 <= 67;0.0;3.999554215E7
1695;63 <= 67;0.0;3.999559583E7
1696;63 <= 67;0.0;3.999563714E7
1697;63 <= 67;0.0;3.999561836E7
1698;63 <= 67;0.0;3.999557697E7
1699;63 <= 67;0.0;3.999561523E7
1700;63 <= 67;0.0;3.999543905E7
1701;63 <= 67;0.0;3.999560267E7
1702;63 <= 67;0.0;3.999561532E7
1703;63 <= 67;0.0;3.999563459E7
1704;63 <= 68;0.0;3.999560655E7
1705;63 <= 68;0.0;3.999534583E7
1706;63 <= 68;0.0;3.999555108E7
1707;63 <= 68;0.0;3.999554341E7
1708;63 <= 68;0.0;3.999557663E7
1709;63 <= 68;0.0;3.999551714E7
1710;63 <= 68;0.0;3.999552465E7
1711;63 <= 68;0.0;4.103557435E7
1712;63 <= 68;0.0;3.999546804E7
1713;63 <= 68;0.0;3.999546585E7
1714;63 <= 69;0.0;3.999557603E7
1715;63 <= 69;0.0;3.999544285E7
1716;63 <= 69;0.0;3.999557628E7
1717;63 <= 69;0.0;3.999548713E7
1718;63 <= 69;0.0;3.999550446E7
1719;63 <= 69;0.0;3.999546745E7
1720;63 <= 69;0.0;3.99955018E7
1721;63 <= 69;0.0;3.999552106E7
1722;63 <= 69;0.0;3.999554661E7
1723;63 <= 69;0.0;3.999556072E7
1724;63 <= 70;0.0;3.999558938E7
1725;63 <= 70;0.0;3.999570385E7
1726;63 <= 70;0.0;3.999552911E7
1727;63 <= 70;0.0;3.999549167E7
1728;63 <= 70;0.0;3.999536508E7
1729;63 <= 70;0.0;3.999552774E7
1730;63 <= 70;0.0;3.999549672E7
1731;63 <= 70;0.0;3.99954966E7
1732;63 <= 70;0.0;3.999552829E7
1733;63 <= 70;0.0;3.999553485E7
1734;63 <= 71;0.0;3.999554265E7
1735;63 <= 71;0.0;3.999549883E7
1736;63 <= 71;0.0;3.999544561E7
1737;63 <= 71;0.0;3.999555076E7
1738;63 <= 71;0.0;4.0355419E7
1739;63 <= 71;0.0;3.999554539E7
1740;63 <= 71;0.0;3.999536901E7
1741;63 <= 71;0.0;3.999548314E7
1742;63 <= 71;0.0;3.999550077E7
1743;63 <= 71;0.0;3.999549638E7
1744;63 <= 72;0.0;3.999536433E7
1745;63 <= 72;0.0;3.99954124E7
1746;63 <= 72;0.0;3.99955424E7
1747;63 <= 72;0.0;3.999547105E7
1748;63 <= 72;0.0;3.999546952E7
1749;63 <= 72;0.0;3.999549477E7
1750;63 <= 72;0.0;3.999558463E7
1751;63 <= 72;0.0;3.999545298E7
1752;63 <= 72;0.0;3.99954037E7
1753;63 <= 72;0.0;3.999553189E7
1754;63 <= 73;0.0;3.999548028E7
1755;63 <= 73;0.0;3.999541712E7
1756;63 <= 73;0.0;3.999542266E7
1757;63 <= 73;0.0;3.999551678E7
1758;63 <= 73;0.0;3.999547003E7
1759;63 <= 73;0.0;3.999539719E7
1760;63 <= 73;0.0;3.999550163E7
1761;63 <= 73;0.0;3.999535788E7
1762;63 <= 73;0.0;3.999543739E7
1763;63 <= 73;0.0;3.999546618E7
1764;63 <= 74;0.0;3.999546603E7
1765;63 <= 74;0.0;4.019550975E7
1766;63 <= 74;0.0;3.999580899E7
1767;63 <= 74;0.0;3.999549513E7
1768;63 <= 74;0.0;3.999541052E7
1769;63 <= 74;0.0;3.999543704E7
1770;63 <= 74;0.0;3.999551106E7
1771;63 <= 74;0.0;3.999551519E7
1772;63 <= 74;0.0;3.999546071E7
1773;63 <= 74;0.0;3.999553359E7
1774;63 <= 75;0.0;3.999551164E7
1775;63 <= 75;0.0;3.999555611E7
1776;63 <= 75;0.0;3.999553459E7
1777;63 <= 75;0.0;3.999551145E7
1778;63 <= 75;0.0;3.999552305E7
1779;63 <= 75;0.0;3.999551396E7
1780;63 <= 75;0.0;3.999552857E7
1781;63 <= 75;0.0;3.999543382E7
1782;63 <= 75;0.0;3.99954626E7
1783;63 <= 75;0.0;3.999548631E7
1784;63 <= 76;0.0;3.99954553E7
1785;63 <= 76;0.0;3.999554056E7
1786;63 <= 76;0.0;3.999553375E7
1787;63 <= 76;0.0;3.999557088E7
1788;63 <= 76;0.0;3.999549827E7
1789;63 <= 76;0.0;3.999545229E7
1790;63 <= 76;0.0;3.999558169E7
1791;63 <= 76;0.0;3.999554441E7
1792;63 <= 76;0.0;3.999556726E7
1793;63 <= 76;0.0;3.999557686E7
1794;63 <= 77;0.0;3.999540011E7
1795;63 <= 77;0.0;3.999546673E7
1796;63 <= 77;0.0;3.999544403E7
1797;63 <= 77;0.0;3.999552341E7
1798;63 <= 77;0.0;3.999546978E7
1799;63 <= 77;0.0;3.999551109E7
1800;63 <= 77;0.0;3.999550262E7
1801;63 <= 77;0.0;3.999549802E7
1802;63 <= 77;0.0;3.999547846E7
1803;63 <= 77;0.0;3.99954036E7
1804;63 <= 78;0.0;3.999551477E7
1805;63 <= 78;0.0;3.999545215E7
1806;63 <= 78;0.0;3.999548058E7
1807;63 <= 78;0.0;3.999549097E7
1808;63 <= 78;0.0;3.999544093E7
1809;63 <= 78;0.0;3.999557601E7
1810;63 <= 78;0.0;3.999547021E7
1811;63 <= 78;0.0;3.999552667E7
1812;63 <= 78;0.0;3.999544508E7
1813;63 <= 78;0.0;3.999541511E7
1814;63 <= 79;0.0;3.999550455E7
1815;63 <= 79;0.0;3.999544932E7
1816;63 <= 79;0.0;3.999553584E7
1817;63 <= 79;0.0;3.999530074E7
1818;63 <= 79;0.0;3.999547759E7
1819;63 <= 79;0.0;3.999541833E7
1820;63 <= 79;0.0;3.999562351E7
1821;63 <= 79;0.0;3.99954E7
1822;63 <= 79;0.0;3.999546193E7
1823;63 <= 79;0.0;3.999547953E7
1824;63 <= 80;0.0;3.999538503E7
1825;63 <= 80;0.0;3.999530271E7
1826;63 <= 80;0.0;3.999540659E7
1827;63 <= 80;0.0;3.999530514E7
1828;63 <= 80;0.0;3.999537056E7
1829;63 <= 80;0.0;3.999535743E7
1830;63 <= 80;0.0;3.999545037E7
1831;63 <= 80;0.0;3.999542242E7
1832;63 <= 80;0.0;3.999549797E7
1833;63 <= 80;0.0;3.999542112E7
1834;63 <= 81;0.0;3.99954779E7
1835;63 <= 81;0.0;3.999538815E7
1836;63 <= 81;0.0;3.999542567E7
1837;63 <= 81;0.0;3.99954764E7
1838;63 <= 81;0.0;3.999540113E7
1839;63 <= 81;0.0;3.999547902E7
1840;63 <= 81;0.0;3.999541308E7
1841;63 <= 81;0.0;3.999553965E7
1842;63 <= 81;0.0;3.999529421E7
1843;63 <= 81;0.0;3.999546271E7
1844;63 <= 82;0.0;3.999542998E7
1845;63 <= 82;0.0;3.999543708E7
1846;63 <= 82;0.0;3.99954235E7
1847;63 <= 82;0.0;3.999538715E7
1848;63 <= 82;0.0;3.999542762E7
1849;63 <= 82;0.0;3.999540442E7
1850;63 <= 82;0.0;3.999532473E7
1851;63 <= 82;0.0;3.999545017E7
1852;63 <= 82;0.0;3.999525534E7
1853;63 <= 82;0.0;3.999544875E7
1854;63 <= 83;0.0;3.999533929E7
1855;63 <= 83;0.0;3.999535515E7
1856;63 <= 83;0.0;3.999522429E7
1857;63 <= 83;0.0;3.999538224E7
1858;63 <= 83;0.0;3.999528078E7
1859;63 <= 83;0.0;3.999538359E7
1860;63 <= 83;0.0;3.999541991E7
1861;63 <= 83;0.0;3.999526136E7
1862;63 <= 83;0.0;3.999545966E7
1863;63 <= 83;0.0;3.999541693E7
1864;63 <= 84;0.0;3.999534784E7
1865;63 <= 84;0.0;3.999538273E7
1866;63 <= 84;0.0;3.999536658E7
1867;63 <= 84;0.0;3.999532796E7
1868;63 <= 84;0.0;3.999541251E7
1869;63 <= 84;0.0;3.999538682E7
1870;63 <= 84;0.0;3.999537479E7
1871;63 <= 84;0.0;3.999532057E7
1872;63 <= 84;0.0;3.999540682E7
1873;63 <= 84;0.0;3.999533809E7
1874;63 <= 85;0.0;3.999535075E7
1875;63 <= 85;0.0;3.999546688E7
1876;63 <= 85;0.0;3.999536009E7
1877;63 <= 85;0.0;3.99953403E7
1878;63 <= 85;0.0;3.999539706E7
1879;63 <= 85;0.0;3.999538969E7
1880;63 <= 85;0.0;3.999539542E7
1881;63 <= 85;0.0;3.99953171E7
1882;63 <= 85;0.0;3.999546167E7
1883;63 <= 85;0.0;3.999537341E7
1884;63 <= 86;0.0;3.999534304E7
1885;63 <= 86;0.0;3.999532046E7
1886;63 <= 86;0.0;3.99953352E7
1887;63 <= 86;0.0;3.99954117E7
1888;63 <= 86;0.0;3.999536221E7
1889;63 <= 86;0.0;3.999540965E7
1890;63 <= 86;0.0;3.999532443E7
1891;63 <= 86;0.0;3.999544716E7
1892;63 <= 86;0.0;3.999533964E7
1893;63 <= 86;0.0;3.999539692E7
1894;63 <= 87;0.0;3.999539607E7
1895;63 <= 87;0.0;3.999532579E7
1896;63 <= 87;0.0;3.999529838E7
1897;63 <= 87;0.0;3.999536539E7
1898;63 <= 87;0.0;3.999527753E7
1899;63 <= 87;0.0;3.999535823E7
1900;63 <= 87;0.0;3.999539685E7
1901;63 <= 87;0.0;3.999534233E7
1902;63 <= 87;0.0;3.999540435E7
1903;63 <= 87;0.0;3.999536345E7
1904;63 <= 88;0.0;3.999538106E7
1905;63 <= 88;0.0;3.999539801E7
1906;63 <= 88;0.0;3.999522141E7
1907;63 <= 88;0.0;3.999529695E7
1908;63 <= 88;0.0;3.999534611E7
1909;63 <= 88;0.0;3.999544792E7
1910;63 <= 88;0.0;3.999537638E7
1911;63 <= 88;0.0;3.99951829E7
1912;63 <= 88;0.0;3.999537247E7
1913;63 <= 88;0.0;3.999530258E7
1914;63 <= 89;0.0;3.999526306E7
1915;63 <= 89;0.0;3.999545616E7
1916;63 <= 89;0.0;3.999540043E7
1917;63 <= 89;0.0;3.999533228E7
1918;63 <= 89;0.0;3.999514465E7
1919;63 <= 89;0.0;3.99953158E7
1920;63 <= 89;0.0;3.999537989E7
1921;63 <= 89;0.0;3.999537782E7
1922;63 <= 89;0.0;3.99953714E7
1923;63 <= 89;0.0;3.999518498E7
1924;63 <= 90;0.0;3.999534539E7
1925;63 <= 90;0.0;3.999540374E7
1926;63 <= 90;0.0;3.999538579E7
1927;63 <= 90;0.0;3.999532918E7
1928;63 <= 90;0.0;4.019537192E7
1929;63 <= 90;0.0;3.999540464E7
1930;63 <= 90;0.0;3.999522682E7
1931;63 <= 90;0.0;3.999526089E7
1932;63 <= 90;0.0;3.999520608E7
1933;63 <= 90;0.0;3.999532736E7
1934;63 <= 91;0.0;3.999525856E7
1935;63 <= 91;0.0;3.999522124E7
1936;63 <= 91;0.0;3.999523345E7
1937;63 <= 91;0.0;3.999529596E7
1938;63 <= 91;0.0;3.999530193E7
1939;63 <= 91;0.0;3.999522642E7
1940;63 <= 91;0.0;3.999541508E7
1941;63 <= 91;0.0;3.999529772E7
1942;63 <= 91;0.0;3.999521392E7
1943;63 <= 91;0.0;3.999529733E7
1944;63 <= 92;0.0;3.999526628E7
1945;63 <= 92;0.0;3.999524312E7
1946;63 <= 92;0.0;3.999523464E7
1947;63 <= 92;0.0;3.999533439E7
1948;63 <= 92;0.0;3.999519747E7
1949;63 <= 92;0.0;3.999518663E7
1950;63 <= 92;0.0;3.999544328E7
1951;63 <= 92;0.0;3.99950118E7
1952;63 <= 92;0.0;3.999519386E7
1953;63 <= 92;0.0;3.999522725E7
1954;63 <= 93;0.0;3.999526861E7
1955;63 <= 93;0.0;3.999520202E7
1956;63 <= 93;0.0;4.01551084E7
1957;63 <= 93;0.0;3.999533926E7
1958;63 <= 93;0.0;3.999522995E7
1959;63 <= 93;0.0;3.999515663E7
1960;63 <= 93;0.0;3.999537944E7
1961;63 <= 93;0.0;3.999517586E7
1962;63 <= 93;0.0;3.999516967E7
1963;63 <= 93;0.0;3.999516515E7
1964;63 <= 94;0.0;3.999532633E7
1965;63 <= 94;0.0;3.999526027E7
1966;63 <= 94;0.0;3.999524923E7
1967;63 <= 94;0.0;3.999502831E7
1968;63 <= 94;0.0;3.999524135E7
1969;63 <= 94;0.0;3.999520768E7
1970;63 <= 94;0.0;3.99951666E7
1971;63 <= 94;0.0;3.999537545E7
1972;63 <= 94;0.0;3.999521862E7
1973;63 <= 94;0.0;3.999503902E7
1974;63 <= 95;0.0;3.999535791E7
1975;63 <= 95;0.0;3.99952415E7
1976;63 <= 95;0.0;3.999520607E7
1977;63 <= 95;0.0;3.999516057E7
1978;63 <= 95;0.0;3.999531472E7
1979;63 <= 95;0.0;3.999518899E7
1980;63 <= 95;0.0;3.999508064E7
1981;63 <= 95;0.0;3.999539167E7
1982;63 <= 95;0.0;3.999524377E7
1983;63 <= 95;0.0;4.015519749E7
1984;63 <= 96;0.0;3.999501193E7
1985;63 <= 96;0.0;3.999524772E7
1986;63 <= 96;0.0;3.999519597E7
1987;63 <= 96;0.0;3.999522713E7
1988;63 <= 96;0.0;3.99951267E7
1989;63 <= 96;0.0;3.999518222E7
1990;63 <= 96;0.0;3.999522088E7
1991;63 <= 96;0.0;3.999525401E7
1992;63 <= 96;0.0;3.999513323E7
1993;63 <= 96;0.0;3.999520964E7
1994;63 <= 97;0.0;3.999523584E7
1995;63 <= 97;0.0;3.999520283E7
1996;63 <= 97;0.0;3.999516875E7
1997;63 <= 97;0.0;3.999514954E7
1998;63 <= 97;0.0;3.999521172E7
1999;63 <= 97;0.0;3.999524685E7
2000;63 <= 97;0.0;3.999524433E7
2001;63 <= 97;0.0;3.999514128E7
2002;63 <= 97;0.0;3.999515495E7
2003;63 <= 97;0.0;3.999516335E7
2004;63 <= 98;0.0;3.999515595E7
2005;63 <= 98;0.0;3.999517046E7
2006;63 <= 98;0.0;3.999522696E7
2007;63 <= 98;0.0;3.999524933E7
2008;63 <= 98;0.0;3.999516293E7
2009;63 <= 98;0.0;3.999514486E7
2010;63 <= 98;0.0;3.999508231E7
2011;63 <= 98;0.0;3.999513363E7
2012;63 <= 98;0.0;3.999515972E7
2013;63 <= 98;0.0;3.999524411E7
2014;63 <= 99;0.0;3.999519242E7
2015;63 <= 99;0.0;3.999520741E7
2016;63 <= 99;0.0;3.999518757E7
2017;63 <= 99;0.0;3.99949936E7
2018;63 <= 99;0.0;3.999515902E7
2019;63 <= 99;0.0;3.999519489E7
2020;63 <= 99;0.0;3.99951096E7
2021;63 <= 99;0.0;3.999522752E7
2022;63 <= 99;0.0;3.999511765E7
2023;63 <= 99;0.0;3.999526422E7
2024;63 <= 100;0.0;3.999517891E7
2025;63 <= 100;0.0;3.999529482E7
2026;63 <= 100;0.0;3.999509707E7
2027;63 <= 100;0.0;3.999515614E7
2028;63 <= 100;0.0;3.999528192E7
2029;63 <= 100;0.0;3.999516512E7
2030;63 <= 100;0.0;3.999516063E7
2031;63 <= 100;0.0;3.999515662E7
2032;63 <= 100;0.0;3.999521819E7
2033;63 <= 100;0.0;3.999521555E7
2034;63 <= 101;0.0;3.999508784E7
2035;63 <= 101;0.0;3.999516628E7
2036;63 <= 101;0.0;3.999519967E7
2037;63 <= 101;0.0;3.999509367E7
2038;63 <= 101;0.0;3.999529147E7
2039;63 <= 101;0.0;3.99950895E7
2040;63 <= 101;0.0;3.99953045E7
2041;63 <= 101;0.0;3.999515905E7
2042;63 <= 101;0.0;3.999510142E7
2043;63 <= 101;0.0;3.999514214E7
2044;63 <= 102;0.0;3.999512167E7
2045;63 <= 102;0.0;3.999513869E7
2046;63 <= 102;0.0;3.99950763E7
2047;63 <= 102;0.0;3.999518133E7
