0;63 <> -102;0.0;3.99962069E7
1;63 <> -102;0.0;3.999734908E7
2;63 <> -102;0.0;3.99972891E7
3;63 <> -102;0.0;3.99972038E7
4;63 <> -102;0.0;3.99972159E7
5;63 <> -101;0.0;3.999726743E7
6;63 <> -101;0.0;3.999727491E7
7;63 <> -101;0.0;3.999731104E7
8;63 <> -101;0.0;3.999724181E7
9;63 <> -101;0.0;3.999733808E7
10;63 <> -101;0.0;3.999732692E7
11;63 <> -101;0.0;3.999716312E7
12;63 <> -101;0.0;3.999727007E7
13;63 <> -101;0.0;3.999725515E7
14;63 <> -101;0.0;3.999731684E7
15;63 <> -100;0.0;3.999725957E7
16;63 <> -100;0.0;3.999730605E7
17;63 <> -100;0.0;3.999727832E7
18;63 <> -100;0.0;3.999730986E7
19;63 <> -100;0.0;3.999733349E7
20;63 <> -100;0.0;3.999722464E7
21;63 <> -100;0.0;3.999730754E7
22;63 <> -100;0.0;3.999722428E7
23;63 <> -100;0.0;3.999718016E7
24;63 <> -100;0.0;3.999726015E7
25;63 <> -99;0.0;3.999733836E7
26;63 <> -99;0.0;3.999732448E7
27;63 <> -99;0.0;3.999727275E7
28;63 <> -99;0.0;3.999725057E7
29;63 <> -99;0.0;3.999760461E7
30;63 <> -99;0.0;3.999729402E7
31;63 <> -99;0.0;3.999726705E7
32;63 <> -99;0.0;3.999726444E7
33;63 <> -99;0.0;3.999721088E7
34;63 <> -99;0.0;3.99972794E7
35;63 <> -98;0.0;4.003720148E7
36;63 <> -98;0.0;3.999719531E7
37;63 <> -98;0.0;3.999712862E7
38;63 <> -98;0.0;3.999707835E7
39;63 <> -98;0.0;3.999716632E7
40;63 <> -98;0.0;3.999699744E7
41;63 <> -98;0.0;3.999719961E7
42;63 <> -98;0.0;3.999714283E7
43;63 <> -98;0.0;3.999725843E7
44;63 <> -98;0.0;3.999707475E7
45;63 <> -97;0.0;3.999710361E7
46;63 <> -97;0.0;3.99971547E7
47;63 <> -97;0.0;3.998826905E7
48;63 <> -97;0.0;3.999706344E7
49;63 <> -97;0.0;3.99970982E7
50;63 <> -97;0.0;3.999730074E7
51;63 <> -97;0.0;3.99970749E7
52;63 <> -97;0.0;3.999703268E7
53;63 <> -97;0.0;3.999709778E7
54;63 <> -97;0.0;3.999698501E7
55;63 <> -96;0.0;3.999707398E7
56;63 <> -96;0.0;3.99970105E7
57;63 <> -96;0.0;3.99972063E7
58;63 <> -96;0.0;3.999714097E7
59;63 <> -96;0.0;3.999714533E7
60;63 <> -96;0.0;3.999716464E7
61;63 <> -96;0.0;3.999704366E7
62;63 <> -96;0.0;3.999716077E7
63;63 <> -96;0.0;3.999718318E7
64;63 <> -96;0.0;3.999720149E7
65;63 <> -95;0.0;3.999723567E7
66;63 <> -95;0.0;3.999719526E7
67;63 <> -95;0.0;3.999722608E7
68;63 <> -95;0.0;3.999716389E7
69;63 <> -95;0.0;3.999723937E7
70;63 <> -95;0.0;3.999712853E7
71;63 <> -95;0.0;3.999716136E7
72;63 <> -95;0.0;3.999716656E7
73;63 <> -95;0.0;3.999717886E7
74;63 <> -95;0.0;3.999705602E7
75;63 <> -94;0.0;3.999707267E7
76;63 <> -94;0.0;3.999722151E7
77;63 <> -94;0.0;3.999704011E7
78;63 <> -94;0.0;3.99971545E7
79;63 <> -94;0.0;3.999709884E7
80;63 <> -94;0.0;3.99971073E7
81;63 <> -94;0.0;3.999710191E7
82;63 <> -94;0.0;3.999703606E7
83;63 <> -94;0.0;3.999730129E7
84;63 <> -94;0.0;3.999723347E7
85;63 <> -93;0.0;3.999713101E7
86;63 <> -93;0.0;3.999710175E7
87;63 <> -93;0.0;3.999724624E7
88;63 <> -93;0.0;3.999706731E7
89;63 <> -93;0.0;3.999702424E7
90;63 <> -93;0.0;3.999706964E7
91;63 <> -93;0.0;3.999712209E7
92;63 <> -93;0.0;3.999729594E7
93;63 <> -93;0.0;3.999717821E7
94;63 <> -93;0.0;3.999716912E7
95;63 <> -92;0.0;3.999712378E7
96;63 <> -92;0.0;3.999707761E7
97;63 <> -92;0.0;3.999727929E7
98;63 <> -92;0.0;3.999710122E7
99;63 <> -92;0.0;3.999718856E7
100;63 <> -92;0.0;3.999714356E7
101;63 <> -92;0.0;3.999715844E7
102;63 <> -92;0.0;3.999686201E7
103;63 <> -92;0.0;3.999699798E7
104;63 <> -92;0.0;3.999722579E7
105;63 <> -91;0.0;3.999707058E7
106;63 <> -91;0.0;3.999713713E7
107;63 <> -91;0.0;3.999707736E7
108;63 <> -91;0.0;3.999713531E7
109;63 <> -91;0.0;3.999717989E7
110;63 <> -91;0.0;3.999703216E7
111;63 <> -91;0.0;3.999717163E7
112;63 <> -91;0.0;3.999714205E7
113;63 <> -91;0.0;3.999711852E7
114;63 <> -91;0.0;3.999714503E7
115;63 <> -90;0.0;3.999717929E7
116;63 <> -90;0.0;3.999713631E7
117;63 <> -90;0.0;3.999716805E7
118;63 <> -90;0.0;3.999714706E7
119;63 <> -90;0.0;3.999713795E7
120;63 <> -90;0.0;3.9997073E7
121;63 <> -90;0.0;3.999699669E7
122;63 <> -90;0.0;3.999713947E7
123;63 <> -90;0.0;3.999714587E7
124;63 <> -90;0.0;3.999714261E7
125;63 <> -89;0.0;3.999717848E7
126;63 <> -89;0.0;3.999718049E7
127;63 <> -89;0.0;3.999696215E7
128;63 <> -89;0.0;3.999698594E7
129;63 <> -89;0.0;3.999721521E7
130;63 <> -89;0.0;3.999710244E7
131;63 <> -89;0.0;3.999705514E7
132;63 <> -89;0.0;3.999712787E7
133;63 <> -89;0.0;3.999715024E7
134;63 <> -89;0.0;3.99972141E7
135;63 <> -88;0.0;3.999699679E7
136;63 <> -88;0.0;3.999705914E7
137;63 <> -88;0.0;3.999708211E7
138;63 <> -88;0.0;3.999711199E7
139;63 <> -88;0.0;3.99970791E7
140;63 <> -88;0.0;3.999713417E7
141;63 <> -88;0.0;3.999718616E7
142;63 <> -88;0.0;4.000178556E7
143;63 <> -88;0.0;3.999712952E7
144;63 <> -88;0.0;3.999711195E7
145;63 <> -87;0.0;3.999705857E7
146;63 <> -87;0.0;3.999711024E7
147;63 <> -87;0.0;3.999704733E7
148;63 <> -87;0.0;3.999709562E7
149;63 <> -87;0.0;3.999704656E7
150;63 <> -87;0.0;3.999698347E7
151;63 <> -87;0.0;3.999723206E7
152;63 <> -87;0.0;3.999696098E7
153;63 <> -87;0.0;3.999712318E7
154;63 <> -87;0.0;3.999691878E7
155;63 <> -86;0.0;3.999716453E7
156;63 <> -86;0.0;3.999707141E7
157;63 <> -86;0.0;3.999709147E7
158;63 <> -86;0.0;3.999719295E7
159;63 <> -86;0.0;3.999718278E7
160;63 <> -86;0.0;3.999707496E7
161;63 <> -86;0.0;3.999700318E7
162;63 <> -86;0.0;3.99970798E7
163;63 <> -86;0.0;3.999713293E7
164;63 <> -86;0.0;3.999707017E7
165;63 <> -85;0.0;3.999719088E7
166;63 <> -85;0.0;3.999715051E7
167;63 <> -85;0.0;3.999716896E7
168;63 <> -85;0.0;3.999701591E7
169;63 <> -85;0.0;3.999715138E7
170;63 <> -85;0.0;3.999712835E7
171;63 <> -85;0.0;3.999699874E7
172;63 <> -85;0.0;3.999730312E7
173;63 <> -85;0.0;3.999697504E7
174;63 <> -85;0.0;3.999703639E7
175;63 <> -84;0.0;3.999682317E7
176;63 <> -84;0.0;3.999711475E7
177;63 <> -84;0.0;3.999692871E7
178;63 <> -84;0.0;3.999703956E7
179;63 <> -84;0.0;3.999719846E7
180;63 <> -84;0.0;3.999694625E7
181;63 <> -84;0.0;3.999706879E7
182;63 <> -84;0.0;3.999701118E7
183;63 <> -84;0.0;3.999708931E7
184;63 <> -84;0.0;3.999712688E7
185;63 <> -83;0.0;3.999697124E7
186;63 <> -83;0.0;3.999705541E7
187;63 <> -83;0.0;3.999703504E7
188;63 <> -83;0.0;3.999698877E7
189;63 <> -83;0.0;3.999699932E7
190;63 <> -83;0.0;3.999703301E7
191;63 <> -83;0.0;3.999704593E7
192;63 <> -83;0.0;3.999713311E7
193;63 <> -83;0.0;3.999704709E7
194;63 <> -83;0.0;3.999693308E7
195;63 <> -82;0.0;3.999703905E7
196;63 <> -82;0.0;3.999695443E7
197;63 <> -82;0.0;3.999705378E7
198;63 <> -82;0.0;3.999696158E7
199;63 <> -82;0.0;3.999696657E7
200;63 <> -82;0.0;3.999709261E7
201;63 <> -82;0.0;3.999693877E7
202;63 <> -82;0.0;3.999692065E7
203;63 <> -82;0.0;3.999684662E7
204;63 <> -82;0.0;3.999707676E7
205;63 <> -81;0.0;3.999702365E7
206;63 <> -81;0.0;3.999700172E7
207;63 <> -81;0.0;3.999700242E7
208;63 <> -81;0.0;3.999692937E7
209;63 <> -81;0.0;3.999711759E7
210;63 <> -81;0.0;3.999692516E7
211;63 <> -81;0.0;3.999731242E7
212;63 <> -81;0.0;3.999708481E7
213;63 <> -81;0.0;3.999702076E7
214;63 <> -81;0.0;3.99970354E7
215;63 <> -80;0.0;3.999694828E7
216;63 <> -80;0.0;3.999691291E7
217;63 <> -80;0.0;3.999708023E7
218;63 <> -80;0.0;3.999712624E7
219;63 <> -80;0.0;3.999695258E7
220;63 <> -80;0.0;3.999699075E7
221;63 <> -80;0.0;3.999706015E7
222;63 <> -80;0.0;3.999689045E7
223;63 <> -80;0.0;3.999710116E7
224;63 <> -80;0.0;3.999705966E7
225;63 <> -79;0.0;3.999708802E7
226;63 <> -79;0.0;3.999703298E7
227;63 <> -79;0.0;3.999690693E7
228;63 <> -79;0.0;3.999701556E7
229;63 <> -79;0.0;3.999696207E7
230;63 <> -79;0.0;3.999708321E7
231;63 <> -79;0.0;3.999700578E7
232;63 <> -79;0.0;3.999696322E7
233;63 <> -79;0.0;3.999701297E7
234;63 <> -79;0.0;3.999721972E7
235;63 <> -78;0.0;3.99970939E7
236;63 <> -78;0.0;3.999693569E7
237;63 <> -78;0.0;3.999706712E7
238;63 <> -78;0.0;3.999702141E7
239;63 <> -78;0.0;3.999693543E7
240;63 <> -78;0.0;3.999694703E7
241;63 <> -78;0.0;3.999702876E7
242;63 <> -78;0.0;4.000185219E7
243;63 <> -78;0.0;3.999707747E7
244;63 <> -78;0.0;3.999705215E7
245;63 <> -77;0.0;3.999697829E7
246;63 <> -77;0.0;3.999688932E7
247;63 <> -77;0.0;3.999690666E7
248;63 <> -77;0.0;3.99969684E7
249;63 <> -77;0.0;3.999701125E7
250;63 <> -77;0.0;3.999702462E7
251;63 <> -77;0.0;3.999697578E7
252;63 <> -77;0.0;3.999232379E7
253;63 <> -77;0.0;3.999694182E7
254;63 <> -77;0.0;3.999692467E7
255;63 <> -76;0.0;3.999699682E7
256;63 <> -76;0.0;3.999691938E7
257;63 <> -76;0.0;3.999694014E7
258;63 <> -76;0.0;3.999697403E7
259;63 <> -76;0.0;3.999697099E7
260;63 <> -76;0.0;3.99969696E7
261;63 <> -76;0.0;3.999689599E7
262;63 <> -76;0.0;3.9996947E7
263;63 <> -76;0.0;3.999694013E7
264;63 <> -76;0.0;3.9997057E7
265;63 <> -75;0.0;3.999694785E7
266;63 <> -75;0.0;3.999693423E7
267;63 <> -75;0.0;3.999716248E7
268;63 <> -75;0.0;3.99970604E7
269;63 <> -75;0.0;3.999698015E7
270;63 <> -75;0.0;3.999694618E7
271;63 <> -75;0.0;3.999699557E7
272;63 <> -75;0.0;3.999697522E7
273;63 <> -75;0.0;3.999694261E7
274;63 <> -75;0.0;3.999706894E7
275;63 <> -74;0.0;3.999700354E7
276;63 <> -74;0.0;3.999687934E7
277;63 <> -74;0.0;3.999253181E7
278;63 <> -74;0.0;3.999700241E7
279;63 <> -74;0.0;3.999702181E7
280;63 <> -74;0.0;3.998780168E7
281;63 <> -74;0.0;3.999713253E7
282;63 <> -74;0.0;3.999696544E7
283;63 <> -74;0.0;3.999690444E7
284;63 <> -74;0.0;3.999698072E7
285;63 <> -73;0.0;3.999708682E7
286;63 <> -73;0.0;3.999692691E7
287;63 <> -73;0.0;3.999687738E7
288;63 <> -73;0.0;3.999708301E7
289;63 <> -73;0.0;3.999691642E7
290;63 <> -73;0.0;3.999692926E7
291;63 <> -73;0.0;3.999693448E7
292;63 <> -73;0.0;4.000152242E7
293;63 <> -73;0.0;3.999706329E7
294;63 <> -73;0.0;3.999687065E7
295;63 <> -72;0.0;3.999700092E7
296;63 <> -72;0.0;3.999692889E7
297;63 <> -72;0.0;3.999692412E7
298;63 <> -72;0.0;3.999695603E7
299;63 <> -72;0.0;3.99970568E7
300;63 <> -72;0.0;3.999693768E7
301;63 <> -72;0.0;3.999685406E7
302;63 <> -72;0.0;3.9996864E7
303;63 <> -72;0.0;3.999691482E7
304;63 <> -72;0.0;3.999691692E7
305;63 <> -71;0.0;3.999684451E7
306;63 <> -71;0.0;3.999693354E7
307;63 <> -71;0.0;3.999696593E7
308;63 <> -71;0.0;3.999675915E7
309;63 <> -71;0.0;3.999711201E7
310;63 <> -71;0.0;3.999683195E7
311;63 <> -71;0.0;3.999692769E7
312;63 <> -71;0.0;3.999690578E7
313;63 <> -71;0.0;3.999693649E7
314;63 <> -71;0.0;3.99969275E7
315;63 <> -70;0.0;3.999681833E7
316;63 <> -70;0.0;3.999705752E7
317;63 <> -70;0.0;3.999707563E7
318;63 <> -70;0.0;3.999697568E7
319;63 <> -70;0.0;3.999686476E7
320;63 <> -70;0.0;3.999690352E7
321;63 <> -70;0.0;3.999687354E7
322;63 <> -70;0.0;3.99968278E7
323;63 <> -70;0.0;3.999698653E7
324;63 <> -70;0.0;3.999678925E7
325;63 <> -69;0.0;3.9996963E7
326;63 <> -69;0.0;3.999689977E7
327;63 <> -69;0.0;3.999673511E7
328;63 <> -69;0.0;3.999694189E7
329;63 <> -69;0.0;3.999683685E7
330;63 <> -69;0.0;3.999683505E7
331;63 <> -69;0.0;3.999693629E7
332;63 <> -69;0.0;3.999698535E7
333;63 <> -69;0.0;3.99968675E7
334;63 <> -69;0.0;3.999704567E7
335;63 <> -68;0.0;3.99968925E7
336;63 <> -68;0.0;3.99968499E7
337;63 <> -68;0.0;3.999698697E7
338;63 <> -68;0.0;3.999695485E7
339;63 <> -68;0.0;3.999689881E7
340;63 <> -68;0.0;3.999688976E7
341;63 <> -68;0.0;3.999699655E7
342;63 <> -68;0.0;3.999701468E7
343;63 <> -68;0.0;3.999677716E7
344;63 <> -68;0.0;3.999689252E7
345;63 <> -67;0.0;3.999685399E7
346;63 <> -67;0.0;3.999690596E7
347;63 <> -67;0.0;3.999684784E7
348;63 <> -67;0.0;3.999695669E7
349;63 <> -67;0.0;3.999679213E7
350;63 <> -67;0.0;3.999672317E7
351;63 <> -67;0.0;3.99968825E7
352;63 <> -67;0.0;3.999672956E7
353;63 <> -67;0.0;3.999689385E7
354;63 <> -67;0.0;3.999681947E7
355;63 <> -66;0.0;3.999692728E7
356;63 <> -66;0.0;3.999691283E7
357;63 <> -66;0.0;3.999691613E7
358;63 <> -66;0.0;3.99968782E7
359;63 <> -66;0.0;3.999683855E7
360;63 <> -66;0.0;3.999695126E7
361;63 <> -66;0.0;3.999699395E7
362;63 <> -66;0.0;3.999689551E7
363;63 <> -66;0.0;3.999691463E7
364;63 <> -66;0.0;3.999688247E7
365;63 <> -65;0.0;3.999688469E7
366;63 <> -65;0.0;3.999693235E7
367;63 <> -65;0.0;3.999702061E7
368;63 <> -65;0.0;3.999697059E7
369;63 <> -65;0.0;3.999691564E7
370;63 <> -65;0.0;3.999688957E7
371;63 <> -65;0.0;3.999694724E7
372;63 <> -65;0.0;3.999697984E7
373;63 <> -65;0.0;3.99969372E7
374;63 <> -65;0.0;3.999692416E7
375;63 <> -64;0.0;3.999700123E7
376;63 <> -64;0.0;3.999699877E7
377;63 <> -64;0.0;3.999226988E7
378;63 <> -64;0.0;3.999686611E7
379;63 <> -64;0.0;3.999692267E7
380;63 <> -64;0.0;3.999690766E7
381;63 <> -64;0.0;3.999690496E7
382;63 <> -64;0.0;3.999673515E7
383;63 <> -64;0.0;3.999690771E7
384;63 <> -64;0.0;3.999699279E7
385;63 <> -63;0.0;3.999681147E7
386;63 <> -63;0.0;3.999685354E7
387;63 <> -63;0.0;3.999687579E7
388;63 <> -63;0.0;3.999684559E7
389;63 <> -63;0.0;3.999679807E7
390;63 <> -63;0.0;3.999671007E7
391;63 <> -63;0.0;3.999688206E7
392;63 <> -63;0.0;4.00016112E7
393;63 <> -63;0.0;3.999691783E7
394;63 <> -63;0.0;3.999690082E7
395;63 <> -62;0.0;3.999691985E7
396;63 <> -62;0.0;3.999691588E7
397;63 <> -62;0.0;3.999679789E7
398;63 <> -62;0.0;3.999675603E7
399;63 <> -62;0.0;3.999680463E7
400;63 <> -62;0.0;3.999685618E7
401;63 <> -62;0.0;3.999687723E7
402;63 <> -62;0.0;3.999670859E7
403;63 <> -62;0.0;3.999680174E7
404;63 <> -62;0.0;3.999671661E7
405;63 <> -61;0.0;3.999684745E7
406;63 <> -61;0.0;3.999678165E7
407;63 <> -61;0.0;3.999686453E7
408;63 <> -61;0.0;3.999670001E7
409;63 <> -61;0.0;3.999688279E7
410;63 <> -61;0.0;3.99968168E7
411;63 <> -61;0.0;3.999672596E7
412;63 <> -61;0.0;3.999687083E7
413;63 <> -61;0.0;3.999683236E7
414;63 <> -61;0.0;3.999682066E7
415;63 <> -60;0.0;3.999680617E7
416;63 <> -60;0.0;3.999678885E7
417;63 <> -60;0.0;3.999700034E7
418;63 <> -60;0.0;3.999679999E7
419;63 <> -60;0.0;3.99968565E7
420;63 <> -60;0.0;3.999683478E7
421;63 <> -60;0.0;3.999683189E7
422;63 <> -60;0.0;3.99968065E7
423;63 <> -60;0.0;3.99968066E7
424;63 <> -60;0.0;3.999680578E7
425;63 <> -59;0.0;3.999678555E7
426;63 <> -59;0.0;3.999690977E7
427;63 <> -59;0.0;3.99966898E7
428;63 <> -59;0.0;3.999668855E7
429;63 <> -59;0.0;3.999680314E7
430;63 <> -59;0.0;3.999685602E7
431;63 <> -59;0.0;3.999668749E7
432;63 <> -59;0.0;3.99967854E7
433;63 <> -59;0.0;3.999688246E7
434;63 <> -59;0.0;3.999677093E7
435;63 <> -58;0.0;3.999676771E7
436;63 <> -58;0.0;3.999676097E7
437;63 <> -58;0.0;3.999685118E7
438;63 <> -58;0.0;3.999678361E7
439;63 <> -58;0.0;3.999674983E7
440;63 <> -58;0.0;3.999687522E7
441;63 <> -58;0.0;3.999685987E7
442;63 <> -58;0.0;4.000150428E7
443;63 <> -58;0.0;3.999686153E7
444;63 <> -58;0.0;3.999671663E7
445;63 <> -57;0.0;3.999670924E7
446;63 <> -57;0.0;3.99967083E7
447;63 <> -57;0.0;3.99968035E7
448;63 <> -57;0.0;3.999677127E7
449;63 <> -57;0.0;3.999668871E7
450;63 <> -57;0.0;3.999677558E7
451;63 <> -57;0.0;3.999681088E7
452;63 <> -57;0.0;3.999662822E7
453;63 <> -57;0.0;3.999674225E7
454;63 <> -57;0.0;3.99968308E7
455;63 <> -56;0.0;3.999673019E7
456;63 <> -56;0.0;3.999677584E7
457;63 <> -56;0.0;3.999684515E7
458;63 <> -56;0.0;3.99966699E7
459;63 <> -56;0.0;3.99967099E7
460;63 <> -56;0.0;3.99967448E7
461;63 <> -56;0.0;3.999685919E7
462;63 <> -56;0.0;3.999676593E7
463;63 <> -56;0.0;3.999672438E7
464;63 <> -56;0.0;3.999672742E7
465;63 <> -55;0.0;3.999676282E7
466;63 <> -55;0.0;3.999663222E7
467;63 <> -55;0.0;4.000156892E7
468;63 <> -55;0.0;3.99969097E7
469;63 <> -55;0.0;3.999670816E7
470;63 <> -55;0.0;3.999664796E7
471;63 <> -55;0.0;3.999677333E7
472;63 <> -55;0.0;3.999668366E7
473;63 <> -55;0.0;3.999657434E7
474;63 <> -55;0.0;3.999685978E7
475;63 <> -54;0.0;3.999688749E7
476;63 <> -54;0.0;3.99967335E7
477;63 <> -54;0.0;3.999636823E7
478;63 <> -54;0.0;3.999676706E7
479;63 <> -54;0.0;3.999674495E7
480;63 <> -54;0.0;3.999664819E7
481;63 <> -54;0.0;3.999670384E7
482;63 <> -54;0.0;3.999681208E7
483;63 <> -54;0.0;3.999671515E7
484;63 <> -54;0.0;3.999681056E7
485;63 <> -53;0.0;3.999662512E7
486;63 <> -53;0.0;3.999677045E7
487;63 <> -53;0.0;3.999671808E7
488;63 <> -53;0.0;3.999667414E7
489;63 <> -53;0.0;3.999671E7
490;63 <> -53;0.0;3.999677546E7
491;63 <> -53;0.0;3.999677011E7
492;63 <> -53;0.0;3.999680791E7
493;63 <> -53;0.0;3.999688703E7
494;63 <> -53;0.0;3.999672695E7
495;63 <> -52;0.0;3.999675461E7
496;63 <> -52;0.0;3.999672946E7
497;63 <> -52;0.0;3.999671444E7
498;63 <> -52;0.0;3.999668797E7
499;63 <> -52;0.0;3.999681171E7
500;63 <> -52;0.0;3.999677407E7
501;63 <> -52;0.0;3.999671425E7
502;63 <> -52;0.0;3.999657068E7
503;63 <> -52;0.0;3.9996771E7
504;63 <> -52;0.0;3.999674479E7
505;63 <> -51;0.0;3.999668026E7
506;63 <> -51;0.0;3.999662228E7
507;63 <> -51;0.0;3.999672677E7
508;63 <> -51;0.0;3.999664422E7
509;63 <> -51;0.0;3.999677516E7
510;63 <> -51;0.0;3.999666685E7
511;63 <> -51;0.0;3.999668137E7
512;63 <> -51;0.0;3.999677648E7
513;63 <> -51;0.0;3.999655185E7
514;63 <> -51;0.0;3.999667414E7
515;63 <> -50;0.0;3.99965969E7
516;63 <> -50;0.0;3.999669913E7
517;63 <> -50;0.0;3.999675932E7
518;63 <> -50;0.0;3.999672121E7
519;63 <> -50;0.0;3.9996709E7
520;63 <> -50;0.0;3.999666418E7
521;63 <> -50;0.0;3.999664156E7
522;63 <> -50;0.0;3.999665888E7
523;63 <> -50;0.0;3.999667205E7
524;63 <> -50;0.0;3.999673235E7
525;63 <> -49;0.0;3.999662321E7
526;63 <> -49;0.0;3.998969803E7
527;63 <> -49;0.0;3.999646414E7
528;63 <> -49;0.0;3.999672625E7
529;63 <> -49;0.0;3.999666993E7
530;63 <> -49;0.0;3.999662299E7
531;63 <> -49;0.0;3.999669167E7
532;63 <> -49;0.0;3.999657757E7
533;63 <> -49;0.0;3.999669507E7
534;63 <> -49;0.0;3.999669931E7
535;63 <> -48;0.0;3.999673557E7
536;63 <> -48;0.0;3.99966343E7
537;63 <> -48;0.0;3.99966675E7
538;63 <> -48;0.0;3.999669051E7
539;63 <> -48;0.0;3.999671011E7
540;63 <> -48;0.0;3.999658866E7
541;63 <> -48;0.0;3.999659772E7
542;63 <> -48;0.0;3.999676714E7
543;63 <> -48;0.0;3.999670419E7
544;63 <> -48;0.0;3.999670686E7
545;63 <> -47;0.0;3.999683635E7
546;63 <> -47;0.0;3.999665695E7
547;63 <> -47;0.0;3.999667527E7
548;63 <> -47;0.0;3.999660969E7
549;63 <> -47;0.0;3.999669912E7
550;63 <> -47;0.0;3.999671047E7
551;63 <> -47;0.0;3.999661928E7
552;63 <> -47;0.0;3.999666501E7
553;63 <> -47;0.0;4.003671491E7
554;63 <> -47;0.0;3.999672977E7
555;63 <> -46;0.0;3.999666452E7
556;63 <> -46;0.0;3.999666131E7
557;63 <> -46;0.0;3.99966722E7
558;63 <> -46;0.0;3.99966295E7
559;63 <> -46;0.0;3.999677956E7
560;63 <> -46;0.0;3.999666349E7
561;63 <> -46;0.0;3.999674544E7
562;63 <> -46;0.0;3.999662267E7
563;63 <> -46;0.0;3.999668549E7
564;63 <> -46;0.0;3.999659212E7
565;63 <> -45;0.0;3.999664863E7
566;63 <> -45;0.0;3.999667141E7
567;63 <> -45;0.0;3.999687466E7
568;63 <> -45;0.0;3.999683345E7
569;63 <> -45;0.0;3.999670017E7
570;63 <> -45;0.0;3.999668387E7
571;63 <> -45;0.0;3.999657406E7
572;63 <> -45;0.0;3.99966502E7
573;63 <> -45;0.0;3.999672092E7
574;63 <> -45;0.0;3.999669197E7
575;63 <> -44;0.0;3.999668429E7
576;63 <> -44;0.0;3.999667947E7
577;63 <> -44;0.0;3.999650346E7
578;63 <> -44;0.0;3.999663034E7
579;63 <> -44;0.0;3.999635653E7
580;63 <> -44;0.0;4.003659623E7
581;63 <> -44;0.0;3.999656866E7
582;63 <> -44;0.0;3.99967343E7
583;63 <> -44;0.0;3.999661438E7
584;63 <> -44;0.0;3.999660347E7
585;63 <> -43;0.0;3.999676927E7
586;63 <> -43;0.0;3.999657492E7
587;63 <> -43;0.0;3.999667681E7
588;63 <> -43;0.0;3.999654936E7
589;63 <> -43;0.0;3.999666039E7
590;63 <> -43;0.0;3.999658142E7
591;63 <> -43;0.0;3.999654927E7
592;63 <> -43;0.0;3.999676331E7
593;63 <> -43;0.0;3.999677082E7
594;63 <> -43;0.0;3.999662742E7
595;63 <> -42;0.0;3.999657752E7
596;63 <> -42;0.0;3.999663803E7
597;63 <> -42;0.0;3.999662932E7
598;63 <> -42;0.0;3.999651918E7
599;63 <> -42;0.0;3.999671843E7
600;63 <> -42;0.0;3.999665186E7
601;63 <> -42;0.0;3.999670127E7
602;63 <> -42;0.0;3.999662879E7
603;63 <> -42;0.0;3.999667368E7
604;63 <> -42;0.0;3.999658412E7
605;63 <> -41;0.0;3.999658068E7
606;63 <> -41;0.0;3.999667947E7
607;63 <> -41;0.0;3.999663772E7
608;63 <> -41;0.0;3.999663026E7
609;63 <> -41;0.0;3.999663406E7
610;63 <> -41;0.0;3.999675224E7
611;63 <> -41;0.0;3.999662305E7
612;63 <> -41;0.0;3.999649007E7
613;63 <> -41;0.0;3.999645149E7
614;63 <> -41;0.0;3.999663932E7
615;63 <> -40;0.0;3.999652788E7
616;63 <> -40;0.0;3.999652497E7
617;63 <> -40;0.0;3.999675282E7
618;63 <> -40;0.0;3.999664931E7
619;63 <> -40;0.0;3.999662665E7
620;63 <> -40;0.0;3.999661887E7
621;63 <> -40;0.0;3.999659107E7
622;63 <> -40;0.0;3.999662034E7
623;63 <> -40;0.0;3.999650933E7
624;63 <> -40;0.0;3.999660892E7
625;63 <> -39;0.0;3.999658573E7
626;63 <> -39;0.0;3.999646137E7
627;63 <> -39;0.0;3.999653838E7
628;63 <> -39;0.0;3.999659127E7
629;63 <> -39;0.0;3.999637693E7
630;63 <> -39;0.0;3.999648685E7
631;63 <> -39;0.0;3.999663376E7
632;63 <> -39;0.0;3.999665004E7
633;63 <> -39;0.0;3.999650198E7
634;63 <> -39;0.0;3.999646007E7
635;63 <> -38;0.0;3.998713246E7
636;63 <> -38;0.0;3.999657162E7
637;63 <> -38;0.0;3.999644619E7
638;63 <> -38;0.0;3.999661132E7
639;63 <> -38;0.0;3.999657339E7
640;63 <> -38;0.0;3.999662736E7
641;63 <> -38;0.0;3.999654225E7
642;63 <> -38;0.0;3.999684758E7
643;63 <> -38;0.0;3.999670501E7
644;63 <> -38;0.0;3.999652999E7
645;63 <> -37;0.0;3.99966173E7
646;63 <> -37;0.0;3.999655736E7
647;63 <> -37;0.0;3.999658009E7
648;63 <> -37;0.0;3.999652951E7
649;63 <> -37;0.0;3.999661955E7
650;63 <> -37;0.0;3.999663544E7
651;63 <> -37;0.0;3.999659255E7
652;63 <> -37;0.0;3.999642527E7
653;63 <> -37;0.0;3.999656573E7
654;63 <> -37;0.0;3.999647321E7
655;63 <> -36;0.0;3.999655228E7
656;63 <> -36;0.0;3.999652542E7
657;63 <> -36;0.0;3.99965943E7
658;63 <> -36;0.0;3.999656225E7
659;63 <> -36;0.0;3.99966221E7
660;63 <> -36;0.0;3.999648839E7
661;63 <> -36;0.0;3.999656349E7
662;63 <> -36;0.0;3.999623925E7
663;63 <> -36;0.0;3.999654466E7
664;63 <> -36;0.0;3.999657168E7
665;63 <> -35;0.0;3.99965923E7
666;63 <> -35;0.0;3.999652326E7
667;63 <> -35;0.0;3.999667099E7
668;63 <> -35;0.0;3.999658019E7
669;63 <> -35;0.0;3.999658366E7
670;63 <> -35;0.0;4.000364743E7
671;63 <> -35;0.0;3.999657325E7
672;63 <> -35;0.0;3.999657256E7
673;63 <> -35;0.0;3.999647645E7
674;63 <> -35;0.0;3.999653578E7
675;63 <> -34;0.0;3.999649879E7
676;63 <> -34;0.0;3.999653207E7
677;63 <> -34;0.0;3.999638446E7
678;63 <> -34;0.0;3.999650246E7
679;63 <> -34;0.0;3.999654376E7
680;63 <> -34;0.0;3.999660488E7
681;63 <> -34;0.0;3.999658819E7
682;63 <> -34;0.0;3.999660315E7
683;63 <> -34;0.0;3.999651535E7
684;63 <> -34;0.0;3.999663571E7
685;63 <> -33;0.0;3.999653958E7
686;63 <> -33;0.0;3.999662622E7
687;63 <> -33;0.0;3.999654739E7
688;63 <> -33;0.0;3.999652965E7
689;63 <> -33;0.0;3.999663737E7
690;63 <> -33;0.0;3.99965426E7
691;63 <> -33;0.0;3.999653065E7
692;63 <> -33;0.0;3.999655553E7
693;63 <> -33;0.0;3.999666076E7
694;63 <> -33;0.0;3.99966832E7
695;63 <> -32;0.0;3.999654087E7
696;63 <> -32;0.0;3.999661599E7
697;63 <> -32;0.0;3.999654458E7
698;63 <> -32;0.0;3.999655822E7
699;63 <> -32;0.0;3.999649649E7
700;63 <> -32;0.0;3.999654691E7
701;63 <> -32;0.0;3.999660999E7
702;63 <> -32;0.0;3.999646037E7
703;63 <> -32;0.0;3.999651433E7
704;63 <> -32;0.0;3.999651345E7
705;63 <> -31;0.0;3.999651057E7
706;63 <> -31;0.0;3.999650762E7
707;63 <> -31;0.0;3.999642133E7
708;63 <> -31;0.0;3.999632412E7
709;63 <> -31;0.0;3.999656916E7
710;63 <> -31;0.0;3.999641529E7
711;63 <> -31;0.0;3.999645985E7
712;63 <> -31;0.0;3.999652007E7
713;63 <> -31;0.0;3.999651388E7
714;63 <> -31;0.0;3.99965068E7
715;63 <> -30;0.0;3.999643361E7
716;63 <> -30;0.0;3.999654827E7
717;63 <> -30;0.0;3.999676903E7
718;63 <> -30;0.0;3.999657907E7
719;63 <> -30;0.0;3.999641197E7
720;63 <> -30;0.0;3.999637212E7
721;63 <> -30;0.0;3.999647661E7
722;63 <> -30;0.0;3.999642539E7
723;63 <> -30;0.0;3.999663565E7
724;63 <> -30;0.0;3.9996444E7
725;63 <> -29;0.0;3.999649185E7
726;63 <> -29;0.0;3.999647208E7
727;63 <> -29;0.0;3.999649183E7
728;63 <> -29;0.0;3.99964406E7
729;63 <> -29;0.0;3.999650657E7
730;63 <> -29;0.0;3.999657112E7
731;63 <> -29;0.0;3.999645152E7
732;63 <> -29;0.0;3.999649666E7
733;63 <> -29;0.0;3.999652468E7
734;63 <> -29;0.0;3.999656403E7
735;63 <> -28;0.0;3.999649623E7
736;63 <> -28;0.0;3.999637939E7
737;63 <> -28;0.0;3.999658688E7
738;63 <> -28;0.0;3.999656518E7
739;63 <> -28;0.0;3.99964757E7
740;63 <> -28;0.0;3.999641609E7
741;63 <> -28;0.0;3.999654138E7
742;63 <> -28;0.0;3.999665006E7
743;63 <> -28;0.0;3.9996508E7
744;63 <> -28;0.0;3.999622189E7
745;63 <> -27;0.0;3.999632774E7
746;63 <> -27;0.0;3.999644778E7
747;63 <> -27;0.0;3.999638459E7
748;63 <> -27;0.0;3.999653281E7
749;63 <> -27;0.0;3.999639654E7
750;63 <> -27;0.0;3.999651885E7
751;63 <> -27;0.0;3.999651802E7
752;63 <> -27;0.0;3.999639179E7
753;63 <> -27;0.0;3.999645918E7
754;63 <> -27;0.0;3.999640163E7
755;63 <> -26;0.0;3.999643969E7
756;63 <> -26;0.0;3.999640069E7
757;63 <> -26;0.0;3.99965095E7
758;63 <> -26;0.0;3.999650378E7
759;63 <> -26;0.0;3.999663086E7
760;63 <> -26;0.0;3.999650671E7
761;63 <> -26;0.0;3.999646027E7
762;63 <> -26;0.0;3.999644454E7
763;63 <> -26;0.0;3.999635592E7
764;63 <> -26;0.0;3.999650107E7
765;63 <> -25;0.0;3.999638636E7
766;63 <> -25;0.0;3.999638634E7
767;63 <> -25;0.0;3.999641503E7
768;63 <> -25;0.0;3.999680382E7
769;63 <> -25;0.0;3.999626944E7
770;63 <> -25;0.0;3.999646734E7
771;63 <> -25;0.0;3.999640128E7
772;63 <> -25;0.0;3.999641243E7
773;63 <> -25;0.0;3.999643149E7
774;63 <> -25;0.0;3.999628941E7
775;63 <> -24;0.0;3.99964406E7
776;63 <> -24;0.0;3.999639129E7
777;63 <> -24;0.0;3.999643594E7
778;63 <> -24;0.0;3.99964669E7
779;63 <> -24;0.0;3.999644645E7
780;63 <> -24;0.0;3.999635232E7
781;63 <> -24;0.0;3.999629942E7
782;63 <> -24;0.0;3.999651917E7
783;63 <> -24;0.0;3.999637514E7
784;63 <> -24;0.0;3.999645501E7
785;63 <> -23;0.0;3.99963792E7
786;63 <> -23;0.0;3.999635162E7
787;63 <> -23;0.0;3.999639753E7
788;63 <> -23;0.0;3.999633866E7
789;63 <> -23;0.0;3.999641512E7
790;63 <> -23;0.0;3.99964137E7
791;63 <> -23;0.0;3.999640683E7
792;63 <> -23;0.0;3.999637969E7
793;63 <> -23;0.0;3.999650458E7
794;63 <> -23;0.0;3.999634701E7
795;63 <> -22;0.0;3.999632485E7
796;63 <> -22;0.0;3.999648122E7
797;63 <> -22;0.0;3.999639852E7
798;63 <> -22;0.0;3.999629966E7
799;63 <> -22;0.0;3.999633549E7
800;63 <> -22;0.0;3.999651581E7
801;63 <> -22;0.0;3.99965301E7
802;63 <> -22;0.0;3.999644716E7
803;63 <> -22;0.0;3.999646669E7
804;63 <> -22;0.0;3.999646222E7
805;63 <> -21;0.0;3.99964301E7
806;63 <> -21;0.0;3.999647092E7
807;63 <> -21;0.0;3.999647266E7
808;63 <> -21;0.0;3.999647395E7
809;63 <> -21;0.0;3.99964413E7
810;63 <> -21;0.0;3.999648273E7
811;63 <> -21;0.0;3.999648433E7
812;63 <> -21;0.0;3.999644259E7
813;63 <> -21;0.0;3.999643854E7
814;63 <> -21;0.0;3.999643184E7
815;63 <> -20;0.0;3.999633415E7
816;63 <> -20;0.0;3.999629578E7
817;63 <> -20;0.0;3.999647508E7
818;63 <> -20;0.0;3.999634675E7
819;63 <> -20;0.0;3.999639432E7
820;63 <> -20;0.0;3.999637621E7
821;63 <> -20;0.0;3.999637192E7
822;63 <> -20;0.0;3.999629504E7
823;63 <> -20;0.0;3.999646376E7
824;63 <> -20;0.0;3.999645686E7
825;63 <> -19;0.0;3.999638952E7
826;63 <> -19;0.0;3.999653089E7
827;63 <> -19;0.0;3.99965515E7
828;63 <> -19;0.0;3.999639435E7
829;63 <> -19;0.0;3.999634755E7
830;63 <> -19;0.0;3.999645391E7
831;63 <> -19;0.0;3.999641801E7
832;63 <> -19;0.0;3.999639275E7
833;63 <> -19;0.0;3.999639275E7
834;63 <> -19;0.0;3.99964782E7
835;63 <> -18;0.0;3.999634298E7
836;63 <> -18;0.0;3.999649356E7
837;63 <> -18;0.0;3.999639071E7
838;63 <> -18;0.0;3.999640577E7
839;63 <> -18;0.0;3.999638665E7
840;63 <> -18;0.0;3.9996388E7
841;63 <> -18;0.0;3.999629904E7
842;63 <> -18;0.0;3.999637837E7
843;63 <> -18;0.0;3.999648603E7
844;63 <> -18;0.0;3.999627475E7
845;63 <> -17;0.0;3.999638826E7
846;63 <> -17;0.0;3.999637364E7
847;63 <> -17;0.0;3.999638817E7
848;63 <> -17;0.0;3.99963628E7
849;63 <> -17;0.0;3.999632249E7
850;63 <> -17;0.0;3.999632754E7
851;63 <> -17;0.0;3.999642001E7
852;63 <> -17;0.0;3.999646297E7
853;63 <> -17;0.0;3.999634571E7
854;63 <> -17;0.0;3.999641044E7
855;63 <> -16;0.0;3.999635755E7
856;63 <> -16;0.0;3.999633248E7
857;63 <> -16;0.0;3.999627285E7
858;63 <> -16;0.0;3.999643136E7
859;63 <> -16;0.0;3.999641412E7
860;63 <> -16;0.0;3.999625949E7
861;63 <> -16;0.0;3.999642825E7
862;63 <> -16;0.0;3.999631475E7
863;63 <> -16;0.0;3.999629849E7
864;63 <> -16;0.0;3.999642657E7
865;63 <> -15;0.0;3.999633337E7
866;63 <> -15;0.0;3.999639661E7
867;63 <> -15;0.0;3.999623398E7
868;63 <> -15;0.0;3.999646641E7
869;63 <> -15;0.0;3.999631845E7
870;63 <> -15;0.0;3.999648265E7
871;63 <> -15;0.0;3.999624011E7
872;63 <> -15;0.0;3.999635576E7
873;63 <> -15;0.0;3.999637881E7
874;63 <> -15;0.0;3.999640968E7
875;63 <> -14;0.0;3.999643595E7
876;63 <> -14;0.0;3.999646655E7
877;63 <> -14;0.0;3.999640681E7
878;63 <> -14;0.0;3.999633958E7
879;63 <> -14;0.0;3.999634904E7
880;63 <> -14;0.0;3.999627358E7
881;63 <> -14;0.0;3.999634217E7
882;63 <> -14;0.0;3.99962864E7
883;63 <> -14;0.0;3.999651169E7
884;63 <> -14;0.0;3.999629253E7
885;63 <> -13;0.0;3.99963601E7
886;63 <> -13;0.0;3.999632427E7
887;63 <> -13;0.0;3.999628916E7
888;63 <> -13;0.0;3.99963574E7
889;63 <> -13;0.0;3.999629138E7
890;63 <> -13;0.0;3.999626514E7
891;63 <> -13;0.0;3.999634312E7
892;63 <> -13;0.0;3.999639489E7
893;63 <> -13;0.0;3.999642199E7
894;63 <> -13;0.0;3.99962559E7
895;63 <> -12;0.0;3.999627494E7
896;63 <> -12;0.0;3.999631209E7
897;63 <> -12;0.0;3.999628454E7
898;63 <> -12;0.0;3.99962051E7
899;63 <> -12;0.0;3.999637427E7
900;63 <> -12;0.0;3.999629524E7
901;63 <> -12;0.0;3.999627355E7
902;63 <> -12;0.0;3.999642817E7
903;63 <> -12;0.0;3.999626973E7
904;63 <> -12;0.0;3.999622685E7
905;63 <> -11;0.0;3.999630406E7
906;63 <> -11;0.0;3.999634913E7
907;63 <> -11;0.0;3.999626968E7
908;63 <> -11;0.0;3.999614959E7
909;63 <> -11;0.0;3.999642272E7
910;63 <> -11;0.0;3.999633794E7
911;63 <> -11;0.0;3.99961987E7
912;63 <> -11;0.0;3.999634676E7
913;63 <> -11;0.0;3.999637377E7
914;63 <> -11;0.0;3.99962163E7
915;63 <> -10;0.0;3.99962978E7
916;63 <> -10;0.0;3.999634594E7
917;63 <> -10;0.0;3.999627317E7
918;63 <> -10;0.0;3.99963389E7
919;63 <> -10;0.0;3.9996347E7
920;63 <> -10;0.0;3.999635861E7
921;63 <> -10;0.0;3.999621927E7
922;63 <> -10;0.0;3.999619918E7
923;63 <> -10;0.0;3.99963459E7
924;63 <> -10;0.0;3.999625337E7
925;63 <> -9;0.0;3.999605806E7
926;63 <> -9;0.0;3.999625376E7
927;63 <> -9;0.0;3.999635742E7
928;63 <> -9;0.0;3.99963642E7
929;63 <> -9;0.0;3.999625123E7
930;63 <> -9;0.0;3.999629552E7
931;63 <> -9;0.0;3.999617385E7
932;63 <> -9;0.0;3.999628736E7
933;63 <> -9;0.0;3.999628946E7
934;63 <> -9;0.0;3.999632622E7
935;63 <> -8;0.0;3.999629558E7
936;63 <> -8;0.0;3.999621106E7
937;63 <> -8;0.0;3.999632647E7
938;63 <> -8;0.0;3.999606628E7
939;63 <> -8;0.0;3.999622518E7
940;63 <> -8;0.0;3.99962405E7
941;63 <> -8;0.0;3.999617603E7
942;63 <> -8;0.0;3.999619087E7
943;63 <> -8;0.0;3.999637567E7
944;63 <> -8;0.0;3.999621666E7
945;63 <> -7;0.0;3.999628417E7
946;63 <> -7;0.0;3.999628224E7
947;63 <> -7;0.0;3.999617232E7
948;63 <> -7;0.0;3.999626727E7
949;63 <> -7;0.0;3.99962177E7
950;63 <> -7;0.0;3.99962847E7
951;63 <> -7;0.0;3.999625176E7
952;63 <> -7;0.0;3.999634994E7
953;63 <> -7;0.0;3.999616132E7
954;63 <> -7;0.0;3.999626723E7
955;63 <> -6;0.0;3.999617975E7
956;63 <> -6;0.0;3.99961725E7
957;63 <> -6;0.0;3.999623373E7
958;63 <> -6;0.0;3.999622701E7
959;63 <> -6;0.0;3.999624598E7
960;63 <> -6;0.0;3.999628874E7
961;63 <> -6;0.0;3.999617398E7
962;63 <> -6;0.0;3.998627395E7
963;63 <> -6;0.0;3.999621917E7
964;63 <> -6;0.0;3.999626872E7
965;63 <> -5;0.0;3.999618043E7
966;63 <> -5;0.0;3.999629741E7
967;63 <> -5;0.0;3.999621588E7
968;63 <> -5;0.0;3.999626892E7
969;63 <> -5;0.0;3.999616149E7
970;63 <> -5;0.0;3.999614891E7
971;63 <> -5;0.0;3.999622305E7
972;63 <> -5;0.0;3.999619104E7
973;63 <> -5;0.0;3.999622328E7
974;63 <> -5;0.0;3.999609638E7
975;63 <> -4;0.0;3.999619979E7
976;63 <> -4;0.0;3.999627909E7
977;63 <> -4;0.0;3.999628792E7
978;63 <> -4;0.0;3.999621975E7
979;63 <> -4;0.0;3.999620345E7
980;63 <> -4;0.0;3.999624247E7
981;63 <> -4;0.0;3.99962053E7
982;63 <> -4;0.0;3.999628459E7
983;63 <> -4;0.0;3.999621966E7
984;63 <> -4;0.0;3.999638092E7
985;63 <> -3;0.0;3.999613521E7
986;63 <> -3;0.0;3.999619557E7
987;63 <> -3;0.0;3.999619147E7
988;63 <> -3;0.0;3.999617207E7
989;63 <> -3;0.0;3.999619296E7
990;63 <> -3;0.0;3.999614479E7
991;63 <> -3;0.0;3.999617866E7
992;63 <> -3;0.0;3.99961419E7
993;63 <> -3;0.0;3.999632946E7
994;63 <> -3;0.0;3.999616009E7
995;63 <> -2;0.0;3.999617808E7
996;63 <> -2;0.0;3.999620387E7
997;63 <> -2;0.0;3.999622205E7
998;63 <> -2;0.0;3.999624318E7
999;63 <> -2;0.0;3.999622523E7
1000;63 <> -2;0.0;3.999628656E7
1001;63 <> -2;0.0;3.999625534E7
1002;63 <> -2;0.0;3.999632047E7
1003;63 <> -2;0.0;3.999628363E7
1004;63 <> -2;0.0;3.999619602E7
1005;63 <> -1;0.0;3.999623495E7
1006;63 <> -1;0.0;3.999624854E7
1007;63 <> -1;0.0;3.999611655E7
1008;63 <> -1;0.0;3.99961993E7
1009;63 <> -1;0.0;3.999614238E7
1010;63 <> -1;0.0;3.999623152E7
1011;63 <> -1;0.0;3.999615279E7
1012;63 <> -1;0.0;3.999613993E7
1013;63 <> -1;0.0;3.999619585E7
1014;63 <> -1;0.0;3.9996143E7
1015;63 <> -;0.0;3.999623888E7
1016;63 <> -;0.0;3.999609277E7
1017;63 <> -;0.0;3.999629122E7
1018;63 <> -;0.0;3.99962351E7
1019;63 <> -;0.0;3.999620964E7
1020;63 <> -;0.0;3.999617245E7
1021;63 <> -;0.0;3.999614648E7
1022;63 <> -;0.0;3.999604142E7
1023;63 <> -;0.0;3.999596898E7
1024;63 <> ;0.0;3.999623945E7
1025;63 <> ;0.0;3.999618706E7
1026;63 <> ;0.0;3.999615116E7
1027;63 <> ;0.0;3.999632524E7
1028;63 <> ;0.0;3.999622835E7
1029;63 <> ;0.0;3.999621739E7
1030;63 <> ;0.0;3.999624411E7
1031;63 <> ;0.0;3.999620515E7
1032;63 <> ;0.0;3.999637812E7
1033;63 <> ;0.0;3.999612124E7
1034;63 <> 1;0.0;3.999622759E7
1035;63 <> 1;0.0;3.999615591E7
1036;63 <> 1;0.0;3.999605705E7
1037;63 <> 1;0.0;3.999620287E7
1038;63 <> 1;0.0;3.999618015E7
1039;63 <> 1;0.0;3.999609315E7
1040;63 <> 1;0.0;3.999614547E7
1041;63 <> 1;0.0;3.999617245E7
1042;63 <> 1;0.0;3.999607724E7
1043;63 <> 1;0.0;3.999625513E7
1044;63 <> 2;0.0;3.999621774E7
1045;63 <> 2;0.0;3.999604857E7
1046;63 <> 2;0.0;3.999613103E7
1047;63 <> 2;0.0;3.999613275E7
1048;63 <> 2;0.0;3.999629712E7
1049;63 <> 2;0.0;3.999616191E7
1050;63 <> 2;0.0;3.999618872E7
1051;63 <> 2;0.0;3.999615561E7
1052;63 <> 2;0.0;3.999629116E7
1053;63 <> 2;0.0;3.99962384E7
1054;63 <> 3;0.0;3.999612726E7
1055;63 <> 3;0.0;3.999616494E7
1056;63 <> 3;0.0;3.999610567E7
1057;63 <> 3;0.0;3.999604338E7
1058;63 <> 3;0.0;3.999612584E7
1059;63 <> 3;0.0;3.999618447E7
1060;63 <> 3;0.0;3.999608081E7
1061;63 <> 3;0.0;3.999616891E7
1062;63 <> 3;0.0;3.999616528E7
1063;63 <> 3;0.0;3.999616967E7
1064;63 <> 4;0.0;3.999628809E7
1065;63 <> 4;0.0;3.999618765E7
1066;63 <> 4;0.0;3.999621945E7
1067;63 <> 4;0.0;3.999621324E7
1068;63 <> 4;0.0;3.999628365E7
1069;63 <> 4;0.0;3.999621869E7
1070;63 <> 4;0.0;3.999617918E7
1071;63 <> 4;0.0;3.999619126E7
1072;63 <> 4;0.0;3.999606041E7
1073;63 <> 4;0.0;3.999621272E7
1074;63 <> 5;0.0;3.999618786E7
1075;63 <> 5;0.0;3.99961506E7
1076;63 <> 5;0.0;3.999622844E7
1077;63 <> 5;0.0;3.999618284E7
1078;63 <> 5;0.0;3.999623224E7
1079;63 <> 5;0.0;3.999618677E7
1080;63 <> 5;0.0;3.999606209E7
1081;63 <> 5;0.0;3.999622151E7
1082;63 <> 5;0.0;3.999613113E7
1083;63 <> 5;0.0;3.999615788E7
1084;63 <> 6;0.0;3.999623687E7
1085;63 <> 6;0.0;3.999619989E7
1086;63 <> 6;0.0;3.999613952E7
1087;63 <> 6;0.0;3.999619448E7
1088;63 <> 6;0.0;3.999614402E7
1089;63 <> 6;0.0;3.99960815E7
1090;63 <> 6;0.0;3.999622951E7
1091;63 <> 6;0.0;3.999614971E7
1092;63 <> 6;0.0;3.99961441E7
1093;63 <> 6;0.0;3.999632512E7
1094;63 <> 7;0.0;3.999621881E7
1095;63 <> 7;0.0;3.999614736E7
1096;63 <> 7;0.0;3.999617433E7
1097;63 <> 7;0.0;3.999624784E7
1098;63 <> 7;0.0;3.999602498E7
1099;63 <> 7;0.0;3.999610041E7
1100;63 <> 7;0.0;3.999621367E7
1101;63 <> 7;0.0;3.999612686E7
1102;63 <> 7;0.0;3.9996265E7
1103;63 <> 7;0.0;3.9996084E7
1104;63 <> 8;0.0;3.999609145E7
1105;63 <> 8;0.0;3.999607074E7
1106;63 <> 8;0.0;3.999619127E7
1107;63 <> 8;0.0;3.999614674E7
1108;63 <> 8;0.0;3.999612906E7
1109;63 <> 8;0.0;3.99962509E7
1110;63 <> 8;0.0;3.999612679E7
1111;63 <> 8;0.0;3.999619245E7
1112;63 <> 8;0.0;3.999611039E7
1113;63 <> 8;0.0;3.999621326E7
1114;63 <> 9;0.0;3.999615785E7
1115;63 <> 9;0.0;3.999613385E7
1116;63 <> 9;0.0;3.999614988E7
1117;63 <> 9;0.0;3.999612362E7
1118;63 <> 9;0.0;3.999624588E7
1119;63 <> 9;0.0;3.999616377E7
1120;63 <> 9;0.0;3.999614173E7
1121;63 <> 9;0.0;3.998900167E7
1122;63 <> 9;0.0;3.999606577E7
1123;63 <> 9;0.0;3.999616985E7
1124;63 <> 10;0.0;3.999597426E7
1125;63 <> 10;0.0;3.99961821E7
1126;63 <> 10;0.0;3.99960675E7
1127;63 <> 10;0.0;3.999624832E7
1128;63 <> 10;0.0;3.999621854E7
1129;63 <> 10;0.0;3.999601906E7
1130;63 <> 10;0.0;3.999606481E7
1131;63 <> 10;0.0;3.999600678E7
1132;63 <> 10;0.0;3.999614014E7
1133;63 <> 10;0.0;3.999606709E7
1134;63 <> 11;0.0;3.999628383E7
1135;63 <> 11;0.0;3.999610559E7
1136;63 <> 11;0.0;3.999606033E7
1137;63 <> 11;0.0;3.999610737E7
1138;63 <> 11;0.0;3.999607857E7
1139;63 <> 11;0.0;3.999626292E7
1140;63 <> 11;0.0;3.999611126E7
1141;63 <> 11;0.0;3.99962127E7
1142;63 <> 11;0.0;3.999609779E7
1143;63 <> 11;0.0;3.999619311E7
1144;63 <> 12;0.0;3.999610975E7
1145;63 <> 12;0.0;3.999606675E7
1146;63 <> 12;0.0;3.99960054E7
1147;63 <> 12;0.0;3.999598265E7
1148;63 <> 12;0.0;3.999614396E7
1149;63 <> 12;0.0;3.99960471E7
1150;63 <> 12;0.0;3.999614074E7
1151;63 <> 12;0.0;3.99960842E7
1152;63 <> 12;0.0;3.999612678E7
1153;63 <> 12;0.0;3.998599938E7
1154;63 <> 13;0.0;3.999609728E7
1155;63 <> 13;0.0;3.999612871E7
1156;63 <> 13;0.0;3.999607558E7
1157;63 <> 13;0.0;3.999611525E7
1158;63 <> 13;0.0;3.999616372E7
1159;63 <> 13;0.0;3.99961053E7
1160;63 <> 13;0.0;3.99961584E7
1161;63 <> 13;0.0;3.999601103E7
1162;63 <> 13;0.0;3.999606277E7
1163;63 <> 13;0.0;3.999606502E7
1164;63 <> 14;0.0;3.999609478E7
1165;63 <> 14;0.0;3.999609115E7
1166;63 <> 14;0.0;3.999613035E7
1167;63 <> 14;0.0;3.999612645E7
1168;63 <> 14;0.0;3.99961008E7
1169;63 <> 14;0.0;3.999607516E7
1170;63 <> 14;0.0;3.999597945E7
1171;63 <> 14;0.0;3.999606536E7
1172;63 <> 14;0.0;3.999604406E7
1173;63 <> 14;0.0;3.999610889E7
1174;63 <> 15;0.0;3.999604242E7
1175;63 <> 15;0.0;3.999607228E7
1176;63 <> 15;0.0;3.999605573E7
1177;63 <> 15;0.0;3.999617001E7
1178;63 <> 15;0.0;3.999607507E7
1179;63 <> 15;0.0;3.999602274E7
1180;63 <> 15;0.0;3.999606817E7
1181;63 <> 15;0.0;3.999592127E7
1182;63 <> 15;0.0;3.999608279E7
1183;63 <> 15;0.0;3.999599757E7
1184;63 <> 16;0.0;3.999616428E7
1185;63 <> 16;0.0;3.999605311E7
1186;63 <> 16;0.0;3.999610774E7
1187;63 <> 16;0.0;3.999609356E7
1188;63 <> 16;0.0;3.999620373E7
1189;63 <> 16;0.0;3.999606487E7
1190;63 <> 16;0.0;3.999605771E7
1191;63 <> 16;0.0;3.99960428E7
1192;63 <> 16;0.0;3.999602204E7
1193;63 <> 16;0.0;3.999616981E7
1194;63 <> 17;0.0;3.999604612E7
1195;63 <> 17;0.0;3.999605656E7
1196;63 <> 17;0.0;3.999603102E7
1197;63 <> 17;0.0;3.999603719E7
1198;63 <> 17;0.0;3.999602566E7
1199;63 <> 17;0.0;3.999604747E7
1200;63 <> 17;0.0;3.999601756E7
1201;63 <> 17;0.0;3.999603147E7
1202;63 <> 17;0.0;3.999614231E7
1203;63 <> 17;0.0;3.999600505E7
1204;63 <> 18;0.0;3.999631982E7
1205;63 <> 18;0.0;3.999602912E7
1206;63 <> 18;0.0;3.999600067E7
1207;63 <> 18;0.0;3.999607756E7
1208;63 <> 18;0.0;3.999605966E7
1209;63 <> 18;0.0;3.99960962E7
1210;63 <> 18;0.0;3.999602348E7
1211;63 <> 18;0.0;3.999602114E7
1212;63 <> 18;0.0;3.999597748E7
1213;63 <> 18;0.0;3.999605429E7
1214;63 <> 19;0.0;3.999602099E7
1215;63 <> 19;0.0;3.999598544E7
1216;63 <> 19;0.0;3.999611009E7
1217;63 <> 19;0.0;3.999599503E7
1218;63 <> 19;0.0;3.999619563E7
1219;63 <> 19;0.0;3.999594232E7
1220;63 <> 19;0.0;3.999608746E7
1221;63 <> 19;0.0;3.999604827E7
1222;63 <> 19;0.0;3.999593748E7
1223;63 <> 19;0.0;3.999608287E7
1224;63 <> 20;0.0;3.999593639E7
1225;63 <> 20;0.0;3.999606335E7
1226;63 <> 20;0.0;3.999599925E7
1227;63 <> 20;0.0;3.999607893E7
1228;63 <> 20;0.0;3.999594567E7
1229;63 <> 20;0.0;3.999601872E7
1230;63 <> 20;0.0;3.999596989E7
1231;63 <> 20;0.0;3.999574655E7
1232;63 <> 20;0.0;3.999602725E7
1233;63 <> 20;0.0;3.999598731E7
1234;63 <> 21;0.0;3.999614735E7
1235;63 <> 21;0.0;3.99961183E7
1236;63 <> 21;0.0;3.999586084E7
1237;63 <> 21;0.0;3.999619943E7
1238;63 <> 21;0.0;3.999596342E7
1239;63 <> 21;0.0;3.999600919E7
1240;63 <> 21;0.0;3.99958958E7
1241;63 <> 21;0.0;3.999592821E7
1242;63 <> 21;0.0;3.999597128E7
1243;63 <> 21;0.0;3.999606955E7
1244;63 <> 22;0.0;3.999595655E7
1245;63 <> 22;0.0;3.999595347E7
1246;63 <> 22;0.0;3.999602204E7
1247;63 <> 22;0.0;3.999593445E7
1248;63 <> 22;0.0;3.999589598E7
1249;63 <> 22;0.0;3.999591622E7
1250;63 <> 22;0.0;3.999595765E7
1251;63 <> 22;0.0;3.999595482E7
1252;63 <> 22;0.0;3.999558223E7
1253;63 <> 22;0.0;3.999595958E7
1254;63 <> 23;0.0;3.999586889E7
1255;63 <> 23;0.0;3.999583951E7
1256;63 <> 23;0.0;3.999584643E7
1257;63 <> 23;0.0;3.999598299E7
1258;63 <> 23;0.0;3.999603899E7
1259;63 <> 23;0.0;3.999603829E7
1260;63 <> 23;0.0;3.999588491E7
1261;63 <> 23;0.0;3.999597171E7
1262;63 <> 23;0.0;4.003581855E7
1263;63 <> 23;0.0;3.999584541E7
1264;63 <> 24;0.0;3.999593093E7
1265;63 <> 24;0.0;3.999588238E7
1266;63 <> 24;0.0;3.999589148E7
1267;63 <> 24;0.0;3.999592882E7
1268;63 <> 24;0.0;3.999595429E7
1269;63 <> 24;0.0;3.999585151E7
1270;63 <> 24;0.0;3.99958929E7
1271;63 <> 24;0.0;3.999589502E7
1272;63 <> 24;0.0;3.999580328E7
1273;63 <> 24;0.0;3.999588813E7
1274;63 <> 25;0.0;3.99959381E7
1275;63 <> 25;0.0;3.99959062E7
1276;63 <> 25;0.0;3.999585077E7
1277;63 <> 25;0.0;3.999582509E7
1278;63 <> 25;0.0;3.999591333E7
1279;63 <> 25;0.0;3.999587323E7
1280;63 <> 25;0.0;3.999588845E7
1281;63 <> 25;0.0;3.999582367E7
1282;63 <> 25;0.0;3.99959123E7
1283;63 <> 25;0.0;3.999585071E7
1284;63 <> 26;0.0;3.999589863E7
1285;63 <> 26;0.0;3.999606215E7
1286;63 <> 26;0.0;3.999600898E7
1287;63 <> 26;0.0;3.999595275E7
1288;63 <> 26;0.0;3.999573475E7
1289;63 <> 26;0.0;3.999585561E7
1290;63 <> 26;0.0;3.999586385E7
1291;63 <> 26;0.0;3.999589157E7
1292;63 <> 26;0.0;3.999598324E7
1293;63 <> 26;0.0;3.999598432E7
1294;63 <> 27;0.0;3.999585038E7
1295;63 <> 27;0.0;3.999599472E7
1296;63 <> 27;0.0;3.999580194E7
1297;63 <> 27;0.0;3.99958225E7
1298;63 <> 27;0.0;3.999586494E7
1299;63 <> 27;0.0;3.999590593E7
1300;63 <> 27;0.0;3.999585843E7
1301;63 <> 27;0.0;3.999585507E7
1302;63 <> 27;0.0;3.999593458E7
1303;63 <> 27;0.0;3.999589534E7
1304;63 <> 28;0.0;3.999585761E7
1305;63 <> 28;0.0;3.999589781E7
1306;63 <> 28;0.0;3.999593092E7
1307;63 <> 28;0.0;3.999588077E7
1308;63 <> 28;0.0;3.999570535E7
1309;63 <> 28;0.0;3.99959992E7
1310;63 <> 28;0.0;3.999589933E7
1311;63 <> 28;0.0;3.999581218E7
1312;63 <> 28;0.0;3.999583328E7
1313;63 <> 28;0.0;3.999589463E7
1314;63 <> 29;0.0;3.999586659E7
1315;63 <> 29;0.0;3.999581999E7
1316;63 <> 29;0.0;3.999591295E7
1317;63 <> 29;0.0;3.999590153E7
1318;63 <> 29;0.0;3.999591345E7
1319;63 <> 29;0.0;3.999583602E7
1320;63 <> 29;0.0;3.999589852E7
1321;63 <> 29;0.0;3.999576597E7
1322;63 <> 29;0.0;3.999588137E7
1323;63 <> 29;0.0;3.999590075E7
1324;63 <> 30;0.0;3.999586903E7
1325;63 <> 30;0.0;3.999585852E7
1326;63 <> 30;0.0;3.999539906E7
1327;63 <> 30;0.0;3.999597052E7
1328;63 <> 30;0.0;3.9995888E7
1329;63 <> 30;0.0;3.999584449E7
1330;63 <> 30;0.0;3.999590163E7
1331;63 <> 30;0.0;3.999584602E7
1332;63 <> 30;0.0;3.999574574E7
1333;63 <> 30;0.0;3.999576416E7
1334;63 <> 31;0.0;4.000302108E7
1335;63 <> 31;0.0;3.999591655E7
1336;63 <> 31;0.0;3.999581623E7
1337;63 <> 31;0.0;3.99959222E7
1338;63 <> 31;0.0;3.99957952E7
1339;63 <> 31;0.0;3.999584816E7
1340;63 <> 31;0.0;3.999586368E7
1341;63 <> 31;0.0;3.999585908E7
1342;63 <> 31;0.0;3.999583683E7
1343;63 <> 31;0.0;3.99958112E7
1344;63 <> 32;0.0;3.998590434E7
1345;63 <> 32;0.0;3.999583091E7
1346;63 <> 32;0.0;3.999587845E7
1347;63 <> 32;0.0;3.999578823E7
1348;63 <> 32;0.0;3.999579759E7
1349;63 <> 32;0.0;3.999591928E7
1350;63 <> 32;0.0;3.999570169E7
1351;63 <> 32;0.0;3.999578613E7
1352;63 <> 32;0.0;3.999580911E7
1353;63 <> 32;0.0;3.999576601E7
1354;63 <> 33;0.0;3.999577897E7
1355;63 <> 33;0.0;3.999573984E7
1356;63 <> 33;0.0;3.999591187E7
1357;63 <> 33;0.0;3.999573109E7
1358;63 <> 33;0.0;3.999583628E7
1359;63 <> 33;0.0;3.999598787E7
1360;63 <> 33;0.0;3.999589855E7
1361;63 <> 33;0.0;3.999584877E7
1362;63 <> 33;0.0;3.999584433E7
1363;63 <> 33;0.0;3.999583961E7
1364;63 <> 34;0.0;3.999578492E7
1365;63 <> 34;0.0;3.999584971E7
1366;63 <> 34;0.0;3.999581458E7
1367;63 <> 34;0.0;3.999559817E7
1368;63 <> 34;0.0;3.999587697E7
1369;63 <> 34;0.0;3.999572964E7
1370;63 <> 34;0.0;3.999572344E7
1371;63 <> 34;0.0;3.999579518E7
1372;63 <> 34;0.0;3.999578633E7
1373;63 <> 34;0.0;3.999577382E7
1374;63 <> 35;0.0;3.999570464E7
1375;63 <> 35;0.0;3.999585671E7
1376;63 <> 35;0.0;3.999575384E7
1377;63 <> 35;0.0;3.999587843E7
1378;63 <> 35;0.0;3.999584576E7
1379;63 <> 35;0.0;3.999575631E7
1380;63 <> 35;0.0;3.99956449E7
1381;63 <> 35;0.0;3.999583771E7
1382;63 <> 35;0.0;3.999586524E7
1383;63 <> 35;0.0;3.999582137E7
1384;63 <> 36;0.0;3.999576847E7
1385;63 <> 36;0.0;3.999574751E7
1386;63 <> 36;0.0;3.999577551E7
1387;63 <> 36;0.0;3.999577042E7
1388;63 <> 36;0.0;3.999577211E7
1389;63 <> 36;0.0;3.999579075E7
1390;63 <> 36;0.0;3.999574808E7
1391;63 <> 36;0.0;3.999579015E7
1392;63 <> 36;0.0;3.999579954E7
1393;63 <> 36;0.0;3.999591622E7
1394;63 <> 37;0.0;3.999569194E7
1395;63 <> 37;0.0;3.999582424E7
1396;63 <> 37;0.0;3.999574917E7
1397;63 <> 37;0.0;3.999565077E7
1398;63 <> 37;0.0;3.999570603E7
1399;63 <> 37;0.0;3.999575135E7
1400;63 <> 37;0.0;3.999575238E7
1401;63 <> 37;0.0;3.999575722E7
1402;63 <> 37;0.0;3.999588531E7
1403;63 <> 37;0.0;3.999578754E7
1404;63 <> 38;0.0;3.99957153E7
1405;63 <> 38;0.0;3.999582664E7
1406;63 <> 38;0.0;3.999571166E7
1407;63 <> 38;0.0;3.99956881E7
1408;63 <> 38;0.0;3.999575664E7
1409;63 <> 38;0.0;3.999585313E7
1410;63 <> 38;0.0;3.999570765E7
1411;63 <> 38;0.0;3.999566806E7
1412;63 <> 38;0.0;3.999571285E7
1413;63 <> 38;0.0;3.999575717E7
1414;63 <> 39;0.0;3.999581091E7
1415;63 <> 39;0.0;3.999577813E7
1416;63 <> 39;0.0;3.999571249E7
1417;63 <> 39;0.0;3.999584175E7
1418;63 <> 39;0.0;3.999582387E7
1419;63 <> 39;0.0;3.999571471E7
1420;63 <> 39;0.0;3.999580025E7
1421;63 <> 39;0.0;3.999571798E7
1422;63 <> 39;0.0;3.999568417E7
1423;63 <> 39;0.0;3.999576789E7
1424;63 <> 40;0.0;3.999572755E7
1425;63 <> 40;0.0;3.999562229E7
1426;63 <> 40;0.0;3.999594834E7
1427;63 <> 40;0.0;3.99958381E7
1428;63 <> 40;0.0;3.999566371E7
1429;63 <> 40;0.0;3.999573411E7
1430;63 <> 40;0.0;3.999577891E7
1431;63 <> 40;0.0;3.999573977E7
1432;63 <> 40;0.0;3.999571724E7
1433;63 <> 40;0.0;3.99955354E7
1434;63 <> 41;0.0;3.999573968E7
1435;63 <> 41;0.0;3.999569922E7
1436;63 <> 41;0.0;3.999573397E7
1437;63 <> 41;0.0;3.999578146E7
1438;63 <> 41;0.0;3.999576304E7
1439;63 <> 41;0.0;3.999572863E7
1440;63 <> 41;0.0;3.999574633E7
1441;63 <> 41;0.0;3.999566991E7
1442;63 <> 41;0.0;3.999598068E7
1443;63 <> 41;0.0;3.999580409E7
1444;63 <> 42;0.0;3.999575372E7
1445;63 <> 42;0.0;3.999579387E7
1446;63 <> 42;0.0;3.999564718E7
1447;63 <> 42;0.0;3.999572264E7
1448;63 <> 42;0.0;3.99957256E7
1449;63 <> 42;0.0;3.999577671E7
1450;63 <> 42;0.0;3.999577237E7
1451;63 <> 42;0.0;3.999585556E7
1452;63 <> 42;0.0;3.999569148E7
1453;63 <> 42;0.0;3.99957758E7
1454;63 <> 43;0.0;3.999585331E7
1455;63 <> 43;0.0;3.999569158E7
1456;63 <> 43;0.0;3.999577865E7
1457;63 <> 43;0.0;3.99957256E7
1458;63 <> 43;0.0;3.999556886E7
1459;63 <> 43;0.0;3.999576768E7
1460;63 <> 43;0.0;3.999571618E7
1461;63 <> 43;0.0;3.99957864E7
1462;63 <> 43;0.0;3.999577951E7
1463;63 <> 43;0.0;3.999582092E7
1464;63 <> 44;0.0;3.999566097E7
1465;63 <> 44;0.0;3.999579852E7
1466;63 <> 44;0.0;3.999576147E7
1467;63 <> 44;0.0;3.999575064E7
1468;63 <> 44;0.0;3.999571271E7
1469;63 <> 44;0.0;3.999567206E7
1470;63 <> 44;0.0;3.999573714E7
1471;63 <> 44;0.0;3.99956786E7
1472;63 <> 44;0.0;3.999569468E7
1473;63 <> 44;0.0;3.999581421E7
1474;63 <> 45;0.0;3.99955801E7
1475;63 <> 45;0.0;3.999570456E7
1476;63 <> 45;0.0;3.999577739E7
1477;63 <> 45;0.0;3.999568077E7
1478;63 <> 45;0.0;3.999567086E7
1479;63 <> 45;0.0;3.999562802E7
1480;63 <> 45;0.0;3.999571195E7
1481;63 <> 45;0.0;3.999570634E7
1482;63 <> 45;0.0;3.999558975E7
1483;63 <> 45;0.0;3.999578484E7
1484;63 <> 46;0.0;3.999570599E7
1485;63 <> 46;0.0;3.999569174E7
1486;63 <> 46;0.0;3.999573157E7
1487;63 <> 46;0.0;3.999569163E7
1488;63 <> 46;0.0;3.999563083E7
1489;63 <> 46;0.0;3.999566891E7
1490;63 <> 46;0.0;3.999561131E7
1491;63 <> 46;0.0;3.999575043E7
1492;63 <> 46;0.0;3.999575293E7
1493;63 <> 46;0.0;3.999587709E7
1494;63 <> 47;0.0;3.99957719E7
1495;63 <> 47;0.0;3.999558542E7
1496;63 <> 47;0.0;3.999571122E7
1497;63 <> 47;0.0;3.999566434E7
1498;63 <> 47;0.0;3.999561688E7
1499;63 <> 47;0.0;3.999562351E7
1500;63 <> 47;0.0;3.999581256E7
1501;63 <> 47;0.0;3.999560236E7
1502;63 <> 47;0.0;3.999573841E7
1503;63 <> 47;0.0;3.999562452E7
1504;63 <> 48;0.0;3.999567146E7
1505;63 <> 48;0.0;3.999555085E7
1506;63 <> 48;0.0;3.999567784E7
1507;63 <> 48;0.0;4.003567066E7
1508;63 <> 48;0.0;3.999563716E7
1509;63 <> 48;0.0;3.999562168E7
1510;63 <> 48;0.0;3.999574294E7
1511;63 <> 48;0.0;3.999570912E7
1512;63 <> 48;0.0;3.999563162E7
1513;63 <> 48;0.0;3.999567107E7
1514;63 <> 49;0.0;3.999574156E7
1515;63 <> 49;0.0;3.999566644E7
1516;63 <> 49;0.0;3.99957218E7
1517;63 <> 49;0.0;3.999571556E7
1518;63 <> 49;0.0;3.999584186E7
1519;63 <> 49;0.0;3.999580553E7
1520;63 <> 49;0.0;3.999563324E7
1521;63 <> 49;0.0;3.999570361E7
1522;63 <> 49;0.0;3.999568749E7
1523;63 <> 49;0.0;3.999574796E7
1524;63 <> 50;0.0;3.999573861E7
1525;63 <> 50;0.0;3.999576478E7
1526;63 <> 50;0.0;3.999569622E7
1527;63 <> 50;0.0;3.999572698E7
1528;63 <> 50;0.0;3.999568919E7
1529;63 <> 50;0.0;3.999556024E7
1530;63 <> 50;0.0;3.999571609E7
1531;63 <> 50;0.0;3.999558367E7
1532;63 <> 50;0.0;3.999573444E7
1533;63 <> 50;0.0;3.999570684E7
1534;63 <> 51;0.0;3.999575774E7
1535;63 <> 51;0.0;3.999567153E7
1536;63 <> 51;0.0;3.999537227E7
1537;63 <> 51;0.0;3.999550249E7
1538;63 <> 51;0.0;3.999568523E7
1539;63 <> 51;0.0;3.999578155E7
1540;63 <> 51;0.0;3.99958183E7
1541;63 <> 51;0.0;3.999570103E7
1542;63 <> 51;0.0;3.999571558E7
1543;63 <> 51;0.0;3.999574727E7
1544;63 <> 52;0.0;3.999568252E7
1545;63 <> 52;0.0;3.999565956E7
1546;63 <> 52;0.0;3.999568741E7
1547;63 <> 52;0.0;3.999566142E7
1548;63 <> 52;0.0;3.99956708E7
1549;63 <> 52;0.0;3.999575445E7
1550;63 <> 52;0.0;3.99957324E7
1551;63 <> 52;0.0;3.999568238E7
1552;63 <> 52;0.0;3.999573062E7
1553;63 <> 52;0.0;3.999555123E7
1554;63 <> 53;0.0;3.999566054E7
1555;63 <> 53;0.0;3.999566252E7
1556;63 <> 53;0.0;3.999564287E7
1557;63 <> 53;0.0;3.999566667E7
1558;63 <> 53;0.0;3.999587003E7
1559;63 <> 53;0.0;3.999566595E7
1560;63 <> 53;0.0;3.999569604E7
1561;63 <> 53;0.0;3.999567429E7
1562;63 <> 53;0.0;3.999552001E7
1563;63 <> 53;0.0;3.999564733E7
1564;63 <> 54;0.0;3.999567672E7
1565;63 <> 54;0.0;3.99956604E7
1566;63 <> 54;0.0;3.999564415E7
1567;63 <> 54;0.0;3.999571052E7
1568;63 <> 54;0.0;3.999563797E7
1569;63 <> 54;0.0;3.999565499E7
1570;63 <> 54;0.0;3.999567068E7
1571;63 <> 54;0.0;3.999568767E7
1572;63 <> 54;0.0;3.999558652E7
1573;63 <> 54;0.0;3.999561457E7
1574;63 <> 55;0.0;3.999562495E7
1575;63 <> 55;0.0;3.999569083E7
1576;63 <> 55;0.0;3.999561295E7
1577;63 <> 55;0.0;3.999576525E7
1578;63 <> 55;0.0;3.999562724E7
1579;63 <> 55;0.0;3.999554894E7
1580;63 <> 55;0.0;3.999567014E7
1581;63 <> 55;0.0;3.999578324E7
1582;63 <> 55;0.0;3.999572636E7
1583;63 <> 55;0.0;3.999553086E7
1584;63 <> 56;0.0;3.999571427E7
1585;63 <> 56;0.0;3.999555471E7
1586;63 <> 56;0.0;3.999566294E7
1587;63 <> 56;0.0;3.999572329E7
1588;63 <> 56;0.0;3.99956827E7
1589;63 <> 56;0.0;3.999551899E7
1590;63 <> 56;0.0;3.999554207E7
1591;63 <> 56;0.0;3.999556561E7
1592;63 <> 56;0.0;3.999558267E7
1593;63 <> 56;0.0;3.999570074E7
1594;63 <> 57;0.0;3.999560216E7
1595;63 <> 57;0.0;3.999554061E7
1596;63 <> 57;0.0;3.999566782E7
1597;63 <> 57;0.0;3.999560835E7
1598;63 <> 57;0.0;3.999575975E7
1599;63 <> 57;0.0;3.999536253E7
1600;63 <> 57;0.0;3.999561556E7
1601;63 <> 57;0.0;3.999553126E7
1602;63 <> 57;0.0;3.999572831E7
1603;63 <> 57;0.0;3.999560742E7
1604;63 <> 58;0.0;3.999562523E7
1605;63 <> 58;0.0;3.999565201E7
1606;63 <> 58;0.0;3.999563205E7
1607;63 <> 58;0.0;3.999562533E7
1608;63 <> 58;0.0;3.999560002E7
1609;63 <> 58;0.0;3.999561676E7
1610;63 <> 58;0.0;3.999563341E7
1611;63 <> 58;0.0;3.999558018E7
1612;63 <> 58;0.0;3.99956222E7
1613;63 <> 58;0.0;3.999556962E7
1614;63 <> 59;0.0;3.999562843E7
1615;63 <> 59;0.0;3.99955916E7
1616;63 <> 59;0.0;3.999563436E7
1617;63 <> 59;0.0;3.999568703E7
1618;63 <> 59;0.0;3.999572832E7
1619;63 <> 59;0.0;3.999557589E7
1620;63 <> 59;0.0;3.999559067E7
1621;63 <> 59;0.0;3.999573536E7
1622;63 <> 59;0.0;3.999552764E7
1623;63 <> 59;0.0;3.999558438E7
1624;63 <> 60;0.0;3.999567327E7
1625;63 <> 60;0.0;3.999562415E7
1626;63 <> 60;0.0;3.999560128E7
1627;63 <> 60;0.0;3.999567072E7
1628;63 <> 60;0.0;3.99955928E7
1629;63 <> 60;0.0;3.999557516E7
1630;63 <> 60;0.0;3.999562981E7
1631;63 <> 60;0.0;3.999554519E7
1632;63 <> 60;0.0;3.999558816E7
1633;63 <> 60;0.0;3.99956326E7
1634;63 <> 61;0.0;3.999564587E7
1635;63 <> 61;0.0;3.999560933E7
1636;63 <> 61;0.0;3.999547611E7
1637;63 <> 61;0.0;3.99954967E7
1638;63 <> 61;0.0;3.999551423E7
1639;63 <> 61;0.0;3.999555926E7
1640;63 <> 61;0.0;3.999542307E7
1641;63 <> 61;0.0;3.99956017E7
1642;63 <> 61;0.0;3.999557802E7
1643;63 <> 61;0.0;3.9995592E7
1644;63 <> 62;0.0;3.999553778E7
1645;63 <> 62;0.0;3.999555097E7
1646;63 <> 62;0.0;3.999555939E7
1647;63 <> 62;0.0;3.999573412E7
1648;63 <> 62;0.0;3.999557612E7
1649;63 <> 62;0.0;3.999559287E7
1650;63 <> 62;0.0;3.99953871E7
1651;63 <> 62;0.0;3.999561416E7
1652;63 <> 62;0.0;3.999562353E7
1653;63 <> 62;0.0;3.999555664E7
1654;63 <> 63;0.0;3.999556042E7
1655;63 <> 63;0.0;3.999551554E7
1656;63 <> 63;0.0;3.999574313E7
1657;63 <> 63;0.0;3.999553596E7
1658;63 <> 63;0.0;3.999563413E7
1659;63 <> 63;0.0;3.999564018E7
1660;63 <> 63;0.0;3.999555061E7
1661;63 <> 63;0.0;3.999541705E7
1662;63 <> 63;0.0;3.99953073E7
1663;63 <> 63;0.0;3.999554547E7
1664;63 <> 64;0.0;3.999552008E7
1665;63 <> 64;0.0;3.999557144E7
1666;63 <> 64;0.0;3.99956616E7
1667;63 <> 64;0.0;3.999552704E7
1668;63 <> 64;0.0;3.999568124E7
1669;63 <> 64;0.0;3.999555929E7
1670;63 <> 64;0.0;3.999553444E7
1671;63 <> 64;0.0;3.999559711E7
1672;63 <> 64;0.0;3.999552351E7
1673;63 <> 64;0.0;3.99955688E7
1674;63 <> 65;0.0;3.999555159E7
1675;63 <> 65;0.0;3.999564918E7
1676;63 <> 65;0.0;3.999553574E7
1677;63 <> 65;0.0;3.999544093E7
1678;63 <> 65;0.0;3.999556258E7
1679;63 <> 65;0.0;3.999552144E7
1680;63 <> 65;0.0;3.999556566E7
1681;63 <> 65;0.0;3.99955278E7
1682;63 <> 65;0.0;3.999553263E7
1683;63 <> 65;0.0;3.999548872E7
1684;63 <> 66;0.0;3.999561073E7
1685;63 <> 66;0.0;3.99954562E7
1686;63 <> 66;0.0;3.99955244E7
1687;63 <> 66;0.0;3.999545041E7
1688;63 <> 66;0.0;3.999550279E7
1689;63 <> 66;0.0;3.999553054E7
1690;63 <> 66;0.0;3.999544691E7
1691;63 <> 66;0.0;3.999538797E7
1692;63 <> 66;0.0;3.99955392E7
1693;63 <> 66;0.0;3.999564903E7
1694;63 <> 67;0.0;3.99955112E7
1695;63 <> 67;0.0;3.99955178E7
1696;63 <> 67;0.0;3.999564945E7
1697;63 <> 67;0.0;3.999551779E7
1698;63 <> 67;0.0;3.999554123E7
1699;63 <> 67;0.0;3.999553461E7
1700;63 <> 67;0.0;3.999558453E7
1701;63 <> 67;0.0;3.999549907E7
1702;63 <> 67;0.0;3.999555038E7
1703;63 <> 67;0.0;3.999555899E7
1704;63 <> 68;0.0;3.999545265E7
1705;63 <> 68;0.0;3.999556191E7
1706;63 <> 68;0.0;3.999553163E7
1707;63 <> 68;0.0;3.999554403E7
1708;63 <> 68;0.0;3.999533404E7
1709;63 <> 68;0.0;3.999544174E7
1710;63 <> 68;0.0;3.99955251E7
1711;63 <> 68;0.0;3.999544221E7
1712;63 <> 68;0.0;3.99955307E7
1713;63 <> 68;0.0;3.999550315E7
1714;63 <> 69;0.0;3.999552294E7
1715;63 <> 69;0.0;3.99954437E7
1716;63 <> 69;0.0;3.999552699E7
1717;63 <> 69;0.0;3.99954856E7
1718;63 <> 69;0.0;3.999555054E7
1719;63 <> 69;0.0;3.999554609E7
1720;63 <> 69;0.0;3.999552319E7
1721;63 <> 69;0.0;3.999542942E7
1722;63 <> 69;0.0;3.99955492E7
1723;63 <> 69;0.0;3.999553688E7
1724;63 <> 70;0.0;3.999556421E7
1725;63 <> 70;0.0;3.999563398E7
1726;63 <> 70;0.0;3.999562212E7
1727;63 <> 70;0.0;3.999549688E7
1728;63 <> 70;0.0;3.999553164E7
1729;63 <> 70;0.0;3.999548852E7
1730;63 <> 70;0.0;3.99955045E7
1731;63 <> 70;0.0;3.999545923E7
1732;63 <> 70;0.0;3.999546796E7
1733;63 <> 70;0.0;3.999540662E7
1734;63 <> 71;0.0;3.999553461E7
1735;63 <> 71;0.0;3.999547138E7
1736;63 <> 71;0.0;3.999538357E7
1737;63 <> 71;0.0;3.999544814E7
1738;63 <> 71;0.0;3.999548979E7
1739;63 <> 71;0.0;3.999546696E7
1740;63 <> 71;0.0;3.999547295E7
1741;63 <> 71;0.0;3.999551343E7
1742;63 <> 71;0.0;3.999550772E7
1743;63 <> 71;0.0;3.999563336E7
1744;63 <> 72;0.0;3.999547612E7
1745;63 <> 72;0.0;3.999552364E7
1746;63 <> 72;0.0;3.999549403E7
1747;63 <> 72;0.0;3.999549545E7
1748;63 <> 72;0.0;3.999547918E7
1749;63 <> 72;0.0;3.999540578E7
1750;63 <> 72;0.0;3.999550145E7
1751;63 <> 72;0.0;3.999547167E7
1752;63 <> 72;0.0;3.999558265E7
1753;63 <> 72;0.0;3.999543835E7
1754;63 <> 73;0.0;3.999555047E7
1755;63 <> 73;0.0;3.999546332E7
1756;63 <> 73;0.0;3.999546423E7
1757;63 <> 73;0.0;3.999537984E7
1758;63 <> 73;0.0;3.999542172E7
1759;63 <> 73;0.0;3.999553386E7
1760;63 <> 73;0.0;3.999549928E7
1761;63 <> 73;0.0;3.999543174E7
1762;63 <> 73;0.0;3.999545192E7
1763;63 <> 73;0.0;3.999541965E7
1764;63 <> 74;0.0;3.999548847E7
1765;63 <> 74;0.0;3.999542806E7
1766;63 <> 74;0.0;3.999552506E7
1767;63 <> 74;0.0;3.99954323E7
1768;63 <> 74;0.0;3.999562681E7
1769;63 <> 74;0.0;3.999549753E7
1770;63 <> 74;0.0;3.999540586E7
1771;63 <> 74;0.0;3.999546979E7
1772;63 <> 74;0.0;3.999543615E7
1773;63 <> 74;0.0;3.999549909E7
1774;63 <> 75;0.0;3.999537982E7
1775;63 <> 75;0.0;3.999540488E7
1776;63 <> 75;0.0;3.999536714E7
1777;63 <> 75;0.0;3.999547851E7
1778;63 <> 75;0.0;3.999544992E7
1779;63 <> 75;0.0;3.999548066E7
1780;63 <> 75;0.0;3.999535701E7
1781;63 <> 75;0.0;3.999539629E7
1782;63 <> 75;0.0;3.99954519E7
1783;63 <> 75;0.0;3.999543609E7
1784;63 <> 76;0.0;3.999554711E7
1785;63 <> 76;0.0;3.998824534E7
1786;63 <> 76;0.0;3.999544886E7
1787;63 <> 76;0.0;3.999542288E7
1788;63 <> 76;0.0;3.999532803E7
1789;63 <> 76;0.0;3.999544647E7
1790;63 <> 76;0.0;3.999540273E7
1791;63 <> 76;0.0;3.999541763E7
1792;63 <> 76;0.0;3.999543138E7
1793;63 <> 76;0.0;3.999554209E7
1794;63 <> 77;0.0;3.999537892E7
1795;63 <> 77;0.0;3.999540195E7
1796;63 <> 77;0.0;3.999537484E7
1797;63 <> 77;0.0;3.999538645E7
1798;63 <> 77;0.0;3.999547905E7
1799;63 <> 77;0.0;3.999545083E7
1800;63 <> 77;0.0;3.999536688E7
1801;63 <> 77;0.0;3.999543197E7
1802;63 <> 77;0.0;3.999551876E7
1803;63 <> 77;0.0;3.999556823E7
1804;63 <> 78;0.0;3.999534765E7
1805;63 <> 78;0.0;3.999543092E7
1806;63 <> 78;0.0;3.999543758E7
1807;63 <> 78;0.0;3.999535201E7
1808;63 <> 78;0.0;3.999554124E7
1809;63 <> 78;0.0;3.999549197E7
1810;63 <> 78;0.0;3.999538204E7
1811;63 <> 78;0.0;3.9995179E7
1812;63 <> 78;0.0;3.999539347E7
1813;63 <> 78;0.0;3.999540269E7
1814;63 <> 79;0.0;3.99953753E7
1815;63 <> 79;0.0;3.999543702E7
1816;63 <> 79;0.0;3.999532352E7
1817;63 <> 79;0.0;3.999535078E7
1818;63 <> 79;0.0;3.999542452E7
1819;63 <> 79;0.0;3.999543618E7
1820;63 <> 79;0.0;3.999538551E7
1821;63 <> 79;0.0;3.999543047E7
1822;63 <> 79;0.0;3.999540101E7
1823;63 <> 79;0.0;3.999538965E7
1824;63 <> 80;0.0;3.999534499E7
1825;63 <> 80;0.0;3.999540912E7
1826;63 <> 80;0.0;3.999538217E7
1827;63 <> 80;0.0;3.999547984E7
1828;63 <> 80;0.0;3.999532964E7
1829;63 <> 80;0.0;3.999536947E7
1830;63 <> 80;0.0;3.999537219E7
1831;63 <> 80;0.0;3.999539779E7
1832;63 <> 80;0.0;3.999533689E7
1833;63 <> 80;0.0;3.99953941E7
1834;63 <> 81;0.0;3.999536981E7
1835;63 <> 81;0.0;3.998460835E7
1836;63 <> 81;0.0;3.999539583E7
1837;63 <> 81;0.0;3.999537883E7
1838;63 <> 81;0.0;3.999538178E7
1839;63 <> 81;0.0;3.999533114E7
1840;63 <> 81;0.0;3.999540165E7
1841;63 <> 81;0.0;3.999534858E7
1842;63 <> 81;0.0;3.999536827E7
1843;63 <> 81;0.0;3.999524265E7
1844;63 <> 82;0.0;3.999533591E7
1845;63 <> 82;0.0;3.999534162E7
1846;63 <> 82;0.0;3.99953734E7
1847;63 <> 82;0.0;3.99953604E7
1848;63 <> 82;0.0;3.999522867E7
1849;63 <> 82;0.0;3.999535071E7
1850;63 <> 82;0.0;3.999541858E7
1851;63 <> 82;0.0;3.999531177E7
1852;63 <> 82;0.0;3.999546533E7
1853;63 <> 82;0.0;3.999540106E7
1854;63 <> 83;0.0;3.999536264E7
1855;63 <> 83;0.0;3.999540052E7
1856;63 <> 83;0.0;3.999530726E7
1857;63 <> 83;0.0;3.999536984E7
1858;63 <> 83;0.0;3.999528443E7
1859;63 <> 83;0.0;3.999539782E7
1860;63 <> 83;0.0;3.999539421E7
1861;63 <> 83;0.0;3.999539924E7
1862;63 <> 83;0.0;3.999536935E7
1863;63 <> 83;0.0;3.999537054E7
1864;63 <> 84;0.0;3.999537898E7
1865;63 <> 84;0.0;3.999529239E7
1866;63 <> 84;0.0;3.9995368E7
1867;63 <> 84;0.0;3.999535573E7
1868;63 <> 84;0.0;3.999543849E7
1869;63 <> 84;0.0;3.999537776E7
1870;63 <> 84;0.0;3.999534397E7
1871;63 <> 84;0.0;3.999534594E7
1872;63 <> 84;0.0;3.999531244E7
1873;63 <> 84;0.0;3.99954137E7
1874;63 <> 85;0.0;3.999536993E7
1875;63 <> 85;0.0;3.999536472E7
1876;63 <> 85;0.0;3.999539355E7
1877;63 <> 85;0.0;3.999540729E7
1878;63 <> 85;0.0;3.999534664E7
1879;63 <> 85;0.0;3.999534412E7
1880;63 <> 85;0.0;3.999535338E7
1881;63 <> 85;0.0;3.999535238E7
1882;63 <> 85;0.0;3.999530291E7
1883;63 <> 85;0.0;3.999531132E7
1884;63 <> 86;0.0;3.999536193E7
1885;63 <> 86;0.0;3.99953169E7
1886;63 <> 86;0.0;3.999530958E7
1887;63 <> 86;0.0;3.999531427E7
1888;63 <> 86;0.0;3.999524093E7
1889;63 <> 86;0.0;3.999531583E7
1890;63 <> 86;0.0;3.999532689E7
1891;63 <> 86;0.0;3.999531342E7
1892;63 <> 86;0.0;3.999539214E7
1893;63 <> 86;0.0;3.999517491E7
1894;63 <> 87;0.0;3.999533846E7
1895;63 <> 87;0.0;3.999525018E7
1896;63 <> 87;0.0;3.999538834E7
1897;63 <> 87;0.0;3.999531391E7
1898;63 <> 87;0.0;3.999526787E7
1899;63 <> 87;0.0;3.999531393E7
1900;63 <> 87;0.0;3.999534773E7
1901;63 <> 87;0.0;3.999545169E7
1902;63 <> 87;0.0;3.999539556E7
1903;63 <> 87;0.0;3.999531605E7
1904;63 <> 88;0.0;3.999521293E7
1905;63 <> 88;0.0;3.999532477E7
1906;63 <> 88;0.0;3.999523163E7
1907;63 <> 88;0.0;3.999534079E7
1908;63 <> 88;0.0;3.999532395E7
1909;63 <> 88;0.0;3.999528744E7
1910;63 <> 88;0.0;3.999536533E7
1911;63 <> 88;0.0;3.999530302E7
1912;63 <> 88;0.0;3.999521987E7
1913;63 <> 88;0.0;3.999532649E7
1914;63 <> 89;0.0;3.999525233E7
1915;63 <> 89;0.0;3.999531113E7
1916;63 <> 89;0.0;3.999532591E7
1917;63 <> 89;0.0;3.999544412E7
1918;63 <> 89;0.0;3.999541262E7
1919;63 <> 89;0.0;3.999521308E7
1920;63 <> 89;0.0;3.999528719E7
1921;63 <> 89;0.0;3.999529928E7
1922;63 <> 89;0.0;3.999529591E7
1923;63 <> 89;0.0;3.999531717E7
1924;63 <> 90;0.0;3.999522138E7
1925;63 <> 90;0.0;3.99953265E7
1926;63 <> 90;0.0;3.999524203E7
1927;63 <> 90;0.0;3.999537265E7
1928;63 <> 90;0.0;3.999532709E7
1929;63 <> 90;0.0;3.99953065E7
1930;63 <> 90;0.0;3.999524805E7
1931;63 <> 90;0.0;3.999525455E7
1932;63 <> 90;0.0;3.999529317E7
1933;63 <> 90;0.0;3.999525246E7
1934;63 <> 91;0.0;3.999535226E7
1935;63 <> 91;0.0;3.999528491E7
1936;63 <> 91;0.0;3.999520844E7
1937;63 <> 91;0.0;3.999530225E7
1938;63 <> 91;0.0;3.999499139E7
1939;63 <> 91;0.0;3.99952976E7
1940;63 <> 91;0.0;3.999520943E7
1941;63 <> 91;0.0;3.999522277E7
1942;63 <> 91;0.0;3.999519762E7
1943;63 <> 91;0.0;3.999537385E7
1944;63 <> 92;0.0;4.003521924E7
1945;63 <> 92;0.0;3.999520839E7
1946;63 <> 92;0.0;3.999522045E7
1947;63 <> 92;0.0;3.999516341E7
1948;63 <> 92;0.0;3.999514763E7
1949;63 <> 92;0.0;3.999533896E7
1950;63 <> 92;0.0;3.99950911E7
1951;63 <> 92;0.0;3.999518982E7
1952;63 <> 92;0.0;3.999528693E7
1953;63 <> 92;0.0;3.999525575E7
1954;63 <> 93;0.0;3.999509425E7
1955;63 <> 93;0.0;3.999506761E7
1956;63 <> 93;0.0;3.99952051E7
1957;63 <> 93;0.0;3.999520013E7
1958;63 <> 93;0.0;3.999518576E7
1959;63 <> 93;0.0;3.999530719E7
1960;63 <> 93;0.0;3.999510257E7
1961;63 <> 93;0.0;3.999518879E7
1962;63 <> 93;0.0;3.999516728E7
1963;63 <> 93;0.0;3.999519631E7
1964;63 <> 94;0.0;3.999522972E7
1965;63 <> 94;0.0;3.999517043E7
1966;63 <> 94;0.0;3.999516546E7
1967;63 <> 94;0.0;3.999508792E7
1968;63 <> 94;0.0;3.999530803E7
1969;63 <> 94;0.0;3.999517171E7
1970;63 <> 94;0.0;3.99951019E7
1971;63 <> 94;0.0;3.999517759E7
1972;63 <> 94;0.0;3.999509797E7
1973;63 <> 94;0.0;3.99951557E7
1974;63 <> 95;0.0;3.999511088E7
1975;63 <> 95;0.0;3.999522034E7
1976;63 <> 95;0.0;3.999511131E7
1977;63 <> 95;0.0;3.999522957E7
1978;63 <> 95;0.0;3.999514373E7
1979;63 <> 95;0.0;3.999519293E7
1980;63 <> 95;0.0;3.999511953E7
1981;63 <> 95;0.0;3.999507238E7
1982;63 <> 95;0.0;3.999517306E7
1983;63 <> 95;0.0;3.999513909E7
1984;63 <> 96;0.0;3.999516176E7
1985;63 <> 96;0.0;3.999514671E7
1986;63 <> 96;0.0;3.999510155E7
1987;63 <> 96;0.0;3.999512585E7
1988;63 <> 96;0.0;3.999504295E7
1989;63 <> 96;0.0;3.999521025E7
1990;63 <> 96;0.0;3.999487908E7
1991;63 <> 96;0.0;3.999514508E7
1992;63 <> 96;0.0;3.999517225E7
1993;63 <> 96;0.0;3.999522177E7
1994;63 <> 97;0.0;3.999513109E7
1995;63 <> 97;0.0;3.999508141E7
1996;63 <> 97;0.0;3.999516152E7
1997;63 <> 97;0.0;3.999511757E7
1998;63 <> 97;0.0;3.999554075E7
1999;63 <> 97;0.0;3.999525481E7
2000;63 <> 97;0.0;3.999509077E7
2001;63 <> 97;0.0;3.999515979E7
2002;63 <> 97;0.0;3.999517247E7
2003;63 <> 97;0.0;3.999513758E7
2004;63 <> 98;0.0;3.999515228E7
2005;63 <> 98;0.0;3.999517083E7
2006;63 <> 98;0.0;3.999517059E7
2007;63 <> 98;0.0;3.999506816E7
2008;63 <> 98;0.0;3.999511773E7
2009;63 <> 98;0.0;3.999517683E7
2010;63 <> 98;0.0;3.999514881E7
2011;63 <> 98;0.0;3.999521373E7
2012;63 <> 98;0.0;3.999517488E7
2013;63 <> 98;0.0;3.99951309E7
2014;63 <> 99;0.0;3.999499083E7
2015;63 <> 99;0.0;3.999517801E7
2016;63 <> 99;0.0;3.999522759E7
2017;63 <> 99;0.0;3.999515016E7
2018;63 <> 99;0.0;3.999520793E7
2019;63 <> 99;0.0;3.999518028E7
2020;63 <> 99;0.0;3.99952146E7
2021;63 <> 99;0.0;3.999500793E7
2022;63 <> 99;0.0;3.999521025E7
2023;63 <> 99;0.0;3.999521302E7
2024;63 <> 100;0.0;3.999518034E7
2025;63 <> 100;0.0;3.999508947E7
2026;63 <> 100;0.0;3.998414699E7
2027;63 <> 100;0.0;3.999516924E7
2028;63 <> 100;0.0;3.999509109E7
2029;63 <> 100;0.0;3.999526008E7
2030;63 <> 100;0.0;3.999508542E7
2031;63 <> 100;0.0;3.999506716E7
2032;63 <> 100;0.0;3.999496229E7
2033;63 <> 100;0.0;3.999518756E7
2034;63 <> 101;0.0;3.999514298E7
2035;63 <> 101;0.0;3.999510347E7
2036;63 <> 101;0.0;3.999521212E7
2037;63 <> 101;0.0;3.99951145E7
2038;63 <> 101;0.0;3.99950285E7
2039;63 <> 101;0.0;3.999500578E7
2040;63 <> 101;0.0;3.999513402E7
2041;63 <> 101;0.0;3.999509847E7
2042;63 <> 101;0.0;3.999513565E7
2043;63 <> 101;0.0;3.99952439E7
2044;63 <> 102;0.0;3.999513033E7
2045;63 <> 102;0.0;3.99951197E7
2046;63 <> 102;0.0;3.999506422E7
2047;63 <> 102;0.0;3.999504382E7
