0;63 < -102;0.0;3.999761568E7
1;63 < -102;0.0;3.999738499E7
2;63 < -102;0.0;3.999736655E7
3;63 < -102;0.0;3.99974078E7
4;63 < -102;0.0;3.999741908E7
5;63 < -101;0.0;3.999741143E7
6;63 < -101;0.0;3.999740346E7
7;63 < -101;0.0;3.999742177E7
8;63 < -101;0.0;3.999274571E7
9;63 < -101;0.0;3.999740154E7
10;63 < -101;0.0;3.999737579E7
11;63 < -101;0.0;3.999722856E7
12;63 < -101;0.0;3.999735876E7
13;63 < -101;0.0;3.999743497E7
14;63 < -101;0.0;3.999738913E7
15;63 < -100;0.0;3.999737732E7
16;63 < -100;0.0;3.999747172E7
17;63 < -100;0.0;3.999742433E7
18;63 < -100;0.0;3.999741837E7
19;63 < -100;0.0;3.999741875E7
20;63 < -100;0.0;3.99973784E7
21;63 < -100;0.0;3.999738485E7
22;63 < -100;0.0;3.999725721E7
23;63 < -100;0.0;4.000212799E7
24;63 < -100;0.0;3.999742825E7
25;63 < -99;0.0;3.998805072E7
26;63 < -99;0.0;3.999746836E7
27;63 < -99;0.0;3.999736935E7
28;63 < -99;0.0;3.999749722E7
29;63 < -99;0.0;3.999753644E7
30;63 < -99;0.0;3.99974621E7
31;63 < -99;0.0;3.999747062E7
32;63 < -99;0.0;3.999749349E7
33;63 < -99;0.0;3.99926399E7
34;63 < -99;0.0;3.999742086E7
35;63 < -98;0.0;3.99975686E7
36;63 < -98;0.0;3.999741978E7
37;63 < -98;0.0;3.999746494E7
38;63 < -98;0.0;3.99974463E7
39;63 < -98;0.0;3.999745912E7
40;63 < -98;0.0;3.999745993E7
41;63 < -98;0.0;3.999732447E7
42;63 < -98;0.0;3.999741908E7
43;63 < -98;0.0;3.999745262E7
44;63 < -98;0.0;3.999738146E7
45;63 < -97;0.0;3.99973472E7
46;63 < -97;0.0;3.999737871E7
47;63 < -97;0.0;3.999732763E7
48;63 < -97;0.0;3.999762734E7
49;63 < -97;0.0;3.99975509E7
50;63 < -97;0.0;3.999744843E7
51;63 < -97;0.0;3.999741323E7
52;63 < -97;0.0;3.999743547E7
53;63 < -97;0.0;3.999748043E7
54;63 < -97;0.0;3.999738182E7
55;63 < -96;0.0;3.999737135E7
56;63 < -96;0.0;3.999746327E7
57;63 < -96;0.0;3.999750073E7
58;63 < -96;0.0;3.999734472E7
59;63 < -96;0.0;3.999744729E7
60;63 < -96;0.0;3.999735439E7
61;63 < -96;0.0;3.999745326E7
62;63 < -96;0.0;3.999744324E7
63;63 < -96;0.0;3.999733515E7
64;63 < -96;0.0;3.99973909E7
65;63 < -95;0.0;3.998974333E7
66;63 < -95;0.0;3.999743799E7
67;63 < -95;0.0;3.999741284E7
68;63 < -95;0.0;3.999744419E7
69;63 < -95;0.0;3.999742704E7
70;63 < -95;0.0;3.999744118E7
71;63 < -95;0.0;3.999737326E7
72;63 < -95;0.0;3.999723093E7
73;63 < -95;0.0;4.000244797E7
74;63 < -95;0.0;3.999752255E7
75;63 < -94;0.0;3.999741281E7
76;63 < -94;0.0;3.999743007E7
77;63 < -94;0.0;3.999741041E7
78;63 < -94;0.0;3.999747434E7
79;63 < -94;0.0;3.999743495E7
80;63 < -94;0.0;3.999737174E7
81;63 < -94;0.0;3.99972777E7
82;63 < -94;0.0;3.999741479E7
83;63 < -94;0.0;3.999687862E7
84;63 < -94;0.0;3.999739434E7
85;63 < -93;0.0;3.999729698E7
86;63 < -93;0.0;3.999734327E7
87;63 < -93;0.0;3.999738918E7
88;63 < -93;0.0;3.999734971E7
89;63 < -93;0.0;3.999731205E7
90;63 < -93;0.0;3.999742938E7
91;63 < -93;0.0;3.999740228E7
92;63 < -93;0.0;3.999735548E7
93;63 < -93;0.0;3.999732575E7
94;63 < -93;0.0;3.99974018E7
95;63 < -92;0.0;3.999740348E7
96;63 < -92;0.0;3.999754137E7
97;63 < -92;0.0;3.99973081E7
98;63 < -92;0.0;4.000236948E7
99;63 < -92;0.0;3.999735618E7
100;63 < -92;0.0;3.999741252E7
101;63 < -92;0.0;3.999735585E7
102;63 < -92;0.0;3.999733078E7
103;63 < -92;0.0;3.999742474E7
104;63 < -92;0.0;3.999728129E7
105;63 < -91;0.0;3.999734362E7
106;63 < -91;0.0;3.999736596E7
107;63 < -91;0.0;3.999740523E7
108;63 < -91;0.0;3.999262035E7
109;63 < -91;0.0;3.999734192E7
110;63 < -91;0.0;3.999739814E7
111;63 < -91;0.0;3.999738402E7
112;63 < -91;0.0;3.99972547E7
113;63 < -91;0.0;3.99973376E7
114;63 < -91;0.0;3.999749957E7
115;63 < -90;0.0;3.999744083E7
116;63 < -90;0.0;3.999739526E7
117;63 < -90;0.0;3.999732511E7
118;63 < -90;0.0;3.999736692E7
119;63 < -90;0.0;3.99972977E7
120;63 < -90;0.0;3.999741666E7
121;63 < -90;0.0;3.999733068E7
122;63 < -90;0.0;3.999738969E7
123;63 < -90;0.0;4.000229008E7
124;63 < -90;0.0;3.999745753E7
125;63 < -89;0.0;3.999735834E7
126;63 < -89;0.0;3.999738257E7
127;63 < -89;0.0;3.999744578E7
128;63 < -89;0.0;3.999742396E7
129;63 < -89;0.0;3.999732387E7
130;63 < -89;0.0;3.999728776E7
131;63 < -89;0.0;3.999728754E7
132;63 < -89;0.0;3.999738745E7
133;63 < -89;0.0;3.999731033E7
134;63 < -89;0.0;3.999728377E7
135;63 < -88;0.0;3.999719456E7
136;63 < -88;0.0;3.999743775E7
137;63 < -88;0.0;3.999713425E7
138;63 < -88;0.0;3.999739975E7
139;63 < -88;0.0;3.999733107E7
140;63 < -88;0.0;3.999744181E7
141;63 < -88;0.0;3.999730685E7
142;63 < -88;0.0;3.999710829E7
143;63 < -88;0.0;3.999739875E7
144;63 < -88;0.0;3.999728265E7
145;63 < -87;0.0;3.999729662E7
146;63 < -87;0.0;3.999731574E7
147;63 < -87;0.0;3.999726209E7
148;63 < -87;0.0;4.000212231E7
149;63 < -87;0.0;3.999744764E7
150;63 < -87;0.0;3.999734574E7
151;63 < -87;0.0;3.999735895E7
152;63 < -87;0.0;3.999728246E7
153;63 < -87;0.0;3.999732282E7
154;63 < -87;0.0;3.999727049E7
155;63 < -86;0.0;3.999731257E7
156;63 < -86;0.0;3.999727795E7
157;63 < -86;0.0;3.999731056E7
158;63 < -86;0.0;3.99971964E7
159;63 < -86;0.0;3.999733059E7
160;63 < -86;0.0;3.999746747E7
161;63 < -86;0.0;3.999716251E7
162;63 < -86;0.0;3.99973873E7
163;63 < -86;0.0;3.999725778E7
164;63 < -86;0.0;3.999746339E7
165;63 < -85;0.0;3.999729734E7
166;63 < -85;0.0;3.99972349E7
167;63 < -85;0.0;3.999720642E7
168;63 < -85;0.0;3.999727095E7
169;63 < -85;0.0;3.999734627E7
170;63 < -85;0.0;3.999724318E7
171;63 < -85;0.0;3.999731621E7
172;63 < -85;0.0;3.999724264E7
173;63 < -85;0.0;3.99974256E7
174;63 < -85;0.0;3.999737849E7
175;63 < -84;0.0;3.999730931E7
176;63 < -84;0.0;3.999732214E7
177;63 < -84;0.0;3.999723929E7
178;63 < -84;0.0;3.999737125E7
179;63 < -84;0.0;3.999728028E7
180;63 < -84;0.0;3.999736188E7
181;63 < -84;0.0;3.99973631E7
182;63 < -84;0.0;3.999737405E7
183;63 < -84;0.0;3.999246248E7
184;63 < -84;0.0;3.999723575E7
185;63 < -83;0.0;3.999743198E7
186;63 < -83;0.0;3.9997232E7
187;63 < -83;0.0;3.999731049E7
188;63 < -83;0.0;3.999717449E7
189;63 < -83;0.0;3.999726973E7
190;63 < -83;0.0;3.999726228E7
191;63 < -83;0.0;3.999726784E7
192;63 < -83;0.0;3.99971961E7
193;63 < -83;0.0;3.999731908E7
194;63 < -83;0.0;3.999719989E7
195;63 < -82;0.0;3.999735344E7
196;63 < -82;0.0;3.999724412E7
197;63 < -82;0.0;3.99974397E7
198;63 < -82;0.0;4.000224162E7
199;63 < -82;0.0;3.999744808E7
200;63 < -82;0.0;3.999721901E7
201;63 < -82;0.0;3.999725028E7
202;63 < -82;0.0;3.999723399E7
203;63 < -82;0.0;4.000491868E7
204;63 < -82;0.0;3.999725305E7
205;63 < -81;0.0;3.999716253E7
206;63 < -81;0.0;3.99971489E7
207;63 < -81;0.0;3.999726899E7
208;63 < -81;0.0;3.999711835E7
209;63 < -81;0.0;3.999718596E7
210;63 < -81;0.0;3.999727911E7
211;63 < -81;0.0;3.999704454E7
212;63 < -81;0.0;3.999720072E7
213;63 < -81;0.0;3.999724885E7
214;63 < -81;0.0;3.999709751E7
215;63 < -80;0.0;3.999730427E7
216;63 < -80;0.0;3.99972502E7
217;63 < -80;0.0;3.999729766E7
218;63 < -80;0.0;3.999731379E7
219;63 < -80;0.0;3.999714746E7
220;63 < -80;0.0;3.999734301E7
221;63 < -80;0.0;3.999720445E7
222;63 < -80;0.0;3.999725145E7
223;63 < -80;0.0;4.000775225E7
224;63 < -80;0.0;3.999725189E7
225;63 < -79;0.0;3.999730076E7
226;63 < -79;0.0;3.99971598E7
227;63 < -79;0.0;3.999704813E7
228;63 < -79;0.0;3.999726697E7
229;63 < -79;0.0;3.99972459E7
230;63 < -79;0.0;3.999725964E7
231;63 < -79;0.0;3.999719803E7
232;63 < -79;0.0;3.999727946E7
233;63 < -79;0.0;3.999710757E7
234;63 < -79;0.0;3.999733087E7
235;63 < -78;0.0;3.999726539E7
236;63 < -78;0.0;3.999731658E7
237;63 < -78;0.0;3.999720909E7
238;63 < -78;0.0;3.999720165E7
239;63 < -78;0.0;3.999725794E7
240;63 < -78;0.0;3.999731716E7
241;63 < -78;0.0;3.9997221E7
242;63 < -78;0.0;3.999729015E7
243;63 < -78;0.0;3.999736836E7
244;63 < -78;0.0;3.999707668E7
245;63 < -77;0.0;3.99971132E7
246;63 < -77;0.0;3.999714735E7
247;63 < -77;0.0;3.999719086E7
248;63 < -77;0.0;4.000226055E7
249;63 < -77;0.0;3.999734351E7
250;63 < -77;0.0;3.999732647E7
251;63 < -77;0.0;3.999725403E7
252;63 < -77;0.0;3.999715004E7
253;63 < -77;0.0;3.999717001E7
254;63 < -77;0.0;3.999719201E7
255;63 < -76;0.0;3.999715013E7
256;63 < -76;0.0;3.999722834E7
257;63 < -76;0.0;3.99972075E7
258;63 < -76;0.0;3.999702069E7
259;63 < -76;0.0;3.999728538E7
260;63 < -76;0.0;3.999719781E7
261;63 < -76;0.0;3.99972145E7
262;63 < -76;0.0;3.999710271E7
263;63 < -76;0.0;3.999715382E7
264;63 < -76;0.0;3.999724186E7
265;63 < -75;0.0;3.999724492E7
266;63 < -75;0.0;3.999720285E7
267;63 < -75;0.0;3.999710538E7
268;63 < -75;0.0;3.999713392E7
269;63 < -75;0.0;3.999724588E7
270;63 < -75;0.0;3.999717586E7
271;63 < -75;0.0;3.999719079E7
272;63 < -75;0.0;3.999715347E7
273;63 < -75;0.0;4.000205106E7
274;63 < -75;0.0;3.999731777E7
275;63 < -74;0.0;3.99972809E7
276;63 < -74;0.0;3.999713389E7
277;63 < -74;0.0;3.999721878E7
278;63 < -74;0.0;3.999725722E7
279;63 < -74;0.0;3.999722215E7
280;63 < -74;0.0;3.999716671E7
281;63 < -74;0.0;3.999730934E7
282;63 < -74;0.0;3.999732431E7
283;63 < -74;0.0;3.999232512E7
284;63 < -74;0.0;3.999725546E7
285;63 < -73;0.0;3.999722962E7
286;63 < -73;0.0;3.999718626E7
287;63 < -73;0.0;3.999719115E7
288;63 < -73;0.0;3.999724659E7
289;63 < -73;0.0;3.999713568E7
290;63 < -73;0.0;3.999723008E7
291;63 < -73;0.0;3.999719112E7
292;63 < -73;0.0;3.999725112E7
293;63 < -73;0.0;3.999725483E7
294;63 < -73;0.0;3.999714865E7
295;63 < -72;0.0;3.999724477E7
296;63 < -72;0.0;3.999712833E7
297;63 < -72;0.0;3.999715291E7
298;63 < -72;0.0;4.000215781E7
299;63 < -72;0.0;3.999732403E7
300;63 < -72;0.0;3.999722122E7
301;63 < -72;0.0;3.999708441E7
302;63 < -72;0.0;3.999720991E7
303;63 < -72;0.0;3.999717876E7
304;63 < -72;0.0;3.999715322E7
305;63 < -71;0.0;3.999712568E7
306;63 < -71;0.0;3.999721078E7
307;63 < -71;0.0;3.999706388E7
308;63 < -71;0.0;3.999704807E7
309;63 < -71;0.0;3.999714213E7
310;63 < -71;0.0;3.999717594E7
311;63 < -71;0.0;3.999728349E7
312;63 < -71;0.0;3.999704921E7
313;63 < -71;0.0;3.999724001E7
314;63 < -71;0.0;3.999711692E7
315;63 < -70;0.0;3.999705884E7
316;63 < -70;0.0;3.999707761E7
317;63 < -70;0.0;3.999718025E7
318;63 < -70;0.0;3.999720403E7
319;63 < -70;0.0;3.999707692E7
320;63 < -70;0.0;3.999716036E7
321;63 < -70;0.0;3.999719402E7
322;63 < -70;0.0;3.999713403E7
323;63 < -70;0.0;4.000203168E7
324;63 < -70;0.0;3.999721928E7
325;63 < -69;0.0;3.99972219E7
326;63 < -69;0.0;3.999708081E7
327;63 < -69;0.0;3.999702419E7
328;63 < -69;0.0;3.999718414E7
329;63 < -69;0.0;3.999708634E7
330;63 < -69;0.0;3.999701542E7
331;63 < -69;0.0;3.999708806E7
332;63 < -69;0.0;3.999708056E7
333;63 < -69;0.0;3.999705289E7
334;63 < -69;0.0;3.999708678E7
335;63 < -68;0.0;3.999708251E7
336;63 < -68;0.0;3.999710749E7
337;63 < -68;0.0;3.999704743E7
338;63 < -68;0.0;3.999702931E7
339;63 < -68;0.0;3.99971771E7
340;63 < -68;0.0;3.999713993E7
341;63 < -68;0.0;3.999701572E7
342;63 < -68;0.0;3.999722467E7
343;63 < -68;0.0;3.999706276E7
344;63 < -68;0.0;3.999707757E7
345;63 < -67;0.0;3.999700504E7
346;63 < -67;0.0;3.999713604E7
347;63 < -67;0.0;3.999710279E7
348;63 < -67;0.0;3.999727172E7
349;63 < -67;0.0;3.999711476E7
350;63 < -67;0.0;3.999709618E7
351;63 < -67;0.0;3.999710694E7
352;63 < -67;0.0;3.999711873E7
353;63 < -67;0.0;3.999705794E7
354;63 < -67;0.0;3.999705626E7
355;63 < -66;0.0;3.999711057E7
356;63 < -66;0.0;3.99971171E7
357;63 < -66;0.0;3.999702248E7
358;63 < -66;0.0;3.999701467E7
359;63 < -66;0.0;3.999714061E7
360;63 < -66;0.0;3.999719664E7
361;63 < -66;0.0;3.999711678E7
362;63 < -66;0.0;3.999711962E7
363;63 < -66;0.0;3.999707208E7
364;63 < -66;0.0;3.999693407E7
365;63 < -65;0.0;3.99971605E7
366;63 < -65;0.0;3.999694456E7
367;63 < -65;0.0;3.999689843E7
368;63 < -65;0.0;3.999703634E7
369;63 < -65;0.0;3.999701184E7
370;63 < -65;0.0;3.999710123E7
371;63 < -65;0.0;3.999708818E7
372;63 < -65;0.0;3.999708407E7
373;63 < -65;0.0;4.000184044E7
374;63 < -65;0.0;3.999711218E7
375;63 < -64;0.0;3.999707336E7
376;63 < -64;0.0;3.999697638E7
377;63 < -64;0.0;3.999714778E7
378;63 < -64;0.0;3.999714369E7
379;63 < -64;0.0;3.999707401E7
380;63 < -64;0.0;3.999734365E7
381;63 < -64;0.0;3.999716245E7
382;63 < -64;0.0;3.999705479E7
383;63 < -64;0.0;3.999231333E7
384;63 < -64;0.0;3.99970671E7
385;63 < -63;0.0;3.99970195E7
386;63 < -63;0.0;3.999704945E7
387;63 < -63;0.0;3.999707556E7
388;63 < -63;0.0;3.999699767E7
389;63 < -63;0.0;3.999705956E7
390;63 < -63;0.0;3.99970407E7
391;63 < -63;0.0;3.999718374E7
392;63 < -63;0.0;3.999703156E7
393;63 < -63;0.0;3.999703748E7
394;63 < -63;0.0;3.999708107E7
395;63 < -62;0.0;3.999707124E7
396;63 < -62;0.0;3.999708983E7
397;63 < -62;0.0;3.999694982E7
398;63 < -62;0.0;4.000206231E7
399;63 < -62;0.0;3.999711733E7
400;63 < -62;0.0;3.999703184E7
401;63 < -62;0.0;3.999710376E7
402;63 < -62;0.0;3.999682343E7
403;63 < -62;0.0;3.999712369E7
404;63 < -62;0.0;3.99971256E7
405;63 < -61;0.0;3.999704836E7
406;63 < -61;0.0;3.999706469E7
407;63 < -61;0.0;3.999707228E7
408;63 < -61;0.0;3.999688431E7
409;63 < -61;0.0;3.999706152E7
410;63 < -61;0.0;3.999700752E7
411;63 < -61;0.0;3.999701376E7
412;63 < -61;0.0;3.999709318E7
413;63 < -61;0.0;3.99970423E7
414;63 < -61;0.0;3.999711216E7
415;63 < -60;0.0;3.999713578E7
416;63 < -60;0.0;3.999708489E7
417;63 < -60;0.0;3.999699266E7
418;63 < -60;0.0;3.999712956E7
419;63 < -60;0.0;3.999706579E7
420;63 < -60;0.0;3.999703875E7
421;63 < -60;0.0;3.999711518E7
422;63 < -60;0.0;3.999705466E7
423;63 < -60;0.0;3.999719245E7
424;63 < -60;0.0;3.999712961E7
425;63 < -59;0.0;3.99969348E7
426;63 < -59;0.0;3.99970843E7
427;63 < -59;0.0;3.999698047E7
428;63 < -59;0.0;3.999701889E7
429;63 < -59;0.0;3.999700294E7
430;63 < -59;0.0;3.999704325E7
431;63 < -59;0.0;3.999692364E7
432;63 < -59;0.0;3.999704348E7
433;63 < -59;0.0;3.99968967E7
434;63 < -59;0.0;3.999697207E7
435;63 < -58;0.0;3.99970636E7
436;63 < -58;0.0;3.999700612E7
437;63 < -58;0.0;3.999708311E7
438;63 < -58;0.0;3.999679978E7
439;63 < -58;0.0;3.999711439E7
440;63 < -58;0.0;3.999710173E7
441;63 < -58;0.0;3.999709495E7
442;63 < -58;0.0;3.999698812E7
443;63 < -58;0.0;3.999702594E7
444;63 < -58;0.0;3.999691046E7
445;63 < -57;0.0;3.999717347E7
446;63 < -57;0.0;3.999700153E7
447;63 < -57;0.0;3.999697897E7
448;63 < -57;0.0;4.000186821E7
449;63 < -57;0.0;3.999706506E7
450;63 < -57;0.0;3.999698663E7
451;63 < -57;0.0;3.99970528E7
452;63 < -57;0.0;3.999717923E7
453;63 < -57;0.0;3.999699314E7
454;63 < -57;0.0;3.99970303E7
455;63 < -56;0.0;3.999699747E7
456;63 < -56;0.0;3.999685573E7
457;63 < -56;0.0;3.999708065E7
458;63 < -56;0.0;3.999213648E7
459;63 < -56;0.0;3.999706332E7
460;63 < -56;0.0;3.999702664E7
461;63 < -56;0.0;3.999708451E7
462;63 < -56;0.0;3.999700462E7
463;63 < -56;0.0;3.999700563E7
464;63 < -56;0.0;3.999698401E7
465;63 < -55;0.0;3.999696652E7
466;63 < -55;0.0;3.999702709E7
467;63 < -55;0.0;3.999698506E7
468;63 < -55;0.0;3.99970135E7
469;63 < -55;0.0;3.99970381E7
470;63 < -55;0.0;3.999695468E7
471;63 < -55;0.0;3.999699457E7
472;63 < -55;0.0;3.999691741E7
473;63 < -55;0.0;4.000206943E7
474;63 < -55;0.0;3.998944625E7
475;63 < -54;0.0;3.99969909E7
476;63 < -54;0.0;3.99969419E7
477;63 < -54;0.0;3.999698994E7
478;63 < -54;0.0;3.999701696E7
479;63 < -54;0.0;3.999707853E7
480;63 < -54;0.0;3.999699786E7
481;63 < -54;0.0;3.999693987E7
482;63 < -54;0.0;3.999695808E7
483;63 < -54;0.0;3.999211635E7
484;63 < -54;0.0;3.999699539E7
485;63 < -53;0.0;3.999702593E7
486;63 < -53;0.0;3.99969886E7
487;63 < -53;0.0;3.999710456E7
488;63 < -53;0.0;3.999698082E7
489;63 < -53;0.0;3.999702388E7
490;63 < -53;0.0;3.999696974E7
491;63 < -53;0.0;3.99969628E7
492;63 < -53;0.0;3.999697204E7
493;63 < -53;0.0;3.999687981E7
494;63 < -53;0.0;3.999696246E7
495;63 < -52;0.0;3.999701851E7
496;63 < -52;0.0;3.999693921E7
497;63 < -52;0.0;3.999693502E7
498;63 < -52;0.0;4.000205507E7
499;63 < -52;0.0;3.999707338E7
500;63 < -52;0.0;3.999696557E7
501;63 < -52;0.0;3.999698942E7
502;63 < -52;0.0;3.999692005E7
503;63 < -52;0.0;3.999704834E7
504;63 < -52;0.0;3.999688619E7
505;63 < -51;0.0;3.999697649E7
506;63 < -51;0.0;3.999704189E7
507;63 < -51;0.0;3.999696798E7
508;63 < -51;0.0;3.999692021E7
509;63 < -51;0.0;3.999694749E7
510;63 < -51;0.0;3.999686875E7
511;63 < -51;0.0;3.999698667E7
512;63 < -51;0.0;3.999691536E7
513;63 < -51;0.0;3.999681096E7
514;63 < -51;0.0;3.999701965E7
515;63 < -50;0.0;3.999700063E7
516;63 < -50;0.0;3.999691051E7
517;63 < -50;0.0;3.999697194E7
518;63 < -50;0.0;3.999687697E7
519;63 < -50;0.0;3.999701674E7
520;63 < -50;0.0;3.999682782E7
521;63 < -50;0.0;3.999703859E7
522;63 < -50;0.0;3.999695629E7
523;63 < -50;0.0;4.000193123E7
524;63 < -50;0.0;3.999694734E7
525;63 < -49;0.0;3.999691481E7
526;63 < -49;0.0;3.999691887E7
527;63 < -49;0.0;3.999705238E7
528;63 < -49;0.0;3.999693845E7
529;63 < -49;0.0;3.999693127E7
530;63 < -49;0.0;3.999694914E7
531;63 < -49;0.0;3.999693624E7
532;63 < -49;0.0;3.999689026E7
533;63 < -49;0.0;3.999214146E7
534;63 < -49;0.0;3.999691671E7
535;63 < -48;0.0;3.999684504E7
536;63 < -48;0.0;3.999693435E7
537;63 < -48;0.0;3.999693287E7
538;63 < -48;0.0;3.999694886E7
539;63 < -48;0.0;3.99969745E7
540;63 < -48;0.0;3.999693501E7
541;63 < -48;0.0;3.999691819E7
542;63 < -48;0.0;3.999691943E7
543;63 < -48;0.0;3.999693449E7
544;63 < -48;0.0;3.999703824E7
545;63 < -47;0.0;3.99968891E7
546;63 < -47;0.0;3.999689605E7
547;63 < -47;0.0;3.999692855E7
548;63 < -47;0.0;4.000176301E7
549;63 < -47;0.0;3.999699172E7
550;63 < -47;0.0;3.999695241E7
551;63 < -47;0.0;3.999689671E7
552;63 < -47;0.0;3.999681735E7
553;63 < -47;0.0;3.999685847E7
554;63 < -47;0.0;3.999673659E7
555;63 < -46;0.0;3.999672517E7
556;63 < -46;0.0;3.9996932E7
557;63 < -46;0.0;3.999684476E7
558;63 < -46;0.0;3.999682147E7
559;63 < -46;0.0;3.999692962E7
560;63 < -46;0.0;3.999684144E7
561;63 < -46;0.0;3.999690607E7
562;63 < -46;0.0;3.999698103E7
563;63 < -46;0.0;3.999689906E7
564;63 < -46;0.0;3.999686468E7
565;63 < -45;0.0;3.999691136E7
566;63 < -45;0.0;3.999680256E7
567;63 < -45;0.0;3.999692626E7
568;63 < -45;0.0;3.999695316E7
569;63 < -45;0.0;3.999682489E7
570;63 < -45;0.0;3.999691381E7
571;63 < -45;0.0;3.999692365E7
572;63 < -45;0.0;3.99968602E7
573;63 < -45;0.0;3.999685705E7
574;63 < -45;0.0;3.99969501E7
575;63 < -44;0.0;3.999683081E7
576;63 < -44;0.0;3.999693416E7
577;63 < -44;0.0;3.999687922E7
578;63 < -44;0.0;3.999696729E7
579;63 < -44;0.0;3.99968852E7
580;63 < -44;0.0;3.999688452E7
581;63 < -44;0.0;3.999686768E7
582;63 < -44;0.0;3.99969072E7
583;63 < -44;0.0;3.999203771E7
584;63 < -44;0.0;3.999672143E7
585;63 < -43;0.0;3.999680621E7
586;63 < -43;0.0;3.999689746E7
587;63 < -43;0.0;3.9996832E7
588;63 < -43;0.0;3.9996984E7
589;63 < -43;0.0;3.999684192E7
590;63 < -43;0.0;3.999689663E7
591;63 < -43;0.0;3.999689082E7
592;63 < -43;0.0;3.999695903E7
593;63 < -43;0.0;3.999688735E7
594;63 < -43;0.0;4.000456338E7
595;63 < -42;0.0;3.9996777E7
596;63 < -42;0.0;3.999681741E7
597;63 < -42;0.0;3.999977264E7
598;63 < -42;0.0;3.999687888E7
599;63 < -42;0.0;3.999691625E7
600;63 < -42;0.0;3.999684362E7
601;63 < -42;0.0;3.999686558E7
602;63 < -42;0.0;3.999689076E7
603;63 < -42;0.0;3.999673468E7
604;63 < -42;0.0;3.999669919E7
605;63 < -41;0.0;3.999683933E7
606;63 < -41;0.0;3.999686907E7
607;63 < -41;0.0;3.999693813E7
608;63 < -41;0.0;3.999688921E7
609;63 < -41;0.0;3.999698036E7
610;63 < -41;0.0;3.999693893E7
611;63 < -41;0.0;3.999695801E7
612;63 < -41;0.0;3.999687167E7
613;63 < -41;0.0;3.999684895E7
614;63 < -41;0.0;3.999689554E7
615;63 < -40;0.0;3.999701493E7
616;63 < -40;0.0;3.999695835E7
617;63 < -40;0.0;3.999684293E7
618;63 < -40;0.0;3.999682113E7
619;63 < -40;0.0;3.999685597E7
620;63 < -40;0.0;3.999690282E7
621;63 < -40;0.0;3.999685524E7
622;63 < -40;0.0;3.999690867E7
623;63 < -40;0.0;3.999710345E7
624;63 < -40;0.0;3.999705928E7
625;63 < -39;0.0;3.99969139E7
626;63 < -39;0.0;3.999687989E7
627;63 < -39;0.0;3.99968732E7
628;63 < -39;0.0;3.999691605E7
629;63 < -39;0.0;3.999685879E7
630;63 < -39;0.0;3.999696351E7
631;63 < -39;0.0;3.999684143E7
632;63 < -39;0.0;3.999697901E7
633;63 < -39;0.0;3.999682882E7
634;63 < -39;0.0;3.999693042E7
635;63 < -38;0.0;3.999692045E7
636;63 < -38;0.0;3.999696314E7
637;63 < -38;0.0;3.999695253E7
638;63 < -38;0.0;3.999684851E7
639;63 < -38;0.0;3.99969071E7
640;63 < -38;0.0;3.999690738E7
641;63 < -38;0.0;3.999693455E7
642;63 < -38;0.0;3.999689994E7
643;63 < -38;0.0;3.999687021E7
644;63 < -38;0.0;3.99967531E7
645;63 < -37;0.0;3.999675453E7
646;63 < -37;0.0;3.999684116E7
647;63 < -37;0.0;3.999687155E7
648;63 < -37;0.0;3.999703339E7
649;63 < -37;0.0;3.999683733E7
650;63 < -37;0.0;3.999694529E7
651;63 < -37;0.0;3.999678603E7
652;63 < -37;0.0;3.999683564E7
653;63 < -37;0.0;3.999677627E7
654;63 < -37;0.0;3.999682026E7
655;63 < -36;0.0;3.999679224E7
656;63 < -36;0.0;3.999682995E7
657;63 < -36;0.0;3.999705319E7
658;63 < -36;0.0;3.999684335E7
659;63 < -36;0.0;3.999677792E7
660;63 < -36;0.0;3.999680049E7
661;63 < -36;0.0;3.999685827E7
662;63 < -36;0.0;3.999690683E7
663;63 < -36;0.0;3.999685128E7
664;63 < -36;0.0;3.999702192E7
665;63 < -35;0.0;3.999677772E7
666;63 < -35;0.0;3.999681902E7
667;63 < -35;0.0;3.999675094E7
668;63 < -35;0.0;3.999680021E7
669;63 < -35;0.0;3.999679522E7
670;63 < -35;0.0;3.999687175E7
671;63 < -35;0.0;3.999679309E7
672;63 < -35;0.0;3.999687605E7
673;63 < -35;0.0;3.999698648E7
674;63 < -35;0.0;3.999689228E7
675;63 < -34;0.0;3.999684525E7
676;63 < -34;0.0;3.999687925E7
677;63 < -34;0.0;3.999685058E7
678;63 < -34;0.0;3.999686353E7
679;63 < -34;0.0;3.999693639E7
680;63 < -34;0.0;3.999679708E7
681;63 < -34;0.0;3.999678055E7
682;63 < -34;0.0;3.999665697E7
683;63 < -34;0.0;3.999659131E7
684;63 < -34;0.0;3.999672011E7
685;63 < -33;0.0;3.999672045E7
686;63 < -33;0.0;3.999673412E7
687;63 < -33;0.0;3.99966843E7
688;63 < -33;0.0;3.999656023E7
689;63 < -33;0.0;3.999677357E7
690;63 < -33;0.0;3.999687458E7
691;63 < -33;0.0;3.99968386E7
692;63 < -33;0.0;3.999686044E7
693;63 < -33;0.0;3.99967863E7
694;63 < -33;0.0;3.999682308E7
695;63 < -32;0.0;3.99966853E7
696;63 < -32;0.0;3.999681803E7
697;63 < -32;0.0;3.99967684E7
698;63 < -32;0.0;3.999700413E7
699;63 < -32;0.0;3.999704901E7
700;63 < -32;0.0;3.999688296E7
701;63 < -32;0.0;3.999685724E7
702;63 < -32;0.0;3.999683135E7
703;63 < -32;0.0;3.999671516E7
704;63 < -32;0.0;3.999679249E7
705;63 < -31;0.0;3.999675116E7
706;63 < -31;0.0;3.999656972E7
707;63 < -31;0.0;3.999669382E7
708;63 < -31;0.0;3.999680092E7
709;63 < -31;0.0;3.99968322E7
710;63 < -31;0.0;3.999676241E7
711;63 < -31;0.0;3.999679226E7
712;63 < -31;0.0;3.99967655E7
713;63 < -31;0.0;3.999675741E7
714;63 < -31;0.0;3.99966933E7
715;63 < -30;0.0;3.999688597E7
716;63 < -30;0.0;3.999682019E7
717;63 < -30;0.0;3.999677149E7
718;63 < -30;0.0;3.999679035E7
719;63 < -30;0.0;3.999680498E7
720;63 < -30;0.0;3.999686071E7
721;63 < -30;0.0;3.999668554E7
722;63 < -30;0.0;3.999675246E7
723;63 < -30;0.0;3.999697187E7
724;63 < -30;0.0;3.999690896E7
725;63 < -29;0.0;3.999671656E7
726;63 < -29;0.0;3.99967892E7
727;63 < -29;0.0;3.999672438E7
728;63 < -29;0.0;3.999656873E7
729;63 < -29;0.0;3.999671712E7
730;63 < -29;0.0;3.99967224E7
731;63 < -29;0.0;3.999671706E7
732;63 < -29;0.0;3.999673366E7
733;63 < -29;0.0;3.999666341E7
734;63 < -29;0.0;3.999678526E7
735;63 < -28;0.0;3.999677315E7
736;63 < -28;0.0;3.999676308E7
737;63 < -28;0.0;3.999667287E7
738;63 < -28;0.0;3.999653642E7
739;63 < -28;0.0;3.999665668E7
740;63 < -28;0.0;3.999682745E7
741;63 < -28;0.0;3.999676746E7
742;63 < -28;0.0;3.999675022E7
743;63 < -28;0.0;3.999682405E7
744;63 < -28;0.0;3.999669625E7
745;63 < -27;0.0;3.999674333E7
746;63 < -27;0.0;3.999665123E7
747;63 < -27;0.0;3.999660133E7
748;63 < -27;0.0;3.999686887E7
749;63 < -27;0.0;3.999678046E7
750;63 < -27;0.0;3.99967378E7
751;63 < -27;0.0;3.999663158E7
752;63 < -27;0.0;3.999672433E7
753;63 < -27;0.0;3.999674658E7
754;63 < -27;0.0;3.999668057E7
755;63 < -26;0.0;3.999665619E7
756;63 < -26;0.0;3.999674746E7
757;63 < -26;0.0;3.999665261E7
758;63 < -26;0.0;3.999675675E7
759;63 < -26;0.0;3.999682423E7
760;63 < -26;0.0;3.999685227E7
761;63 < -26;0.0;3.999676755E7
762;63 < -26;0.0;3.99968637E7
763;63 < -26;0.0;3.999671109E7
764;63 < -26;0.0;3.999680087E7
765;63 < -25;0.0;3.999673641E7
766;63 < -25;0.0;3.999680762E7
767;63 < -25;0.0;3.999675589E7
768;63 < -25;0.0;3.999662273E7
769;63 < -25;0.0;3.999658621E7
770;63 < -25;0.0;3.999653838E7
771;63 < -25;0.0;3.999675567E7
772;63 < -25;0.0;3.999673703E7
773;63 < -25;0.0;3.999693609E7
774;63 < -25;0.0;3.999664821E7
775;63 < -24;0.0;3.999657687E7
776;63 < -24;0.0;3.999673822E7
777;63 < -24;0.0;3.999671261E7
778;63 < -24;0.0;3.999672193E7
779;63 < -24;0.0;3.999673981E7
780;63 < -24;0.0;3.999668271E7
781;63 < -24;0.0;3.999692157E7
782;63 < -24;0.0;3.999672807E7
783;63 < -24;0.0;3.999650264E7
784;63 < -24;0.0;3.999683495E7
785;63 < -23;0.0;3.999657718E7
786;63 < -23;0.0;3.999667466E7
787;63 < -23;0.0;3.999668022E7
788;63 < -23;0.0;3.999673401E7
789;63 < -23;0.0;3.999673078E7
790;63 < -23;0.0;3.999673698E7
791;63 < -23;0.0;3.999663493E7
792;63 < -23;0.0;3.999673793E7
793;63 < -23;0.0;3.999658326E7
794;63 < -23;0.0;3.999663128E7
795;63 < -22;0.0;3.999674458E7
796;63 < -22;0.0;3.999682934E7
797;63 < -22;0.0;3.999667582E7
798;63 < -22;0.0;3.999697149E7
799;63 < -22;0.0;3.999680443E7
800;63 < -22;0.0;3.999654044E7
801;63 < -22;0.0;3.999663168E7
802;63 < -22;0.0;3.999673077E7
803;63 < -22;0.0;3.9996629E7
804;63 < -22;0.0;3.999671632E7
805;63 < -21;0.0;3.99966772E7
806;63 < -21;0.0;3.999671181E7
807;63 < -21;0.0;3.999669525E7
808;63 < -21;0.0;3.999670049E7
809;63 < -21;0.0;3.999667839E7
810;63 < -21;0.0;3.999665095E7
811;63 < -21;0.0;3.99888847E7
812;63 < -21;0.0;3.999673379E7
813;63 < -21;0.0;3.999666954E7
814;63 < -21;0.0;3.999661341E7
815;63 < -20;0.0;3.999669468E7
816;63 < -20;0.0;3.999668884E7
817;63 < -20;0.0;3.99966598E7
818;63 < -20;0.0;3.999668296E7
819;63 < -20;0.0;3.999668667E7
820;63 < -20;0.0;3.999668434E7
821;63 < -20;0.0;3.999668957E7
822;63 < -20;0.0;3.999671117E7
823;63 < -20;0.0;3.99969624E7
824;63 < -20;0.0;3.999681728E7
825;63 < -19;0.0;3.99966844E7
826;63 < -19;0.0;3.99966249E7
827;63 < -19;0.0;3.999662568E7
828;63 < -19;0.0;3.999651367E7
829;63 < -19;0.0;3.999663807E7
830;63 < -19;0.0;3.999667521E7
831;63 < -19;0.0;3.999667766E7
832;63 < -19;0.0;3.999667869E7
833;63 < -19;0.0;3.999662654E7
834;63 < -19;0.0;3.999667387E7
835;63 < -18;0.0;3.999671766E7
836;63 < -18;0.0;3.99966469E7
837;63 < -18;0.0;3.999664595E7
838;63 < -18;0.0;3.999668811E7
839;63 < -18;0.0;3.999661965E7
840;63 < -18;0.0;3.999658985E7
841;63 < -18;0.0;3.999651058E7
842;63 < -18;0.0;3.999671963E7
843;63 < -18;0.0;3.999671555E7
844;63 < -18;0.0;3.999663711E7
845;63 < -17;0.0;3.999670919E7
846;63 < -17;0.0;3.999663831E7
847;63 < -17;0.0;3.999656058E7
848;63 < -17;0.0;3.999672726E7
849;63 < -17;0.0;3.999662765E7
850;63 < -17;0.0;3.999662421E7
851;63 < -17;0.0;3.999661181E7
852;63 < -17;0.0;3.999665768E7
853;63 < -17;0.0;3.999661306E7
854;63 < -17;0.0;3.999647921E7
855;63 < -16;0.0;3.999662635E7
856;63 < -16;0.0;3.999667415E7
857;63 < -16;0.0;3.999655931E7
858;63 < -16;0.0;3.999660408E7
859;63 < -16;0.0;3.9996643E7
860;63 < -16;0.0;3.99966459E7
861;63 < -16;0.0;3.999663325E7
862;63 < -16;0.0;3.999662615E7
863;63 < -16;0.0;3.999665672E7
864;63 < -16;0.0;3.999646668E7
865;63 < -15;0.0;3.999659341E7
866;63 < -15;0.0;3.999673611E7
867;63 < -15;0.0;3.999666781E7
868;63 < -15;0.0;3.999663171E7
869;63 < -15;0.0;3.999658276E7
870;63 < -15;0.0;3.999655247E7
871;63 < -15;0.0;3.999663002E7
872;63 < -15;0.0;3.999660125E7
873;63 < -15;0.0;3.999653859E7
874;63 < -15;0.0;3.999657011E7
875;63 < -14;0.0;3.999668722E7
876;63 < -14;0.0;3.999651195E7
877;63 < -14;0.0;3.999663569E7
878;63 < -14;0.0;3.999660471E7
879;63 < -14;0.0;3.999660186E7
880;63 < -14;0.0;3.999661863E7
881;63 < -14;0.0;3.999668802E7
882;63 < -14;0.0;3.999666362E7
883;63 < -14;0.0;3.999660558E7
884;63 < -14;0.0;3.99966847E7
885;63 < -13;0.0;3.999669666E7
886;63 < -13;0.0;3.999657738E7
887;63 < -13;0.0;3.999658111E7
888;63 < -13;0.0;3.999660485E7
889;63 < -13;0.0;3.999659623E7
890;63 < -13;0.0;3.999663576E7
891;63 < -13;0.0;3.999657722E7
892;63 < -13;0.0;3.999659735E7
893;63 < -13;0.0;3.999656149E7
894;63 < -13;0.0;3.999660712E7
895;63 < -12;0.0;3.999661532E7
896;63 < -12;0.0;3.999643027E7
897;63 < -12;0.0;3.99966685E7
898;63 < -12;0.0;3.999677761E7
899;63 < -12;0.0;3.999664906E7
900;63 < -12;0.0;3.999662385E7
901;63 < -12;0.0;3.999661136E7
902;63 < -12;0.0;3.999657176E7
903;63 < -12;0.0;3.999668252E7
904;63 < -12;0.0;3.999661147E7
905;63 < -11;0.0;3.99965958E7
906;63 < -11;0.0;3.999651565E7
907;63 < -11;0.0;3.999655482E7
908;63 < -11;0.0;3.999633183E7
909;63 < -11;0.0;3.999638562E7
910;63 < -11;0.0;3.999659565E7
911;63 < -11;0.0;3.999664187E7
912;63 < -11;0.0;3.999652827E7
913;63 < -11;0.0;3.999665675E7
914;63 < -11;0.0;3.999662775E7
915;63 < -10;0.0;3.999665242E7
916;63 < -10;0.0;3.99965315E7
917;63 < -10;0.0;3.999662442E7
918;63 < -10;0.0;3.999663707E7
919;63 < -10;0.0;3.999656511E7
920;63 < -10;0.0;3.99965911E7
921;63 < -10;0.0;3.999656443E7
922;63 < -10;0.0;3.999662342E7
923;63 < -10;0.0;3.99967231E7
924;63 < -10;0.0;3.999669223E7
925;63 < -9;0.0;3.999656551E7
926;63 < -9;0.0;3.999659801E7
927;63 < -9;0.0;3.999657047E7
928;63 < -9;0.0;3.999655232E7
929;63 < -9;0.0;3.999649323E7
930;63 < -9;0.0;3.99963595E7
931;63 < -9;0.0;3.999664188E7
932;63 < -9;0.0;3.99966035E7
933;63 < -9;0.0;3.99965516E7
934;63 < -9;0.0;3.999655045E7
935;63 < -8;0.0;3.999654167E7
936;63 < -8;0.0;3.999658683E7
937;63 < -8;0.0;3.999660601E7
938;63 < -8;0.0;3.999659028E7
939;63 < -8;0.0;3.999655769E7
940;63 < -8;0.0;3.999663632E7
941;63 < -8;0.0;3.999657732E7
942;63 < -8;0.0;3.999665409E7
943;63 < -8;0.0;3.999654918E7
944;63 < -8;0.0;3.999662533E7
945;63 < -7;0.0;3.99965289E7
946;63 < -7;0.0;3.999651162E7
947;63 < -7;0.0;3.999651048E7
948;63 < -7;0.0;3.999662913E7
949;63 < -7;0.0;3.999652138E7
950;63 < -7;0.0;3.999656851E7
951;63 < -7;0.0;3.999660531E7
952;63 < -7;0.0;3.999653838E7
953;63 < -7;0.0;3.999655303E7
954;63 < -7;0.0;3.999650781E7
955;63 < -6;0.0;3.999646512E7
956;63 < -6;0.0;3.999658182E7
957;63 < -6;0.0;3.999651748E7
958;63 < -6;0.0;3.999650122E7
959;63 < -6;0.0;3.99965686E7
960;63 < -6;0.0;3.99964679E7
961;63 < -6;0.0;3.999658673E7
962;63 < -6;0.0;3.999645877E7
963;63 < -6;0.0;3.999658916E7
964;63 < -6;0.0;3.999656808E7
965;63 < -5;0.0;3.999661501E7
966;63 < -5;0.0;3.999647082E7
967;63 < -5;0.0;4.00042164E7
968;63 < -5;0.0;3.999655159E7
969;63 < -5;0.0;3.999654363E7
970;63 < -5;0.0;3.999641555E7
971;63 < -5;0.0;3.999656858E7
972;63 < -5;0.0;3.999655039E7
973;63 < -5;0.0;3.999673124E7
974;63 < -5;0.0;3.999658983E7
975;63 < -4;0.0;3.999654195E7
976;63 < -4;0.0;3.999648856E7
977;63 < -4;0.0;3.999653015E7
978;63 < -4;0.0;3.99964569E7
979;63 < -4;0.0;3.999653538E7
980;63 < -4;0.0;3.999651195E7
981;63 < -4;0.0;3.999651404E7
982;63 < -4;0.0;3.999654889E7
983;63 < -4;0.0;3.999650556E7
984;63 < -4;0.0;3.999648452E7
985;63 < -3;0.0;3.999661901E7
986;63 < -3;0.0;3.999651462E7
987;63 < -3;0.0;3.999648134E7
988;63 < -3;0.0;3.999650515E7
989;63 < -3;0.0;3.999644196E7
990;63 < -3;0.0;3.999647858E7
991;63 < -3;0.0;3.999650542E7
992;63 < -3;0.0;3.999649503E7
993;63 < -3;0.0;3.999653588E7
994;63 < -3;0.0;3.999652183E7
995;63 < -2;0.0;3.999650281E7
996;63 < -2;0.0;3.999643164E7
997;63 < -2;0.0;3.99964921E7
998;63 < -2;0.0;3.999660749E7
999;63 < -2;0.0;3.999661915E7
1000;63 < -2;0.0;3.999655309E7
1001;63 < -2;0.0;3.999638208E7
1002;63 < -2;0.0;3.999656697E7
1003;63 < -2;0.0;3.999646332E7
1004;63 < -2;0.0;3.999639123E7
1005;63 < -1;0.0;3.99964734E7
1006;63 < -1;0.0;3.999651442E7
1007;63 < -1;0.0;3.99964522E7
1008;63 < -1;0.0;3.999637452E7
1009;63 < -1;0.0;3.999640714E7
1010;63 < -1;0.0;3.999643337E7
1011;63 < -1;0.0;3.999639666E7
1012;63 < -1;0.0;3.999645967E7
1013;63 < -1;0.0;3.999646423E7
1014;63 < -1;0.0;3.999653779E7
1015;63 < -;0.0;3.999657117E7
1016;63 < -;0.0;3.99963442E7
1017;63 < -;0.0;3.999651164E7
1018;63 < -;0.0;3.999645457E7
1019;63 < -;0.0;3.999637775E7
1020;63 < -;0.0;3.999653695E7
1021;63 < -;0.0;3.999637225E7
1022;63 < -;0.0;3.999645908E7
1023;63 < -;0.0;3.999665775E7
1024;63 < ;0.0;3.999656411E7
1025;63 < ;0.0;3.99964684E7
1026;63 < ;0.0;3.999640381E7
1027;63 < ;0.0;3.999637152E7
1028;63 < ;0.0;3.999644164E7
1029;63 < ;0.0;3.999641082E7
1030;63 < ;0.0;3.999631419E7
1031;63 < ;0.0;3.999658804E7
1032;63 < ;0.0;3.999652395E7
1033;63 < ;0.0;3.999637959E7
1034;63 < 1;0.0;3.999630907E7
1035;63 < 1;0.0;3.999652818E7
1036;63 < 1;0.0;3.99964693E7
1037;63 < 1;0.0;3.999646854E7
1038;63 < 1;0.0;3.999644251E7
1039;63 < 1;0.0;4.00040332E7
1040;63 < 1;0.0;3.999650501E7
1041;63 < 1;0.0;3.999641799E7
1042;63 < 1;0.0;3.999634142E7
1043;63 < 1;0.0;3.999646951E7
1044;63 < 2;0.0;3.999640172E7
1045;63 < 2;0.0;3.999639992E7
1046;63 < 2;0.0;3.999638287E7
1047;63 < 2;0.0;3.999640324E7
1048;63 < 2;0.0;3.999655274E7
1049;63 < 2;0.0;3.999646619E7
1050;63 < 2;0.0;3.999640928E7
1051;63 < 2;0.0;3.999638256E7
1052;63 < 2;0.0;3.999641867E7
1053;63 < 2;0.0;3.999650102E7
1054;63 < 3;0.0;3.999642155E7
1055;63 < 3;0.0;3.999647731E7
1056;63 < 3;0.0;3.999646794E7
1057;63 < 3;0.0;3.999630574E7
1058;63 < 3;0.0;3.999637805E7
1059;63 < 3;0.0;3.999629709E7
1060;63 < 3;0.0;3.999650862E7
1061;63 < 3;0.0;3.999644969E7
1062;63 < 3;0.0;3.999643656E7
1063;63 < 3;0.0;3.999641706E7
1064;63 < 4;0.0;3.999624147E7
1065;63 < 4;0.0;3.999638134E7
1066;63 < 4;0.0;3.99962558E7
1067;63 < 4;0.0;3.999641572E7
1068;63 < 4;0.0;3.999641228E7
1069;63 < 4;0.0;3.99962837E7
1070;63 < 4;0.0;3.999637974E7
1071;63 < 4;0.0;3.999640675E7
1072;63 < 4;0.0;3.999644607E7
1073;63 < 4;0.0;3.999656834E7
1074;63 < 5;0.0;3.999652583E7
1075;63 < 5;0.0;3.999633218E7
1076;63 < 5;0.0;3.999637683E7
1077;63 < 5;0.0;3.999636763E7
1078;63 < 5;0.0;3.999640475E7
1079;63 < 5;0.0;3.999639733E7
1080;63 < 5;0.0;3.999636133E7
1081;63 < 5;0.0;3.999635817E7
1082;63 < 5;0.0;3.999643448E7
1083;63 < 5;0.0;3.999635128E7
1084;63 < 6;0.0;3.999636717E7
1085;63 < 6;0.0;3.999624069E7
1086;63 < 6;0.0;3.99963437E7
1087;63 < 6;0.0;4.003623991E7
1088;63 < 6;0.0;3.999643039E7
1089;63 < 6;0.0;3.999638817E7
1090;63 < 6;0.0;3.99964479E7
1091;63 < 6;0.0;3.999632086E7
1092;63 < 6;0.0;3.999629595E7
1093;63 < 6;0.0;3.999643253E7
1094;63 < 7;0.0;3.99963128E7
1095;63 < 7;0.0;3.999647706E7
1096;63 < 7;0.0;3.999638266E7
1097;63 < 7;0.0;3.999644943E7
1098;63 < 7;0.0;3.999656602E7
1099;63 < 7;0.0;3.999654585E7
1100;63 < 7;0.0;3.999650675E7
1101;63 < 7;0.0;3.99963617E7
1102;63 < 7;0.0;3.999638852E7
1103;63 < 7;0.0;3.999631357E7
1104;63 < 8;0.0;3.999637441E7
1105;63 < 8;0.0;3.999640727E7
1106;63 < 8;0.0;3.999620512E7
1107;63 < 8;0.0;3.999638472E7
1108;63 < 8;0.0;3.999633798E7
1109;63 < 8;0.0;3.999630635E7
1110;63 < 8;0.0;3.999636164E7
1111;63 < 8;0.0;3.999638643E7
1112;63 < 8;0.0;3.999638721E7
1113;63 < 8;0.0;3.999637357E7
1114;63 < 9;0.0;3.999624856E7
1115;63 < 9;0.0;3.999647491E7
1116;63 < 9;0.0;3.999630208E7
1117;63 < 9;0.0;3.999641646E7
1118;63 < 9;0.0;3.999633623E7
1119;63 < 9;0.0;3.999641807E7
1120;63 < 9;0.0;3.999638371E7
1121;63 < 9;0.0;3.999623552E7
1122;63 < 9;0.0;3.99962784E7
1123;63 < 9;0.0;3.999643806E7
1124;63 < 10;0.0;3.999643281E7
1125;63 < 10;0.0;3.999625244E7
1126;63 < 10;0.0;3.999619382E7
1127;63 < 10;0.0;3.999639516E7
1128;63 < 10;0.0;3.999633018E7
1129;63 < 10;0.0;3.999633185E7
1130;63 < 10;0.0;3.999625877E7
1131;63 < 10;0.0;3.999623042E7
1132;63 < 10;0.0;3.999609205E7
1133;63 < 10;0.0;3.999630932E7
1134;63 < 11;0.0;3.999634119E7
1135;63 < 11;0.0;3.999638284E7
1136;63 < 11;0.0;3.999636871E7
1137;63 < 11;0.0;3.999632282E7
1138;63 < 11;0.0;3.999643303E7
1139;63 < 11;0.0;3.999626696E7
1140;63 < 11;0.0;3.999629638E7
1141;63 < 11;0.0;3.999638367E7
1142;63 < 11;0.0;3.999640198E7
1143;63 < 11;0.0;3.9996386E7
1144;63 < 12;0.0;3.999625332E7
1145;63 < 12;0.0;3.999622186E7
1146;63 < 12;0.0;3.999626977E7
1147;63 < 12;0.0;3.99963002E7
1148;63 < 12;0.0;3.99963482E7
1149;63 < 12;0.0;3.999635653E7
1150;63 < 12;0.0;3.999630664E7
1151;63 < 12;0.0;3.99962084E7
1152;63 < 12;0.0;3.999623411E7
1153;63 < 12;0.0;3.999618346E7
1154;63 < 13;0.0;3.999619963E7
1155;63 < 13;0.0;3.999615646E7
1156;63 < 13;0.0;3.999632931E7
1157;63 < 13;0.0;3.99963636E7
1158;63 < 13;0.0;3.999621979E7
1159;63 < 13;0.0;3.999615458E7
1160;63 < 13;0.0;3.999633073E7
1161;63 < 13;0.0;3.999620654E7
1162;63 < 13;0.0;3.999624623E7
1163;63 < 13;0.0;3.999637882E7
1164;63 < 14;0.0;3.999615287E7
1165;63 < 14;0.0;3.999641079E7
1166;63 < 14;0.0;3.999595583E7
1167;63 < 14;0.0;3.999626296E7
1168;63 < 14;0.0;3.999630671E7
1169;63 < 14;0.0;3.999621885E7
1170;63 < 14;0.0;3.999621987E7
1171;63 < 14;0.0;3.999635498E7
1172;63 < 14;0.0;3.999624617E7
1173;63 < 14;0.0;3.999633519E7
1174;63 < 15;0.0;3.999627397E7
1175;63 < 15;0.0;3.999632007E7
1176;63 < 15;0.0;3.99963027E7
1177;63 < 15;0.0;3.99963282E7
1178;63 < 15;0.0;3.999631389E7
1179;63 < 15;0.0;3.999625205E7
1180;63 < 15;0.0;3.999616884E7
1181;63 < 15;0.0;3.999632546E7
1182;63 < 15;0.0;3.999627167E7
1183;63 < 15;0.0;3.999626312E7
1184;63 < 16;0.0;3.999611001E7
1185;63 < 16;0.0;3.999620299E7
1186;63 < 16;0.0;3.999625586E7
1187;63 < 16;0.0;3.999613412E7
1188;63 < 16;0.0;3.999629135E7
1189;63 < 16;0.0;3.99964641E7
1190;63 < 16;0.0;3.999630634E7
1191;63 < 16;0.0;3.999618608E7
1192;63 < 16;0.0;3.999629677E7
1193;63 < 16;0.0;3.999638274E7
1194;63 < 17;0.0;3.999625822E7
1195;63 < 17;0.0;3.99964436E7
1196;63 < 17;0.0;3.999627599E7
1197;63 < 17;0.0;3.999629928E7
1198;63 < 17;0.0;3.999633694E7
1199;63 < 17;0.0;3.999632085E7
1200;63 < 17;0.0;3.99962535E7
1201;63 < 17;0.0;3.999612988E7
1202;63 < 17;0.0;3.999619174E7
1203;63 < 17;0.0;3.999624875E7
1204;63 < 18;0.0;3.999621738E7
1205;63 < 18;0.0;3.999628106E7
1206;63 < 18;0.0;3.999624008E7
1207;63 < 18;0.0;3.999625377E7
1208;63 < 18;0.0;3.999631751E7
1209;63 < 18;0.0;3.999625145E7
1210;63 < 18;0.0;3.999611567E7
1211;63 < 18;0.0;3.999629037E7
1212;63 < 18;0.0;3.999620673E7
1213;63 < 18;0.0;3.999625392E7
1214;63 < 19;0.0;3.999622463E7
1215;63 < 19;0.0;3.999631168E7
1216;63 < 19;0.0;3.999626768E7
1217;63 < 19;0.0;3.999625224E7
1218;63 < 19;0.0;3.999623257E7
1219;63 < 19;0.0;3.999624766E7
1220;63 < 19;0.0;3.999615393E7
1221;63 < 19;0.0;3.999617895E7
1222;63 < 19;0.0;3.999617139E7
1223;63 < 19;0.0;3.999638751E7
1224;63 < 20;0.0;3.9996219E7
1225;63 < 20;0.0;3.999627088E7
1226;63 < 20;0.0;3.999622524E7
1227;63 < 20;0.0;3.99962027E7
1228;63 < 20;0.0;3.999629136E7
1229;63 < 20;0.0;3.999626964E7
1230;63 < 20;0.0;3.999619942E7
1231;63 < 20;0.0;3.999613753E7
1232;63 < 20;0.0;3.999632068E7
1233;63 < 20;0.0;3.999623594E7
1234;63 < 21;0.0;3.999628674E7
1235;63 < 21;0.0;3.999628299E7
1236;63 < 21;0.0;3.999625602E7
1237;63 < 21;0.0;3.999625833E7
1238;63 < 21;0.0;3.999606756E7
1239;63 < 21;0.0;3.999617503E7
1240;63 < 21;0.0;3.99960993E7
1241;63 < 21;0.0;3.999615443E7
1242;63 < 21;0.0;3.999608364E7
1243;63 < 21;0.0;3.999613806E7
1244;63 < 22;0.0;3.999622893E7
1245;63 < 22;0.0;3.999620968E7
1246;63 < 22;0.0;3.999606224E7
1247;63 < 22;0.0;3.999629381E7
1248;63 < 22;0.0;3.999606203E7
1249;63 < 22;0.0;3.999629674E7
1250;63 < 22;0.0;3.999615683E7
1251;63 < 22;0.0;3.999617566E7
1252;63 < 22;0.0;3.999613745E7
1253;63 < 22;0.0;3.999610566E7
1254;63 < 23;0.0;3.999621376E7
1255;63 < 23;0.0;3.9996229E7
1256;63 < 23;0.0;3.999616548E7
1257;63 < 23;0.0;3.99961462E7
1258;63 < 23;0.0;3.999620502E7
1259;63 < 23;0.0;3.99960232E7
1260;63 < 23;0.0;3.999621669E7
1261;63 < 23;0.0;3.999624029E7
1262;63 < 23;0.0;3.999618699E7
1263;63 < 23;0.0;3.999624895E7
1264;63 < 24;0.0;3.999615794E7
1265;63 < 24;0.0;3.999615598E7
1266;63 < 24;0.0;3.999613983E7
1267;63 < 24;0.0;3.999620031E7
1268;63 < 24;0.0;3.999617196E7
1269;63 < 24;0.0;3.99962245E7
1270;63 < 24;0.0;3.999610891E7
1271;63 < 24;0.0;3.999612983E7
1272;63 < 24;0.0;3.999612107E7
1273;63 < 24;0.0;3.999639742E7
1274;63 < 25;0.0;3.999617706E7
1275;63 < 25;0.0;3.999623181E7
1276;63 < 25;0.0;3.999623589E7
1277;63 < 25;0.0;3.999623052E7
1278;63 < 25;0.0;3.999619474E7
1279;63 < 25;0.0;3.999618349E7
1280;63 < 25;0.0;3.99961696E7
1281;63 < 25;0.0;3.999602514E7
1282;63 < 25;0.0;3.999621203E7
1283;63 < 25;0.0;3.999608402E7
1284;63 < 26;0.0;3.999613259E7
1285;63 < 26;0.0;3.999623799E7
1286;63 < 26;0.0;3.999612579E7
1287;63 < 26;0.0;3.999618592E7
1288;63 < 26;0.0;3.999614542E7
1289;63 < 26;0.0;3.999623895E7
1290;63 < 26;0.0;3.999628073E7
1291;63 < 26;0.0;3.999610315E7
1292;63 < 26;0.0;3.999612016E7
1293;63 < 26;0.0;3.99962896E7
1294;63 < 27;0.0;3.999612041E7
1295;63 < 27;0.0;3.99961115E7
1296;63 < 27;0.0;3.999613539E7
1297;63 < 27;0.0;3.999617403E7
1298;63 < 27;0.0;3.999626387E7
1299;63 < 27;0.0;3.999626154E7
1300;63 < 27;0.0;3.99961812E7
1301;63 < 27;0.0;3.999612011E7
1302;63 < 27;0.0;3.999607205E7
1303;63 < 27;0.0;3.999614431E7
1304;63 < 28;0.0;3.999612437E7
1305;63 < 28;0.0;3.999616051E7
1306;63 < 28;0.0;3.999605152E7
1307;63 < 28;0.0;3.999614394E7
1308;63 < 28;0.0;3.99959433E7
1309;63 < 28;0.0;3.999617666E7
1310;63 < 28;0.0;3.999600247E7
1311;63 < 28;0.0;3.999615041E7
1312;63 < 28;0.0;3.999615335E7
1313;63 < 28;0.0;3.999593419E7
1314;63 < 29;0.0;3.999619226E7
1315;63 < 29;0.0;3.999619139E7
1316;63 < 29;0.0;3.999618877E7
1317;63 < 29;0.0;3.999615492E7
1318;63 < 29;0.0;3.999610755E7
1319;63 < 29;0.0;3.999604339E7
1320;63 < 29;0.0;3.999605213E7
1321;63 < 29;0.0;3.999614974E7
1322;63 < 29;0.0;3.99961093E7
1323;63 < 29;0.0;3.99962767E7
1324;63 < 30;0.0;3.99961745E7
1325;63 < 30;0.0;3.999611328E7
1326;63 < 30;0.0;3.999607326E7
1327;63 < 30;0.0;3.999599174E7
1328;63 < 30;0.0;3.998859498E7
1329;63 < 30;0.0;3.999616625E7
1330;63 < 30;0.0;3.999616036E7
1331;63 < 30;0.0;3.999608211E7
1332;63 < 30;0.0;3.999604164E7
1333;63 < 30;0.0;3.999608155E7
1334;63 < 31;0.0;3.999614299E7
1335;63 < 31;0.0;3.999606038E7
1336;63 < 31;0.0;3.999605304E7
1337;63 < 31;0.0;3.999614427E7
1338;63 < 31;0.0;3.999609725E7
1339;63 < 31;0.0;3.999615303E7
1340;63 < 31;0.0;3.999619143E7
1341;63 < 31;0.0;3.999621879E7
1342;63 < 31;0.0;3.999606774E7
1343;63 < 31;0.0;3.999603777E7
1344;63 < 32;0.0;3.999611889E7
1345;63 < 32;0.0;3.999607367E7
1346;63 < 32;0.0;3.99960727E7
1347;63 < 32;0.0;3.999611346E7
1348;63 < 32;0.0;3.999623763E7
1349;63 < 32;0.0;3.999601883E7
1350;63 < 32;0.0;3.999610311E7
1351;63 < 32;0.0;3.999603286E7
1352;63 < 32;0.0;3.999612295E7
1353;63 < 32;0.0;3.999606018E7
1354;63 < 33;0.0;3.999601875E7
1355;63 < 33;0.0;3.999611039E7
1356;63 < 33;0.0;3.999615897E7
1357;63 < 33;0.0;3.999610318E7
1358;63 < 33;0.0;3.999605178E7
1359;63 < 33;0.0;3.999624089E7
1360;63 < 33;0.0;3.999608468E7
1361;63 < 33;0.0;3.999592107E7
1362;63 < 33;0.0;3.999608296E7
1363;63 < 33;0.0;3.999607868E7
1364;63 < 34;0.0;3.999601412E7
1365;63 < 34;0.0;3.999609013E7
1366;63 < 34;0.0;3.999609219E7
1367;63 < 34;0.0;3.999601222E7
1368;63 < 34;0.0;3.999601586E7
1369;63 < 34;0.0;3.999594345E7
1370;63 < 34;0.0;3.999612129E7
1371;63 < 34;0.0;3.999604362E7
1372;63 < 34;0.0;3.99960809E7
1373;63 < 34;0.0;3.999616705E7
1374;63 < 35;0.0;3.999617294E7
1375;63 < 35;0.0;3.999604639E7
1376;63 < 35;0.0;3.999606416E7
1377;63 < 35;0.0;3.999620348E7
1378;63 < 35;0.0;3.999609876E7
1379;63 < 35;0.0;3.999609039E7
1380;63 < 35;0.0;3.999614738E7
1381;63 < 35;0.0;3.99960354E7
1382;63 < 35;0.0;3.999605657E7
1383;63 < 35;0.0;3.999598516E7
1384;63 < 36;0.0;3.999602846E7
1385;63 < 36;0.0;3.999599877E7
1386;63 < 36;0.0;3.999599697E7
1387;63 < 36;0.0;3.999574085E7
1388;63 < 36;0.0;3.999597809E7
1389;63 < 36;0.0;3.999604163E7
1390;63 < 36;0.0;3.999612143E7
1391;63 < 36;0.0;3.999604001E7
1392;63 < 36;0.0;3.999596992E7
1393;63 < 36;0.0;3.999612796E7
1394;63 < 37;0.0;3.999601325E7
1395;63 < 37;0.0;3.999614354E7
1396;63 < 37;0.0;3.999607353E7
1397;63 < 37;0.0;3.999603078E7
1398;63 < 37;0.0;3.999636249E7
1399;63 < 37;0.0;3.999617056E7
1400;63 < 37;0.0;3.99960087E7
1401;63 < 37;0.0;3.99959553E7
1402;63 < 37;0.0;3.999612896E7
1403;63 < 37;0.0;3.999606798E7
1404;63 < 38;0.0;3.999593463E7
1405;63 < 38;0.0;3.999608902E7
1406;63 < 38;0.0;3.999597905E7
1407;63 < 38;0.0;3.99961259E7
1408;63 < 38;0.0;3.999590857E7
1409;63 < 38;0.0;3.999604314E7
1410;63 < 38;0.0;3.999609672E7
1411;63 < 38;0.0;3.999613828E7
1412;63 < 38;0.0;3.999601465E7
1413;63 < 38;0.0;3.999611656E7
1414;63 < 39;0.0;3.999599495E7
1415;63 < 39;0.0;3.999597283E7
1416;63 < 39;0.0;3.999605813E7
1417;63 < 39;0.0;3.999606105E7
1418;63 < 39;0.0;3.999604976E7
1419;63 < 39;0.0;3.999613016E7
1420;63 < 39;0.0;3.999608396E7
1421;63 < 39;0.0;3.999638121E7
1422;63 < 39;0.0;3.999591885E7
1423;63 < 39;0.0;3.999619879E7
1424;63 < 40;0.0;3.999612644E7
1425;63 < 40;0.0;3.99959536E7
1426;63 < 40;0.0;3.999597739E7
1427;63 < 40;0.0;3.99960068E7
1428;63 < 40;0.0;3.99959442E7
1429;63 < 40;0.0;3.999602325E7
1430;63 < 40;0.0;3.999606857E7
1431;63 < 40;0.0;3.999610551E7
1432;63 < 40;0.0;3.99961551E7
1433;63 < 40;0.0;3.999605123E7
1434;63 < 41;0.0;3.999607262E7
1435;63 < 41;0.0;3.999598172E7
1436;63 < 41;0.0;3.999607417E7
1437;63 < 41;0.0;3.999602669E7
1438;63 < 41;0.0;3.999601853E7
1439;63 < 41;0.0;3.999592133E7
1440;63 < 41;0.0;3.999606856E7
1441;63 < 41;0.0;3.999606149E7
1442;63 < 41;0.0;3.999602387E7
1443;63 < 41;0.0;3.999603752E7
1444;63 < 42;0.0;3.999604574E7
1445;63 < 42;0.0;3.999604196E7
1446;63 < 42;0.0;3.999609497E7
1447;63 < 42;0.0;3.999595964E7
1448;63 < 42;0.0;3.99962568E7
1449;63 < 42;0.0;3.99961087E7
1450;63 < 42;0.0;3.999603701E7
1451;63 < 42;0.0;3.999589578E7
1452;63 < 42;0.0;3.999606447E7
1453;63 < 42;0.0;3.999595406E7
1454;63 < 43;0.0;3.9995864E7
1455;63 < 43;0.0;3.999591832E7
1456;63 < 43;0.0;3.999602519E7
1457;63 < 43;0.0;3.999595635E7
1458;63 < 43;0.0;3.999593105E7
1459;63 < 43;0.0;3.999597523E7
1460;63 < 43;0.0;3.999599794E7
1461;63 < 43;0.0;3.999600175E7
1462;63 < 43;0.0;3.9995907E7
1463;63 < 43;0.0;3.999603725E7
1464;63 < 44;0.0;3.99959077E7
1465;63 < 44;0.0;3.999596166E7
1466;63 < 44;0.0;4.000359958E7
1467;63 < 44;0.0;3.999597726E7
1468;63 < 44;0.0;3.999593455E7
1469;63 < 44;0.0;3.999592228E7
1470;63 < 44;0.0;3.999592306E7
1471;63 < 44;0.0;3.999595199E7
1472;63 < 44;0.0;3.999595801E7
1473;63 < 44;0.0;3.999600773E7
1474;63 < 45;0.0;3.999603406E7
1475;63 < 45;0.0;3.999599117E7
1476;63 < 45;0.0;3.99960706E7
1477;63 < 45;0.0;3.99959366E7
1478;63 < 45;0.0;3.999598131E7
1479;63 < 45;0.0;3.999586932E7
1480;63 < 45;0.0;3.999603852E7
1481;63 < 45;0.0;3.999596375E7
1482;63 < 45;0.0;3.999592416E7
1483;63 < 45;0.0;3.999581106E7
1484;63 < 46;0.0;3.999616463E7
1485;63 < 46;0.0;3.999602568E7
1486;63 < 46;0.0;3.999594146E7
1487;63 < 46;0.0;3.999601603E7
1488;63 < 46;0.0;3.999587378E7
1489;63 < 46;0.0;3.999596216E7
1490;63 < 46;0.0;3.999605984E7
1491;63 < 46;0.0;3.999595567E7
1492;63 < 46;0.0;3.999597738E7
1493;63 < 46;0.0;3.999603917E7
1494;63 < 47;0.0;3.999594049E7
1495;63 < 47;0.0;3.999585673E7
1496;63 < 47;0.0;3.999595858E7
1497;63 < 47;0.0;3.99958455E7
1498;63 < 47;0.0;3.999627138E7
1499;63 < 47;0.0;3.999605452E7
1500;63 < 47;0.0;3.99960036E7
1501;63 < 47;0.0;3.999594452E7
1502;63 < 47;0.0;3.999586231E7
1503;63 < 47;0.0;3.999585736E7
1504;63 < 48;0.0;3.999598194E7
1505;63 < 48;0.0;3.999603324E7
1506;63 < 48;0.0;3.999595298E7
1507;63 < 48;0.0;3.999580411E7
1508;63 < 48;0.0;3.999575883E7
1509;63 < 48;0.0;3.999587176E7
1510;63 < 48;0.0;3.99959474E7
1511;63 < 48;0.0;3.99959025E7
1512;63 < 48;0.0;3.999593691E7
1513;63 < 48;0.0;3.999590732E7
1514;63 < 49;0.0;3.999594892E7
1515;63 < 49;0.0;3.999578182E7
1516;63 < 49;0.0;3.999592036E7
1517;63 < 49;0.0;3.999589931E7
1518;63 < 49;0.0;3.999589209E7
1519;63 < 49;0.0;3.999593815E7
1520;63 < 49;0.0;3.999590702E7
1521;63 < 49;0.0;3.999587352E7
1522;63 < 49;0.0;3.999591365E7
1523;63 < 49;0.0;3.999602382E7
1524;63 < 50;0.0;3.999604753E7
1525;63 < 50;0.0;3.999578154E7
1526;63 < 50;0.0;3.999603928E7
1527;63 < 50;0.0;3.999583977E7
1528;63 < 50;0.0;3.99956277E7
1529;63 < 50;0.0;3.999595385E7
1530;63 < 50;0.0;3.999586946E7
1531;63 < 50;0.0;3.999586713E7
1532;63 < 50;0.0;3.999582213E7
1533;63 < 50;0.0;3.999581483E7
1534;63 < 51;0.0;3.999581446E7
1535;63 < 51;0.0;3.99959048E7
1536;63 < 51;0.0;3.999577702E7
1537;63 < 51;0.0;3.999588053E7
1538;63 < 51;0.0;3.99959923E7
1539;63 < 51;0.0;3.999596253E7
1540;63 < 51;0.0;3.999600475E7
1541;63 < 51;0.0;3.999583987E7
1542;63 < 51;0.0;3.999585448E7
1543;63 < 51;0.0;3.999590342E7
1544;63 < 52;0.0;3.999593604E7
1545;63 < 52;0.0;3.999590679E7
1546;63 < 52;0.0;3.999596381E7
1547;63 < 52;0.0;3.999595076E7
1548;63 < 52;0.0;3.999607772E7
1549;63 < 52;0.0;3.999620947E7
1550;63 < 52;0.0;3.999585036E7
1551;63 < 52;0.0;3.999599303E7
1552;63 < 52;0.0;3.999584711E7
1553;63 < 52;0.0;3.999593691E7
1554;63 < 53;0.0;3.999594748E7
1555;63 < 53;0.0;3.999594683E7
1556;63 < 53;0.0;3.999593796E7
1557;63 < 53;0.0;3.999598584E7
1558;63 < 53;0.0;3.999593939E7
1559;63 < 53;0.0;3.999571575E7
1560;63 < 53;0.0;3.999597674E7
1561;63 < 53;0.0;3.999603136E7
1562;63 < 53;0.0;3.999593591E7
1563;63 < 53;0.0;3.999595875E7
1564;63 < 54;0.0;3.999589315E7
1565;63 < 54;0.0;3.99959022E7
1566;63 < 54;0.0;3.999599221E7
1567;63 < 54;0.0;3.999579827E7
1568;63 < 54;0.0;3.999585581E7
1569;63 < 54;0.0;3.999577235E7
1570;63 < 54;0.0;3.99958767E7
1571;63 < 54;0.0;3.999583332E7
1572;63 < 54;0.0;3.999578991E7
1573;63 < 54;0.0;3.999590987E7
1574;63 < 55;0.0;3.999594774E7
1575;63 < 55;0.0;3.999572514E7
1576;63 < 55;0.0;3.999596253E7
1577;63 < 55;0.0;3.999588551E7
1578;63 < 55;0.0;3.999595946E7
1579;63 < 55;0.0;3.999587614E7
1580;63 < 55;0.0;3.999583005E7
1581;63 < 55;0.0;3.999585622E7
1582;63 < 55;0.0;3.999585433E7
1583;63 < 55;0.0;3.999585351E7
1584;63 < 56;0.0;3.999590185E7
1585;63 < 56;0.0;3.99956891E7
1586;63 < 56;0.0;3.999583725E7
1587;63 < 56;0.0;3.999595543E7
1588;63 < 56;0.0;3.999593028E7
1589;63 < 56;0.0;3.999578164E7
1590;63 < 56;0.0;3.999589519E7
1591;63 < 56;0.0;3.999589532E7
1592;63 < 56;0.0;3.99959205E7
1593;63 < 56;0.0;3.999567639E7
1594;63 < 57;0.0;3.99957616E7
1595;63 < 57;0.0;3.999589978E7
1596;63 < 57;0.0;3.999582714E7
1597;63 < 57;0.0;3.999572782E7
1598;63 < 57;0.0;3.999599157E7
1599;63 < 57;0.0;3.999607013E7
1600;63 < 57;0.0;3.999580317E7
1601;63 < 57;0.0;3.999571705E7
1602;63 < 57;0.0;3.999582932E7
1603;63 < 57;0.0;3.999578597E7
1604;63 < 58;0.0;3.999581667E7
1605;63 < 58;0.0;3.999584095E7
1606;63 < 58;0.0;3.999589245E7
1607;63 < 58;0.0;3.999588505E7
1608;63 < 58;0.0;3.999583368E7
1609;63 < 58;0.0;3.999591825E7
1610;63 < 58;0.0;3.999574283E7
1611;63 < 58;0.0;3.999568905E7
1612;63 < 58;0.0;3.999590031E7
1613;63 < 58;0.0;3.999581498E7
1614;63 < 59;0.0;3.999576406E7
1615;63 < 59;0.0;3.999568404E7
1616;63 < 59;0.0;3.999600371E7
1617;63 < 59;0.0;3.999589004E7
1618;63 < 59;0.0;3.999581227E7
1619;63 < 59;0.0;3.999588179E7
1620;63 < 59;0.0;3.999580232E7
1621;63 < 59;0.0;3.999601481E7
1622;63 < 59;0.0;3.999578825E7
1623;63 < 59;0.0;3.999595668E7
1624;63 < 60;0.0;3.999594651E7
1625;63 < 60;0.0;3.999585705E7
1626;63 < 60;0.0;3.999582789E7
1627;63 < 60;0.0;3.999578156E7
1628;63 < 60;0.0;3.999576113E7
1629;63 < 60;0.0;3.999562527E7
1630;63 < 60;0.0;3.999586233E7
1631;63 < 60;0.0;3.999585811E7
1632;63 < 60;0.0;3.99958349E7
1633;63 < 60;0.0;3.999572429E7
1634;63 < 61;0.0;3.999582548E7
1635;63 < 61;0.0;3.999584311E7
1636;63 < 61;0.0;3.999585392E7
1637;63 < 61;0.0;3.999569006E7
1638;63 < 61;0.0;3.999572034E7
1639;63 < 61;0.0;3.999587854E7
1640;63 < 61;0.0;3.999578447E7
1641;63 < 61;0.0;3.99957664E7
1642;63 < 61;0.0;3.999588919E7
1643;63 < 61;0.0;3.999540977E7
1644;63 < 62;0.0;3.999577823E7
1645;63 < 62;0.0;3.999570871E7
1646;63 < 62;0.0;3.999576461E7
1647;63 < 62;0.0;3.999577254E7
1648;63 < 62;0.0;3.999594923E7
1649;63 < 62;0.0;3.999585551E7
1650;63 < 62;0.0;3.999568211E7
1651;63 < 62;0.0;3.999580915E7
1652;63 < 62;0.0;3.999572512E7
1653;63 < 62;0.0;3.999578077E7
1654;63 < 63;0.0;3.999567533E7
1655;63 < 63;0.0;3.999568705E7
1656;63 < 63;0.0;3.99958177E7
1657;63 < 63;0.0;3.999571193E7
1658;63 < 63;0.0;3.999577423E7
1659;63 < 63;0.0;3.999573195E7
1660;63 < 63;0.0;3.999580747E7
1661;63 < 63;0.0;3.999578139E7
1662;63 < 63;0.0;3.999569724E7
1663;63 < 63;0.0;3.999576218E7
1664;63 < 64;0.0;3.999568585E7
1665;63 < 64;0.0;3.999570281E7
1666;63 < 64;0.0;3.999575117E7
1667;63 < 64;0.0;3.999575977E7
1668;63 < 64;0.0;3.999584929E7
1669;63 < 64;0.0;3.99957232E7
1670;63 < 64;0.0;3.999575399E7
1671;63 < 64;0.0;3.999575519E7
1672;63 < 64;0.0;3.999592182E7
1673;63 < 64;0.0;3.999582863E7
1674;63 < 65;0.0;3.999577555E7
1675;63 < 65;0.0;3.999565459E7
1676;63 < 65;0.0;3.999561933E7
1677;63 < 65;0.0;3.999612993E7
1678;63 < 65;0.0;3.999571492E7
1679;63 < 65;0.0;3.999578907E7
1680;63 < 65;0.0;3.999564823E7
1681;63 < 65;0.0;3.99958193E7
1682;63 < 65;0.0;3.99956508E7
1683;63 < 65;0.0;3.999572231E7
1684;63 < 66;0.0;3.999580354E7
1685;63 < 66;0.0;3.999574621E7
1686;63 < 66;0.0;3.99957995E7
1687;63 < 66;0.0;3.999580367E7
1688;63 < 66;0.0;3.999562962E7
1689;63 < 66;0.0;3.999563359E7
1690;63 < 66;0.0;3.999583481E7
1691;63 < 66;0.0;3.99957567E7
1692;63 < 66;0.0;3.999578159E7
1693;63 < 66;0.0;3.999578445E7
1694;63 < 67;0.0;3.999561348E7
1695;63 < 67;0.0;3.999572618E7
1696;63 < 67;0.0;3.999578152E7
1697;63 < 67;0.0;3.999572555E7
1698;63 < 67;0.0;3.999588682E7
1699;63 < 67;0.0;3.999585713E7
1700;63 < 67;0.0;3.999576817E7
1701;63 < 67;0.0;3.999558374E7
1702;63 < 67;0.0;3.999576806E7
1703;63 < 67;0.0;3.999581685E7
1704;63 < 68;0.0;3.999588282E7
1705;63 < 68;0.0;3.999568069E7
1706;63 < 68;0.0;3.99957606E7
1707;63 < 68;0.0;3.999572065E7
1708;63 < 68;0.0;3.999585067E7
1709;63 < 68;0.0;3.999573969E7
1710;63 < 68;0.0;3.999569628E7
1711;63 < 68;0.0;3.999563693E7
1712;63 < 68;0.0;3.999570101E7
1713;63 < 68;0.0;3.999578154E7
1714;63 < 69;0.0;3.999568666E7
1715;63 < 69;0.0;3.999574126E7
1716;63 < 69;0.0;3.9995745E7
1717;63 < 69;0.0;3.999581302E7
1718;63 < 69;0.0;3.999566022E7
1719;63 < 69;0.0;3.999558213E7
1720;63 < 69;0.0;3.999577817E7
1721;63 < 69;0.0;3.999584252E7
1722;63 < 69;0.0;3.999574711E7
1723;63 < 69;0.0;3.999589001E7
1724;63 < 70;0.0;3.999587897E7
1725;63 < 70;0.0;3.999557322E7
1726;63 < 70;0.0;3.999570319E7
1727;63 < 70;0.0;3.999577627E7
1728;63 < 70;0.0;3.999568154E7
1729;63 < 70;0.0;3.999578058E7
1730;63 < 70;0.0;3.99956986E7
1731;63 < 70;0.0;3.99957116E7
1732;63 < 70;0.0;3.999583158E7
1733;63 < 70;0.0;3.99956759E7
1734;63 < 71;0.0;3.99957139E7
1735;63 < 71;0.0;3.99956768E7
1736;63 < 71;0.0;3.999557996E7
1737;63 < 71;0.0;3.99879461E7
1738;63 < 71;0.0;3.99958049E7
1739;63 < 71;0.0;3.999574609E7
1740;63 < 71;0.0;3.999592991E7
1741;63 < 71;0.0;3.999569241E7
1742;63 < 71;0.0;3.999556884E7
1743;63 < 71;0.0;3.999585632E7
1744;63 < 72;0.0;3.999582293E7
1745;63 < 72;0.0;3.999581922E7
1746;63 < 72;0.0;3.999574417E7
1747;63 < 72;0.0;3.999571871E7
1748;63 < 72;0.0;3.999588289E7
1749;63 < 72;0.0;3.999558659E7
1750;63 < 72;0.0;3.999575098E7
1751;63 < 72;0.0;3.999573007E7
1752;63 < 72;0.0;3.999562301E7
1753;63 < 72;0.0;3.999561307E7
1754;63 < 73;0.0;3.999572129E7
1755;63 < 73;0.0;3.99894223E7
1756;63 < 73;0.0;3.999569044E7
1757;63 < 73;0.0;3.999576247E7
1758;63 < 73;0.0;3.999567278E7
1759;63 < 73;0.0;3.999567539E7
1760;63 < 73;0.0;3.999567768E7
1761;63 < 73;0.0;3.999570744E7
1762;63 < 73;0.0;3.999573732E7
1763;63 < 73;0.0;3.99956933E7
1764;63 < 74;0.0;3.999572286E7
1765;63 < 74;0.0;3.999566803E7
1766;63 < 74;0.0;3.999567244E7
1767;63 < 74;0.0;3.999580444E7
1768;63 < 74;0.0;3.999574824E7
1769;63 < 74;0.0;3.999567555E7
1770;63 < 74;0.0;3.999555564E7
1771;63 < 74;0.0;3.999521628E7
1772;63 < 74;0.0;3.99956484E7
1773;63 < 74;0.0;3.999579259E7
1774;63 < 75;0.0;3.999575361E7
1775;63 < 75;0.0;3.999563514E7
1776;63 < 75;0.0;3.999555853E7
1777;63 < 75;0.0;3.999564677E7
1778;63 < 75;0.0;3.999544762E7
1779;63 < 75;0.0;3.999537955E7
1780;63 < 75;0.0;3.999559364E7
1781;63 < 75;0.0;3.999567148E7
1782;63 < 75;0.0;3.999559825E7
1783;63 < 75;0.0;3.999549179E7
1784;63 < 76;0.0;3.999577782E7
1785;63 < 76;0.0;3.99954723E7
1786;63 < 76;0.0;3.999579137E7
1787;63 < 76;0.0;3.999556366E7
1788;63 < 76;0.0;3.999558258E7
1789;63 < 76;0.0;3.999567022E7
1790;63 < 76;0.0;3.999570268E7
1791;63 < 76;0.0;3.999559281E7
1792;63 < 76;0.0;3.999564829E7
1793;63 < 76;0.0;3.999572154E7
1794;63 < 77;0.0;3.999560848E7
1795;63 < 77;0.0;3.999546285E7
1796;63 < 77;0.0;3.999543498E7
1797;63 < 77;0.0;3.999561732E7
1798;63 < 77;0.0;3.999571663E7
1799;63 < 77;0.0;3.999575602E7
1800;63 < 77;0.0;3.999557291E7
1801;63 < 77;0.0;3.999568328E7
1802;63 < 77;0.0;3.999558378E7
1803;63 < 77;0.0;3.999567976E7
1804;63 < 78;0.0;3.99958164E7
1805;63 < 78;0.0;3.999579485E7
1806;63 < 78;0.0;3.999569533E7
1807;63 < 78;0.0;3.999563964E7
1808;63 < 78;0.0;3.999562351E7
1809;63 < 78;0.0;3.999553842E7
1810;63 < 78;0.0;3.999568053E7
1811;63 < 78;0.0;3.999564849E7
1812;63 < 78;0.0;3.999545403E7
1813;63 < 78;0.0;3.999564124E7
1814;63 < 79;0.0;3.999560212E7
1815;63 < 79;0.0;3.999553443E7
1816;63 < 79;0.0;3.999563968E7
1817;63 < 79;0.0;3.999565546E7
1818;63 < 79;0.0;3.999562785E7
1819;63 < 79;0.0;3.999565517E7
1820;63 < 79;0.0;3.999564552E7
1821;63 < 79;0.0;3.999555482E7
1822;63 < 79;0.0;3.999563269E7
1823;63 < 79;0.0;3.999577991E7
1824;63 < 80;0.0;3.999577961E7
1825;63 < 80;0.0;3.999555143E7
1826;63 < 80;0.0;3.999561277E7
1827;63 < 80;0.0;3.999570555E7
1828;63 < 80;0.0;3.999567522E7
1829;63 < 80;0.0;3.999580496E7
1830;63 < 80;0.0;3.999563576E7
1831;63 < 80;0.0;3.999561471E7
1832;63 < 80;0.0;3.999551295E7
1833;63 < 80;0.0;3.999560921E7
1834;63 < 81;0.0;3.999558549E7
1835;63 < 81;0.0;3.999558248E7
1836;63 < 81;0.0;3.999556911E7
1837;63 < 81;0.0;3.999559212E7
1838;63 < 81;0.0;3.999546316E7
1839;63 < 81;0.0;3.999565684E7
1840;63 < 81;0.0;3.999567303E7
1841;63 < 81;0.0;3.999563539E7
1842;63 < 81;0.0;3.999565987E7
1843;63 < 81;0.0;3.999560086E7
1844;63 < 82;0.0;3.999568706E7
1845;63 < 82;0.0;3.999562348E7
1846;63 < 82;0.0;3.99957036E7
1847;63 < 82;0.0;3.999560148E7
1848;63 < 82;0.0;3.999572278E7
1849;63 < 82;0.0;3.999568976E7
1850;63 < 82;0.0;3.999560089E7
1851;63 < 82;0.0;3.999558716E7
1852;63 < 82;0.0;3.999547965E7
1853;63 < 82;0.0;3.999550835E7
1854;63 < 83;0.0;3.999554871E7
1855;63 < 83;0.0;3.999555139E7
1856;63 < 83;0.0;3.999559923E7
1857;63 < 83;0.0;3.999558257E7
1858;63 < 83;0.0;3.999554353E7
1859;63 < 83;0.0;3.999565319E7
1860;63 < 83;0.0;3.999554148E7
1861;63 < 83;0.0;3.999563002E7
1862;63 < 83;0.0;3.99955854E7
1863;63 < 83;0.0;3.999563604E7
1864;63 < 84;0.0;3.999553975E7
1865;63 < 84;0.0;3.999560184E7
1866;63 < 84;0.0;3.999563128E7
1867;63 < 84;0.0;3.999557832E7
1868;63 < 84;0.0;3.999565065E7
1869;63 < 84;0.0;3.999555493E7
1870;63 < 84;0.0;3.999566631E7
1871;63 < 84;0.0;3.999558739E7
1872;63 < 84;0.0;3.999563967E7
1873;63 < 84;0.0;3.999568878E7
1874;63 < 85;0.0;3.999558666E7
1875;63 < 85;0.0;3.999562211E7
1876;63 < 85;0.0;3.999553201E7
1877;63 < 85;0.0;3.999555815E7
1878;63 < 85;0.0;3.999533404E7
1879;63 < 85;0.0;3.999558479E7
1880;63 < 85;0.0;3.999551969E7
1881;63 < 85;0.0;3.999565378E7
1882;63 < 85;0.0;3.999558273E7
1883;63 < 85;0.0;3.999553047E7
1884;63 < 86;0.0;3.999554745E7
1885;63 < 86;0.0;3.999555096E7
1886;63 < 86;0.0;3.999554862E7
1887;63 < 86;0.0;3.999562804E7
1888;63 < 86;0.0;3.999560281E7
1889;63 < 86;0.0;3.999554219E7
1890;63 < 86;0.0;3.999563122E7
1891;63 < 86;0.0;3.999553308E7
1892;63 < 86;0.0;3.999552098E7
1893;63 < 86;0.0;3.999565656E7
1894;63 < 87;0.0;3.999554242E7
1895;63 < 87;0.0;3.999556091E7
1896;63 < 87;0.0;3.999559507E7
1897;63 < 87;0.0;3.999557719E7
1898;63 < 87;0.0;3.999574566E7
1899;63 < 87;0.0;3.999525909E7
1900;63 < 87;0.0;3.999551737E7
1901;63 < 87;0.0;3.999544742E7
1902;63 < 87;0.0;3.999555242E7
1903;63 < 87;0.0;3.999555212E7
1904;63 < 88;0.0;3.999545161E7
1905;63 < 88;0.0;3.999570182E7
1906;63 < 88;0.0;3.999553324E7
1907;63 < 88;0.0;3.999555097E7
1908;63 < 88;0.0;3.999556315E7
1909;63 < 88;0.0;3.999550915E7
1910;63 < 88;0.0;3.999558226E7
1911;63 < 88;0.0;4.000323532E7
1912;63 < 88;0.0;3.999561687E7
1913;63 < 88;0.0;3.999549989E7
1914;63 < 89;0.0;3.99954176E7
1915;63 < 89;0.0;3.999540893E7
1916;63 < 89;0.0;3.999550899E7
1917;63 < 89;0.0;3.999550185E7
1918;63 < 89;0.0;3.999556375E7
1919;63 < 89;0.0;3.999554624E7
1920;63 < 89;0.0;3.999548237E7
1921;63 < 89;0.0;3.999533502E7
1922;63 < 89;0.0;3.99955651E7
1923;63 < 89;0.0;3.99956773E7
1924;63 < 90;0.0;3.999567584E7
1925;63 < 90;0.0;3.999562651E7
1926;63 < 90;0.0;3.999554115E7
1927;63 < 90;0.0;3.999547418E7
1928;63 < 90;0.0;3.999559207E7
1929;63 < 90;0.0;4.000325581E7
1930;63 < 90;0.0;3.999560835E7
1931;63 < 90;0.0;3.999556686E7
1932;63 < 90;0.0;3.9995373E7
1933;63 < 90;0.0;3.999576442E7
1934;63 < 91;0.0;3.999562049E7
1935;63 < 91;0.0;3.999549173E7
1936;63 < 91;0.0;3.999539776E7
1937;63 < 91;0.0;3.999544154E7
1938;63 < 91;0.0;3.999547302E7
1939;63 < 91;0.0;3.999550449E7
1940;63 < 91;0.0;3.999554333E7
1941;63 < 91;0.0;3.999549811E7
1942;63 < 91;0.0;3.999545559E7
1943;63 < 91;0.0;3.999547993E7
1944;63 < 92;0.0;3.99955805E7
1945;63 < 92;0.0;3.999545138E7
1946;63 < 92;0.0;3.999568145E7
1947;63 < 92;0.0;3.999549355E7
1948;63 < 92;0.0;3.999557029E7
1949;63 < 92;0.0;3.99956981E7
1950;63 < 92;0.0;3.999551564E7
1951;63 < 92;0.0;3.999545078E7
1952;63 < 92;0.0;3.999543529E7
1953;63 < 92;0.0;3.999531576E7
1954;63 < 93;0.0;3.999545764E7
1955;63 < 93;0.0;3.999550265E7
1956;63 < 93;0.0;3.999544378E7
1957;63 < 93;0.0;3.999538783E7
1958;63 < 93;0.0;3.999538072E7
1959;63 < 93;0.0;3.999545628E7
1960;63 < 93;0.0;3.999541629E7
1961;63 < 93;0.0;3.999556704E7
1962;63 < 93;0.0;3.99954528E7
1963;63 < 93;0.0;3.999552799E7
1964;63 < 94;0.0;3.999547125E7
1965;63 < 94;0.0;3.999552536E7
1966;63 < 94;0.0;3.999548283E7
1967;63 < 94;0.0;3.999542245E7
1968;63 < 94;0.0;3.999546194E7
1969;63 < 94;0.0;3.99954255E7
1970;63 < 94;0.0;3.999541629E7
1971;63 < 94;0.0;3.999555383E7
1972;63 < 94;0.0;3.99955142E7
1973;63 < 94;0.0;3.999541854E7
1974;63 < 95;0.0;3.999557693E7
1975;63 < 95;0.0;3.999546611E7
1976;63 < 95;0.0;3.999553044E7
1977;63 < 95;0.0;3.999546674E7
1978;63 < 95;0.0;3.999539379E7
1979;63 < 95;0.0;3.999541493E7
1980;63 < 95;0.0;3.999543162E7
1981;63 < 95;0.0;3.99954053E7
1982;63 < 95;0.0;3.999548666E7
1983;63 < 95;0.0;3.99954957E7
1984;63 < 96;0.0;3.999539404E7
1985;63 < 96;0.0;3.999543891E7
1986;63 < 96;0.0;3.999539737E7
1987;63 < 96;0.0;3.999543392E7
1988;63 < 96;0.0;3.999540617E7
1989;63 < 96;0.0;3.999558714E7
1990;63 < 96;0.0;3.99955418E7
1991;63 < 96;0.0;3.999540793E7
1992;63 < 96;0.0;3.99953514E7
1993;63 < 96;0.0;3.999535364E7
1994;63 < 97;0.0;3.999541057E7
1995;63 < 97;0.0;3.999543716E7
1996;63 < 97;0.0;3.999532068E7
1997;63 < 97;0.0;3.999532974E7
1998;63 < 97;0.0;3.999557097E7
1999;63 < 97;0.0;3.999541151E7
2000;63 < 97;0.0;3.999543284E7
2001;63 < 97;0.0;3.999548598E7
2002;63 < 97;0.0;3.999533422E7
2003;63 < 97;0.0;3.999546527E7
2004;63 < 98;0.0;3.999534817E7
2005;63 < 98;0.0;3.99954016E7
2006;63 < 98;0.0;3.999540103E7
2007;63 < 98;0.0;3.999542331E7
2008;63 < 98;0.0;3.999540789E7
2009;63 < 98;0.0;3.999551043E7
2010;63 < 98;0.0;3.999550587E7
2011;63 < 98;0.0;3.999542845E7
2012;63 < 98;0.0;3.999535079E7
2013;63 < 98;0.0;3.999553924E7
2014;63 < 99;0.0;3.999551583E7
2015;63 < 99;0.0;3.999538937E7
2016;63 < 99;0.0;3.999536927E7
2017;63 < 99;0.0;3.999533613E7
2018;63 < 99;0.0;3.999532833E7
2019;63 < 99;0.0;3.999527767E7
2020;63 < 99;0.0;3.999540031E7
2021;63 < 99;0.0;3.999542489E7
2022;63 < 99;0.0;3.999545455E7
2023;63 < 99;0.0;3.999560187E7
2024;63 < 100;0.0;3.999542712E7
2025;63 < 100;0.0;3.999550653E7
2026;63 < 100;0.0;3.999541575E7
2027;63 < 100;0.0;3.999523979E7
2028;63 < 100;0.0;3.99954085E7
2029;63 < 100;0.0;3.999544987E7
2030;63 < 100;0.0;3.99953918E7
2031;63 < 100;0.0;3.999550969E7
2032;63 < 100;0.0;3.99953904E7
2033;63 < 100;0.0;3.999539688E7
2034;63 < 101;0.0;3.999534869E7
2035;63 < 101;0.0;3.999542471E7
2036;63 < 101;0.0;3.999539043E7
2037;63 < 101;0.0;3.999536258E7
2038;63 < 101;0.0;3.999529849E7
2039;63 < 101;0.0;3.999538436E7
2040;63 < 101;0.0;3.999532233E7
2041;63 < 101;0.0;3.999540894E7
2042;63 < 101;0.0;3.999532548E7
2043;63 < 101;0.0;3.999553072E7
2044;63 < 102;0.0;3.999541898E7
2045;63 < 102;0.0;3.999532815E7
2046;63 < 102;0.0;3.999523078E7
2047;63 < 102;0.0;3.999543936E7
