0;63 = -102;0.0;3.999773992E7
1;63 = -102;0.0;3.999726058E7
2;63 = -102;0.0;3.999723587E7
3;63 = -102;0.0;3.999724293E7
4;63 = -102;0.0;3.99971698E7
5;63 = -101;0.0;3.999710413E7
6;63 = -101;0.0;3.999708757E7
7;63 = -101;0.0;3.999728254E7
8;63 = -101;0.0;3.999727164E7
9;63 = -101;0.0;3.999726588E7
10;63 = -101;0.0;3.999706365E7
11;63 = -101;0.0;3.999726603E7
12;63 = -101;0.0;3.999726565E7
13;63 = -101;0.0;3.999717726E7
14;63 = -101;0.0;3.999729592E7
15;63 = -100;0.0;3.99972511E7
16;63 = -100;0.0;3.999725187E7
17;63 = -100;0.0;3.999719483E7
18;63 = -100;0.0;3.999726129E7
19;63 = -100;0.0;3.999718157E7
20;63 = -100;0.0;3.999725666E7
21;63 = -100;0.0;3.999723465E7
22;63 = -100;0.0;3.999720947E7
23;63 = -100;0.0;3.999723127E7
24;63 = -100;0.0;3.999720838E7
25;63 = -99;0.0;3.999727472E7
26;63 = -99;0.0;3.999731857E7
27;63 = -99;0.0;3.999717165E7
28;63 = -99;0.0;3.999725167E7
29;63 = -99;0.0;3.99972392E7
30;63 = -99;0.0;3.999722171E7
31;63 = -99;0.0;3.999707351E7
32;63 = -99;0.0;3.999716032E7
33;63 = -99;0.0;3.999708505E7
34;63 = -99;0.0;3.999719084E7
35;63 = -98;0.0;3.999711437E7
36;63 = -98;0.0;3.999727617E7
37;63 = -98;0.0;3.999714939E7
38;63 = -98;0.0;3.999715363E7
39;63 = -98;0.0;3.999715158E7
40;63 = -98;0.0;3.999708833E7
41;63 = -98;0.0;3.999722323E7
42;63 = -98;0.0;3.999721147E7
43;63 = -98;0.0;3.999712808E7
44;63 = -98;0.0;3.999720232E7
45;63 = -97;0.0;3.999713759E7
46;63 = -97;0.0;3.999723198E7
47;63 = -97;0.0;3.999720778E7
48;63 = -97;0.0;3.999710584E7
49;63 = -97;0.0;3.999703868E7
50;63 = -97;0.0;3.999718704E7
51;63 = -97;0.0;3.999725054E7
52;63 = -97;0.0;3.999727545E7
53;63 = -97;0.0;3.999718905E7
54;63 = -97;0.0;3.999712183E7
55;63 = -96;0.0;3.999716302E7
56;63 = -96;0.0;3.999715258E7
57;63 = -96;0.0;3.9997218E7
58;63 = -96;0.0;3.99972597E7
59;63 = -96;0.0;3.999726596E7
60;63 = -96;0.0;3.999710217E7
61;63 = -96;0.0;3.999722461E7
62;63 = -96;0.0;3.999718949E7
63;63 = -96;0.0;3.999719529E7
64;63 = -96;0.0;3.999721241E7
65;63 = -95;0.0;3.999710072E7
66;63 = -95;0.0;3.999716263E7
67;63 = -95;0.0;3.999726631E7
68;63 = -95;0.0;3.999724473E7
69;63 = -95;0.0;3.999722272E7
70;63 = -95;0.0;3.999723851E7
71;63 = -95;0.0;3.999717621E7
72;63 = -95;0.0;3.999713506E7
73;63 = -95;0.0;3.999720926E7
74;63 = -95;0.0;3.999726056E7
75;63 = -94;0.0;3.999719759E7
76;63 = -94;0.0;3.999711961E7
77;63 = -94;0.0;3.999720402E7
78;63 = -94;0.0;3.999715449E7
79;63 = -94;0.0;3.999720346E7
80;63 = -94;0.0;3.999719075E7
81;63 = -94;0.0;3.999716877E7
82;63 = -94;0.0;3.999711528E7
83;63 = -94;0.0;3.999716857E7
84;63 = -94;0.0;3.999712993E7
85;63 = -93;0.0;3.999726986E7
86;63 = -93;0.0;3.999706935E7
87;63 = -93;0.0;3.999637436E7
88;63 = -93;0.0;3.999706423E7
89;63 = -93;0.0;3.999716745E7
90;63 = -93;0.0;3.999720491E7
91;63 = -93;0.0;3.999727619E7
92;63 = -93;0.0;3.999684091E7
93;63 = -93;0.0;3.999740845E7
94;63 = -93;0.0;3.999715573E7
95;63 = -92;0.0;3.999708878E7
96;63 = -92;0.0;3.999710476E7
97;63 = -92;0.0;3.999708597E7
98;63 = -92;0.0;3.999719124E7
99;63 = -92;0.0;3.999710578E7
100;63 = -92;0.0;3.999721554E7
101;63 = -92;0.0;3.999724592E7
102;63 = -92;0.0;3.999713545E7
103;63 = -92;0.0;3.999715186E7
104;63 = -92;0.0;3.999705741E7
105;63 = -91;0.0;3.999724951E7
106;63 = -91;0.0;3.999716068E7
107;63 = -91;0.0;3.999707778E7
108;63 = -91;0.0;3.999712369E7
109;63 = -91;0.0;3.999716846E7
110;63 = -91;0.0;3.99972302E7
111;63 = -91;0.0;3.999713984E7
112;63 = -91;0.0;3.999716384E7
113;63 = -91;0.0;3.999713544E7
114;63 = -91;0.0;3.999715345E7
115;63 = -90;0.0;3.999711271E7
116;63 = -90;0.0;3.99972338E7
117;63 = -90;0.0;3.999712537E7
118;63 = -90;0.0;3.999718889E7
119;63 = -90;0.0;3.99970981E7
120;63 = -90;0.0;3.999719785E7
121;63 = -90;0.0;3.999709909E7
122;63 = -90;0.0;3.999717887E7
123;63 = -90;0.0;3.999714966E7
124;63 = -90;0.0;3.99972564E7
125;63 = -89;0.0;3.999711799E7
126;63 = -89;0.0;3.999754008E7
127;63 = -89;0.0;3.999705856E7
128;63 = -89;0.0;3.999713982E7
129;63 = -89;0.0;3.999708865E7
130;63 = -89;0.0;3.999703821E7
131;63 = -89;0.0;3.999713244E7
132;63 = -89;0.0;3.999721241E7
133;63 = -89;0.0;3.999715851E7
134;63 = -89;0.0;3.999718135E7
135;63 = -88;0.0;3.999719841E7
136;63 = -88;0.0;3.999710522E7
137;63 = -88;0.0;3.999714818E7
138;63 = -88;0.0;3.999715642E7
139;63 = -88;0.0;3.999712481E7
140;63 = -88;0.0;3.999709112E7
141;63 = -88;0.0;3.999709556E7
142;63 = -88;0.0;3.999701118E7
143;63 = -88;0.0;3.999712854E7
144;63 = -88;0.0;3.99970844E7
145;63 = -87;0.0;3.999707092E7
146;63 = -87;0.0;3.999708606E7
147;63 = -87;0.0;3.999701693E7
148;63 = -87;0.0;3.999706885E7
149;63 = -87;0.0;3.999717723E7
150;63 = -87;0.0;3.999706063E7
151;63 = -87;0.0;3.999703929E7
152;63 = -87;0.0;3.999713767E7
153;63 = -87;0.0;3.999695022E7
154;63 = -87;0.0;3.999707227E7
155;63 = -86;0.0;3.999707363E7
156;63 = -86;0.0;3.999703787E7
157;63 = -86;0.0;3.999711743E7
158;63 = -86;0.0;3.999709732E7
159;63 = -86;0.0;3.999706203E7
160;63 = -86;0.0;3.999710138E7
161;63 = -86;0.0;3.999711968E7
162;63 = -86;0.0;3.999703261E7
163;63 = -86;0.0;3.999706457E7
164;63 = -86;0.0;3.999714047E7
165;63 = -85;0.0;3.999686326E7
166;63 = -85;0.0;3.999703941E7
167;63 = -85;0.0;3.999722647E7
168;63 = -85;0.0;3.999716861E7
169;63 = -85;0.0;3.999709599E7
170;63 = -85;0.0;3.999696123E7
171;63 = -85;0.0;3.999711452E7
172;63 = -85;0.0;3.999707258E7
173;63 = -85;0.0;3.999714135E7
174;63 = -85;0.0;3.999695209E7
175;63 = -84;0.0;3.999718711E7
176;63 = -84;0.0;3.999720543E7
177;63 = -84;0.0;3.999710995E7
178;63 = -84;0.0;3.999715885E7
179;63 = -84;0.0;3.999706235E7
180;63 = -84;0.0;3.999713942E7
181;63 = -84;0.0;3.999703778E7
182;63 = -84;0.0;3.999706925E7
183;63 = -84;0.0;3.999718174E7
184;63 = -84;0.0;3.999715489E7
185;63 = -83;0.0;3.99970517E7
186;63 = -83;0.0;3.99970784E7
187;63 = -83;0.0;3.99970516E7
188;63 = -83;0.0;3.999707194E7
189;63 = -83;0.0;3.999709295E7
190;63 = -83;0.0;3.9997038E7
191;63 = -83;0.0;3.99971049E7
192;63 = -83;0.0;3.999713582E7
193;63 = -83;0.0;3.999714556E7
194;63 = -83;0.0;3.999710893E7
195;63 = -82;0.0;3.999710256E7
196;63 = -82;0.0;3.999707967E7
197;63 = -82;0.0;3.999702259E7
198;63 = -82;0.0;3.999707671E7
199;63 = -82;0.0;3.999704048E7
200;63 = -82;0.0;3.999706292E7
201;63 = -82;0.0;3.999702123E7
202;63 = -82;0.0;3.999682967E7
203;63 = -82;0.0;3.999709101E7
204;63 = -82;0.0;3.99970372E7
205;63 = -81;0.0;3.999704697E7
206;63 = -81;0.0;3.999709247E7
207;63 = -81;0.0;3.999704981E7
208;63 = -81;0.0;3.999709141E7
209;63 = -81;0.0;3.999711809E7
210;63 = -81;0.0;3.999713495E7
211;63 = -81;0.0;3.999714708E7
212;63 = -81;0.0;3.999706121E7
213;63 = -81;0.0;3.999705993E7
214;63 = -81;0.0;3.999701911E7
215;63 = -80;0.0;3.999700691E7
216;63 = -80;0.0;3.999695606E7
217;63 = -80;0.0;3.999706388E7
218;63 = -80;0.0;3.999697489E7
219;63 = -80;0.0;3.999691065E7
220;63 = -80;0.0;3.99969967E7
221;63 = -80;0.0;3.999696827E7
222;63 = -80;0.0;3.999703829E7
223;63 = -80;0.0;3.999698201E7
224;63 = -80;0.0;3.999703265E7
225;63 = -79;0.0;3.999709453E7
226;63 = -79;0.0;3.999701434E7
227;63 = -79;0.0;3.9997061E7
228;63 = -79;0.0;3.999687065E7
229;63 = -79;0.0;3.999707105E7
230;63 = -79;0.0;3.999700122E7
231;63 = -79;0.0;3.999706577E7
232;63 = -79;0.0;3.999682356E7
233;63 = -79;0.0;3.999703557E7
234;63 = -79;0.0;3.999703373E7
235;63 = -78;0.0;3.99970562E7
236;63 = -78;0.0;3.999706909E7
237;63 = -78;0.0;3.999704494E7
238;63 = -78;0.0;3.999701426E7
239;63 = -78;0.0;3.999698154E7
240;63 = -78;0.0;3.999700879E7
241;63 = -78;0.0;3.999705655E7
242;63 = -78;0.0;3.999706739E7
243;63 = -78;0.0;3.999697619E7
244;63 = -78;0.0;3.999703452E7
245;63 = -77;0.0;3.999696488E7
246;63 = -77;0.0;3.999707391E7
247;63 = -77;0.0;3.999696563E7
248;63 = -77;0.0;3.999697221E7
249;63 = -77;0.0;3.999704025E7
250;63 = -77;0.0;3.999708824E7
251;63 = -77;0.0;3.999700706E7
252;63 = -77;0.0;3.999707682E7
253;63 = -77;0.0;3.999704709E7
254;63 = -77;0.0;3.999701118E7
255;63 = -76;0.0;3.999702302E7
256;63 = -76;0.0;3.999693375E7
257;63 = -76;0.0;3.999695338E7
258;63 = -76;0.0;3.999702624E7
259;63 = -76;0.0;3.999690724E7
260;63 = -76;0.0;3.999707671E7
261;63 = -76;0.0;3.999706427E7
262;63 = -76;0.0;3.999704834E7
263;63 = -76;0.0;3.999682835E7
264;63 = -76;0.0;3.999696025E7
265;63 = -75;0.0;3.999691608E7
266;63 = -75;0.0;3.999698012E7
267;63 = -75;0.0;3.999703099E7
268;63 = -75;0.0;3.999702762E7
269;63 = -75;0.0;3.999698979E7
270;63 = -75;0.0;3.99970195E7
271;63 = -75;0.0;3.999702175E7
272;63 = -75;0.0;3.999699542E7
273;63 = -75;0.0;3.999702956E7
274;63 = -75;0.0;3.999693407E7
275;63 = -74;0.0;3.999702335E7
276;63 = -74;0.0;3.999692054E7
277;63 = -74;0.0;3.999694108E7
278;63 = -74;0.0;3.999701172E7
279;63 = -74;0.0;3.999689642E7
280;63 = -74;0.0;3.999700191E7
281;63 = -74;0.0;3.999693912E7
282;63 = -74;0.0;3.999706099E7
283;63 = -74;0.0;4.001089991E7
284;63 = -74;0.0;3.999697943E7
285;63 = -73;0.0;3.999694437E7
286;63 = -73;0.0;3.999699687E7
287;63 = -73;0.0;3.999697935E7
288;63 = -73;0.0;3.999698999E7
289;63 = -73;0.0;3.999681069E7
290;63 = -73;0.0;3.99968301E7
291;63 = -73;0.0;3.999695287E7
292;63 = -73;0.0;3.999691575E7
293;63 = -73;0.0;3.999705069E7
294;63 = -73;0.0;3.999700458E7
295;63 = -72;0.0;3.999697738E7
296;63 = -72;0.0;3.999703013E7
297;63 = -72;0.0;3.999690266E7
298;63 = -72;0.0;3.999701111E7
299;63 = -72;0.0;3.999710595E7
300;63 = -72;0.0;3.999699829E7
301;63 = -72;0.0;3.999701915E7
302;63 = -72;0.0;3.999700683E7
303;63 = -72;0.0;3.999699983E7
304;63 = -72;0.0;3.999690656E7
305;63 = -71;0.0;3.999723644E7
306;63 = -71;0.0;3.999693341E7
307;63 = -71;0.0;3.999695031E7
308;63 = -71;0.0;3.999703528E7
309;63 = -71;0.0;3.999689275E7
310;63 = -71;0.0;3.999693379E7
311;63 = -71;0.0;3.999701184E7
312;63 = -71;0.0;3.999698393E7
313;63 = -71;0.0;3.999694601E7
314;63 = -71;0.0;3.999697262E7
315;63 = -70;0.0;3.999702101E7
316;63 = -70;0.0;3.999696041E7
317;63 = -70;0.0;3.999693871E7
318;63 = -70;0.0;3.999706489E7
319;63 = -70;0.0;3.99969282E7
320;63 = -70;0.0;3.999691311E7
321;63 = -70;0.0;3.999687435E7
322;63 = -70;0.0;3.99968817E7
323;63 = -70;0.0;3.999693439E7
324;63 = -70;0.0;3.999689318E7
325;63 = -69;0.0;3.999701692E7
326;63 = -69;0.0;3.999695859E7
327;63 = -69;0.0;3.999698004E7
328;63 = -69;0.0;3.999687204E7
329;63 = -69;0.0;3.999693913E7
330;63 = -69;0.0;3.999698963E7
331;63 = -69;0.0;3.999695365E7
332;63 = -69;0.0;3.999694124E7
333;63 = -69;0.0;3.999687989E7
334;63 = -69;0.0;3.999696036E7
335;63 = -68;0.0;3.999689131E7
336;63 = -68;0.0;3.999687764E7
337;63 = -68;0.0;3.999688534E7
338;63 = -68;0.0;3.999692965E7
339;63 = -68;0.0;3.999689461E7
340;63 = -68;0.0;3.999696277E7
341;63 = -68;0.0;3.999695297E7
342;63 = -68;0.0;3.999702422E7
343;63 = -68;0.0;3.999704126E7
344;63 = -68;0.0;3.999688801E7
345;63 = -67;0.0;3.99969186E7
346;63 = -67;0.0;3.999687773E7
347;63 = -67;0.0;3.999690014E7
348;63 = -67;0.0;3.998815289E7
349;63 = -67;0.0;3.999694449E7
350;63 = -67;0.0;3.9996864E7
351;63 = -67;0.0;3.999694953E7
352;63 = -67;0.0;3.999676516E7
353;63 = -67;0.0;3.999684505E7
354;63 = -67;0.0;3.999691701E7
355;63 = -66;0.0;3.999688375E7
356;63 = -66;0.0;3.999684986E7
357;63 = -66;0.0;3.999686671E7
358;63 = -66;0.0;3.999687322E7
359;63 = -66;0.0;3.999695669E7
360;63 = -66;0.0;3.999693585E7
361;63 = -66;0.0;3.999687459E7
362;63 = -66;0.0;3.999695802E7
363;63 = -66;0.0;3.999691557E7
364;63 = -66;0.0;3.999686302E7
365;63 = -65;0.0;3.999684639E7
366;63 = -65;0.0;3.999705617E7
367;63 = -65;0.0;3.999685357E7
368;63 = -65;0.0;3.999692369E7
369;63 = -65;0.0;3.999687334E7
370;63 = -65;0.0;3.999682985E7
371;63 = -65;0.0;3.999684008E7
372;63 = -65;0.0;3.999689411E7
373;63 = -65;0.0;3.999688286E7
374;63 = -65;0.0;3.999688661E7
375;63 = -64;0.0;3.999685678E7
376;63 = -64;0.0;3.999694194E7
377;63 = -64;0.0;3.999694655E7
378;63 = -64;0.0;3.999698306E7
379;63 = -64;0.0;3.999685377E7
380;63 = -64;0.0;3.999680702E7
381;63 = -64;0.0;3.999685687E7
382;63 = -64;0.0;3.999689627E7
383;63 = -64;0.0;3.999689886E7
384;63 = -64;0.0;3.999693759E7
385;63 = -63;0.0;3.999676646E7
386;63 = -63;0.0;3.999688295E7
387;63 = -63;0.0;3.999685324E7
388;63 = -63;0.0;3.999680477E7
389;63 = -63;0.0;3.999682139E7
390;63 = -63;0.0;3.999690562E7
391;63 = -63;0.0;3.999688966E7
392;63 = -63;0.0;3.999694047E7
393;63 = -63;0.0;3.999683979E7
394;63 = -63;0.0;3.999681129E7
395;63 = -62;0.0;3.999684857E7
396;63 = -62;0.0;3.999684364E7
397;63 = -62;0.0;3.999672873E7
398;63 = -62;0.0;3.999683546E7
399;63 = -62;0.0;3.999685831E7
400;63 = -62;0.0;3.999688733E7
401;63 = -62;0.0;3.999680718E7
402;63 = -62;0.0;3.999680628E7
403;63 = -62;0.0;3.999677615E7
404;63 = -62;0.0;3.999684205E7
405;63 = -61;0.0;3.999685636E7
406;63 = -61;0.0;3.999681447E7
407;63 = -61;0.0;3.999690526E7
408;63 = -61;0.0;3.999681441E7
409;63 = -61;0.0;3.999676783E7
410;63 = -61;0.0;3.9996798E7
411;63 = -61;0.0;3.999688149E7
412;63 = -61;0.0;3.999688881E7
413;63 = -61;0.0;3.999691085E7
414;63 = -61;0.0;3.99967887E7
415;63 = -60;0.0;3.99967248E7
416;63 = -60;0.0;3.999680502E7
417;63 = -60;0.0;3.99967875E7
418;63 = -60;0.0;3.99968936E7
419;63 = -60;0.0;3.999685166E7
420;63 = -60;0.0;3.999683952E7
421;63 = -60;0.0;3.999684139E7
422;63 = -60;0.0;3.999667759E7
423;63 = -60;0.0;3.999677793E7
424;63 = -60;0.0;3.999692752E7
425;63 = -59;0.0;3.999687009E7
426;63 = -59;0.0;3.999675154E7
427;63 = -59;0.0;3.999686849E7
428;63 = -59;0.0;3.999678833E7
429;63 = -59;0.0;3.999675441E7
430;63 = -59;0.0;3.999681472E7
431;63 = -59;0.0;3.999679847E7
432;63 = -59;0.0;3.999676055E7
433;63 = -59;0.0;3.99969223E7
434;63 = -59;0.0;3.999689867E7
435;63 = -58;0.0;3.999683619E7
436;63 = -58;0.0;3.999684719E7
437;63 = -58;0.0;3.999668934E7
438;63 = -58;0.0;3.999686696E7
439;63 = -58;0.0;3.999682419E7
440;63 = -58;0.0;3.999677042E7
441;63 = -58;0.0;3.999671662E7
442;63 = -58;0.0;3.999682034E7
443;63 = -58;0.0;3.999691062E7
444;63 = -58;0.0;3.9996787E7
445;63 = -57;0.0;3.999689314E7
446;63 = -57;0.0;3.99968144E7
447;63 = -57;0.0;3.999676855E7
448;63 = -57;0.0;3.999683661E7
449;63 = -57;0.0;3.999675308E7
450;63 = -57;0.0;3.999682732E7
451;63 = -57;0.0;3.999684949E7
452;63 = -57;0.0;3.999688253E7
453;63 = -57;0.0;3.999675011E7
454;63 = -57;0.0;3.999681265E7
455;63 = -56;0.0;3.999675513E7
456;63 = -56;0.0;3.999678979E7
457;63 = -56;0.0;3.999678819E7
458;63 = -56;0.0;3.999686326E7
459;63 = -56;0.0;3.99967742E7
460;63 = -56;0.0;3.999681417E7
461;63 = -56;0.0;3.999677955E7
462;63 = -56;0.0;3.999684907E7
463;63 = -56;0.0;3.999661857E7
464;63 = -56;0.0;3.99968086E7
465;63 = -55;0.0;3.99968234E7
466;63 = -55;0.0;3.999683341E7
467;63 = -55;0.0;3.999682234E7
468;63 = -55;0.0;3.999688846E7
469;63 = -55;0.0;3.999678474E7
470;63 = -55;0.0;3.99967673E7
471;63 = -55;0.0;3.999683632E7
472;63 = -55;0.0;3.999672276E7
473;63 = -55;0.0;3.999657444E7
474;63 = -55;0.0;3.999678493E7
475;63 = -54;0.0;3.999681716E7
476;63 = -54;0.0;3.99967349E7
477;63 = -54;0.0;3.999676573E7
478;63 = -54;0.0;3.999675135E7
479;63 = -54;0.0;3.999673947E7
480;63 = -54;0.0;3.999677301E7
481;63 = -54;0.0;4.000541109E7
482;63 = -54;0.0;3.999679406E7
483;63 = -54;0.0;3.99966963E7
484;63 = -54;0.0;3.999673918E7
485;63 = -53;0.0;3.99967378E7
486;63 = -53;0.0;3.999673334E7
487;63 = -53;0.0;3.999678993E7
488;63 = -53;0.0;3.999683448E7
489;63 = -53;0.0;3.999683426E7
490;63 = -53;0.0;3.999663167E7
491;63 = -53;0.0;3.99968857E7
492;63 = -53;0.0;3.999676688E7
493;63 = -53;0.0;3.99968686E7
494;63 = -53;0.0;3.999680575E7
495;63 = -52;0.0;3.9996752E7
496;63 = -52;0.0;3.999673709E7
497;63 = -52;0.0;3.999677941E7
498;63 = -52;0.0;3.999681894E7
499;63 = -52;0.0;3.999671665E7
500;63 = -52;0.0;3.999679917E7
501;63 = -52;0.0;3.999682099E7
502;63 = -52;0.0;3.999675957E7
503;63 = -52;0.0;3.999672851E7
504;63 = -52;0.0;3.999667811E7
505;63 = -51;0.0;3.999680617E7
506;63 = -51;0.0;3.999673645E7
507;63 = -51;0.0;3.99968571E7
508;63 = -51;0.0;3.999672088E7
509;63 = -51;0.0;3.999679713E7
510;63 = -51;0.0;3.999687989E7
511;63 = -51;0.0;3.999672004E7
512;63 = -51;0.0;3.999674796E7
513;63 = -51;0.0;3.999682327E7
514;63 = -51;0.0;3.999677511E7
515;63 = -50;0.0;3.99967651E7
516;63 = -50;0.0;3.999661327E7
517;63 = -50;0.0;3.999673857E7
518;63 = -50;0.0;3.99967983E7
519;63 = -50;0.0;3.9996814E7
520;63 = -50;0.0;3.999674391E7
521;63 = -50;0.0;3.999678361E7
522;63 = -50;0.0;3.999669244E7
523;63 = -50;0.0;3.999678126E7
524;63 = -50;0.0;3.999670922E7
525;63 = -49;0.0;3.999679501E7
526;63 = -49;0.0;3.999672677E7
527;63 = -49;0.0;3.999662446E7
528;63 = -49;0.0;3.999683203E7
529;63 = -49;0.0;3.999642084E7
530;63 = -49;0.0;3.999670416E7
531;63 = -49;0.0;3.999670973E7
532;63 = -49;0.0;3.999676799E7
533;63 = -49;0.0;3.999674064E7
534;63 = -49;0.0;3.999680049E7
535;63 = -48;0.0;3.999671354E7
536;63 = -48;0.0;3.999679129E7
537;63 = -48;0.0;3.999656991E7
538;63 = -48;0.0;3.999674376E7
539;63 = -48;0.0;3.999672339E7
540;63 = -48;0.0;3.999657773E7
541;63 = -48;0.0;3.999678089E7
542;63 = -48;0.0;3.999655347E7
543;63 = -48;0.0;3.999679429E7
544;63 = -48;0.0;3.999677307E7
545;63 = -47;0.0;3.999666367E7
546;63 = -47;0.0;3.999670458E7
547;63 = -47;0.0;3.999669772E7
548;63 = -47;0.0;3.999674434E7
549;63 = -47;0.0;3.999670692E7
550;63 = -47;0.0;3.999674199E7
551;63 = -47;0.0;3.999664899E7
552;63 = -47;0.0;3.99967462E7
553;63 = -47;0.0;3.999671859E7
554;63 = -47;0.0;3.999665864E7
555;63 = -46;0.0;3.999667195E7
556;63 = -46;0.0;3.999672938E7
557;63 = -46;0.0;3.999656729E7
558;63 = -46;0.0;3.999673518E7
559;63 = -46;0.0;3.999673257E7
560;63 = -46;0.0;3.999669218E7
561;63 = -46;0.0;3.999666622E7
562;63 = -46;0.0;3.999664539E7
563;63 = -46;0.0;3.999668874E7
564;63 = -46;0.0;3.999668098E7
565;63 = -45;0.0;3.999665512E7
566;63 = -45;0.0;3.999663031E7
567;63 = -45;0.0;3.999667068E7
568;63 = -45;0.0;3.999677501E7
569;63 = -45;0.0;3.999670652E7
570;63 = -45;0.0;3.999653478E7
571;63 = -45;0.0;3.999672585E7
572;63 = -45;0.0;3.99966406E7
573;63 = -45;0.0;3.999665073E7
574;63 = -45;0.0;3.999665997E7
575;63 = -44;0.0;3.999664729E7
576;63 = -44;0.0;4.000258167E7
577;63 = -44;0.0;3.999683553E7
578;63 = -44;0.0;3.999666225E7
579;63 = -44;0.0;3.999669476E7
580;63 = -44;0.0;3.999668282E7
581;63 = -44;0.0;3.999652264E7
582;63 = -44;0.0;3.999671797E7
583;63 = -44;0.0;3.999666239E7
584;63 = -44;0.0;3.999659007E7
585;63 = -43;0.0;3.999673422E7
586;63 = -43;0.0;3.99966929E7
587;63 = -43;0.0;3.99966872E7
588;63 = -43;0.0;3.999668122E7
589;63 = -43;0.0;3.999667333E7
590;63 = -43;0.0;3.999673116E7
591;63 = -43;0.0;3.999670762E7
592;63 = -43;0.0;3.999659865E7
593;63 = -43;0.0;3.999674116E7
594;63 = -43;0.0;3.999661977E7
595;63 = -42;0.0;3.999656581E7
596;63 = -42;0.0;3.999655933E7
597;63 = -42;0.0;3.999667841E7
598;63 = -42;0.0;3.999657054E7
599;63 = -42;0.0;3.999672966E7
600;63 = -42;0.0;3.999671197E7
601;63 = -42;0.0;3.999668001E7
602;63 = -42;0.0;3.999667303E7
603;63 = -42;0.0;3.999659455E7
604;63 = -42;0.0;4.000095584E7
605;63 = -41;0.0;3.999664187E7
606;63 = -41;0.0;3.999671633E7
607;63 = -41;0.0;3.999675147E7
608;63 = -41;0.0;3.999668873E7
609;63 = -41;0.0;3.999673682E7
610;63 = -41;0.0;3.999667924E7
611;63 = -41;0.0;3.999665088E7
612;63 = -41;0.0;3.99966299E7
613;63 = -41;0.0;3.999657627E7
614;63 = -41;0.0;3.999668875E7
615;63 = -40;0.0;3.99968049E7
616;63 = -40;0.0;3.999675884E7
617;63 = -40;0.0;3.999684182E7
618;63 = -40;0.0;3.99967395E7
619;63 = -40;0.0;3.999662683E7
620;63 = -40;0.0;3.999662568E7
621;63 = -40;0.0;3.999664464E7
622;63 = -40;0.0;3.999666121E7
623;63 = -40;0.0;3.999660911E7
624;63 = -40;0.0;3.999659102E7
625;63 = -39;0.0;3.999664196E7
626;63 = -39;0.0;3.999661132E7
627;63 = -39;0.0;3.999679632E7
628;63 = -39;0.0;3.999664577E7
629;63 = -39;0.0;3.999663314E7
630;63 = -39;0.0;3.999652943E7
631;63 = -39;0.0;3.999657925E7
632;63 = -39;0.0;3.999663864E7
633;63 = -39;0.0;3.999667677E7
634;63 = -39;0.0;3.999669406E7
635;63 = -38;0.0;3.999666368E7
636;63 = -38;0.0;3.999662869E7
637;63 = -38;0.0;3.999663214E7
638;63 = -38;0.0;3.999663153E7
639;63 = -38;0.0;3.999667838E7
640;63 = -38;0.0;3.9996635E7
641;63 = -38;0.0;3.999668512E7
642;63 = -38;0.0;3.999661135E7
643;63 = -38;0.0;3.999671943E7
644;63 = -38;0.0;3.999663106E7
645;63 = -37;0.0;3.999643859E7
646;63 = -37;0.0;3.999666019E7
647;63 = -37;0.0;3.999654381E7
648;63 = -37;0.0;3.999661592E7
649;63 = -37;0.0;3.999661265E7
650;63 = -37;0.0;3.999662878E7
651;63 = -37;0.0;3.999662501E7
652;63 = -37;0.0;3.999664205E7
653;63 = -37;0.0;3.999663049E7
654;63 = -37;0.0;3.999666779E7
655;63 = -36;0.0;3.999677164E7
656;63 = -36;0.0;3.99964365E7
657;63 = -36;0.0;3.999661845E7
658;63 = -36;0.0;3.999652338E7
659;63 = -36;0.0;3.999670108E7
660;63 = -36;0.0;3.999658432E7
661;63 = -36;0.0;3.999654822E7
662;63 = -36;0.0;3.999657947E7
663;63 = -36;0.0;3.999656272E7
664;63 = -36;0.0;3.999664094E7
665;63 = -35;0.0;3.999657217E7
666;63 = -35;0.0;3.999663017E7
667;63 = -35;0.0;3.999664706E7
668;63 = -35;0.0;3.999669082E7
669;63 = -35;0.0;3.999655609E7
670;63 = -35;0.0;3.999658576E7
671;63 = -35;0.0;3.999657083E7
672;63 = -35;0.0;3.999660004E7
673;63 = -35;0.0;3.999666494E7
674;63 = -35;0.0;3.999673197E7
675;63 = -34;0.0;3.999662462E7
676;63 = -34;0.0;3.999655102E7
677;63 = -34;0.0;3.999654706E7
678;63 = -34;0.0;3.99965855E7
679;63 = -34;0.0;3.999659107E7
680;63 = -34;0.0;3.999664895E7
681;63 = -34;0.0;3.999657768E7
682;63 = -34;0.0;3.999656281E7
683;63 = -34;0.0;3.999650894E7
684;63 = -34;0.0;3.999662958E7
685;63 = -33;0.0;3.999655522E7
686;63 = -33;0.0;3.999655293E7
687;63 = -33;0.0;3.999660905E7
688;63 = -33;0.0;3.999655785E7
689;63 = -33;0.0;3.999649436E7
690;63 = -33;0.0;3.999661865E7
691;63 = -33;0.0;3.999656958E7
692;63 = -33;0.0;3.999657024E7
693;63 = -33;0.0;3.999669088E7
694;63 = -33;0.0;3.999664312E7
695;63 = -32;0.0;3.999654081E7
696;63 = -32;0.0;3.999653939E7
697;63 = -32;0.0;3.999625849E7
698;63 = -32;0.0;3.999666174E7
699;63 = -32;0.0;3.999655106E7
700;63 = -32;0.0;3.99965759E7
701;63 = -32;0.0;3.999657515E7
702;63 = -32;0.0;3.999661976E7
703;63 = -32;0.0;3.999657527E7
704;63 = -32;0.0;3.999658331E7
705;63 = -31;0.0;3.999658593E7
706;63 = -31;0.0;3.999647565E7
707;63 = -31;0.0;3.99964731E7
708;63 = -31;0.0;3.999656421E7
709;63 = -31;0.0;3.999651471E7
710;63 = -31;0.0;3.999657122E7
711;63 = -31;0.0;3.999649315E7
712;63 = -31;0.0;3.999651103E7
713;63 = -31;0.0;3.999649731E7
714;63 = -31;0.0;3.999654843E7
715;63 = -30;0.0;3.999655373E7
716;63 = -30;0.0;3.999658653E7
717;63 = -30;0.0;3.999651759E7
718;63 = -30;0.0;3.999656859E7
719;63 = -30;0.0;3.999651948E7
720;63 = -30;0.0;3.999629684E7
721;63 = -30;0.0;3.999655969E7
722;63 = -30;0.0;3.999657284E7
723;63 = -30;0.0;3.999649154E7
724;63 = -30;0.0;3.999650395E7
725;63 = -29;0.0;3.999653916E7
726;63 = -29;0.0;3.999640252E7
727;63 = -29;0.0;3.999655526E7
728;63 = -29;0.0;3.999658748E7
729;63 = -29;0.0;3.999649612E7
730;63 = -29;0.0;3.999654109E7
731;63 = -29;0.0;3.999649214E7
732;63 = -29;0.0;3.99965672E7
733;63 = -29;0.0;3.999658535E7
734;63 = -29;0.0;3.999654039E7
735;63 = -28;0.0;3.99965201E7
736;63 = -28;0.0;3.999652379E7
737;63 = -28;0.0;3.999650935E7
738;63 = -28;0.0;3.999652131E7
739;63 = -28;0.0;3.99965118E7
740;63 = -28;0.0;3.999648031E7
741;63 = -28;0.0;3.999642183E7
742;63 = -28;0.0;3.999652219E7
743;63 = -28;0.0;3.999658091E7
744;63 = -28;0.0;3.999653969E7
745;63 = -27;0.0;3.999656223E7
746;63 = -27;0.0;3.999649678E7
747;63 = -27;0.0;3.999651919E7
748;63 = -27;0.0;3.999657299E7
749;63 = -27;0.0;3.999656836E7
750;63 = -27;0.0;3.999653656E7
751;63 = -27;0.0;3.999646905E7
752;63 = -27;0.0;3.999656184E7
753;63 = -27;0.0;3.99964121E7
754;63 = -27;0.0;3.999645136E7
755;63 = -26;0.0;3.999645145E7
756;63 = -26;0.0;3.99965038E7
757;63 = -26;0.0;3.999649083E7
758;63 = -26;0.0;3.999647704E7
759;63 = -26;0.0;3.999654832E7
760;63 = -26;0.0;3.999651182E7
761;63 = -26;0.0;3.999648644E7
762;63 = -26;0.0;3.999656869E7
763;63 = -26;0.0;3.999653788E7
764;63 = -26;0.0;3.999647517E7
765;63 = -25;0.0;3.999651823E7
766;63 = -25;0.0;3.999653514E7
767;63 = -25;0.0;3.999650118E7
768;63 = -25;0.0;3.999640407E7
769;63 = -25;0.0;3.99964862E7
770;63 = -25;0.0;3.999648959E7
771;63 = -25;0.0;3.999636421E7
772;63 = -25;0.0;3.999653841E7
773;63 = -25;0.0;3.999650332E7
774;63 = -25;0.0;3.999644706E7
775;63 = -24;0.0;3.99965245E7
776;63 = -24;0.0;3.999641021E7
777;63 = -24;0.0;3.999660307E7
778;63 = -24;0.0;3.999647354E7
779;63 = -24;0.0;3.999653058E7
780;63 = -24;0.0;3.999652263E7
781;63 = -24;0.0;3.999634562E7
782;63 = -24;0.0;3.999643947E7
783;63 = -24;0.0;3.999646321E7
784;63 = -24;0.0;3.99965077E7
785;63 = -23;0.0;3.999630592E7
786;63 = -23;0.0;3.999641821E7
787;63 = -23;0.0;3.99964813E7
788;63 = -23;0.0;3.999645281E7
789;63 = -23;0.0;3.999647085E7
790;63 = -23;0.0;3.99966039E7
791;63 = -23;0.0;3.999650914E7
792;63 = -23;0.0;3.999640433E7
793;63 = -23;0.0;3.999658244E7
794;63 = -23;0.0;3.999654726E7
795;63 = -22;0.0;3.999647943E7
796;63 = -22;0.0;3.999632657E7
797;63 = -22;0.0;3.99964481E7
798;63 = -22;0.0;3.999640935E7
799;63 = -22;0.0;3.999651888E7
800;63 = -22;0.0;3.999636954E7
801;63 = -22;0.0;3.999650061E7
802;63 = -22;0.0;3.999653039E7
803;63 = -22;0.0;3.999644924E7
804;63 = -22;0.0;3.999646961E7
805;63 = -21;0.0;3.999645179E7
806;63 = -21;0.0;3.999648998E7
807;63 = -21;0.0;3.999638618E7
808;63 = -21;0.0;3.999637754E7
809;63 = -21;0.0;3.99965E7
810;63 = -21;0.0;3.999649254E7
811;63 = -21;0.0;3.999641321E7
812;63 = -21;0.0;3.999645818E7
813;63 = -21;0.0;3.999636404E7
814;63 = -21;0.0;3.999646198E7
815;63 = -20;0.0;3.99964382E7
816;63 = -20;0.0;3.999635128E7
817;63 = -20;0.0;3.999631066E7
818;63 = -20;0.0;3.999662323E7
819;63 = -20;0.0;3.999645131E7
820;63 = -20;0.0;3.999638568E7
821;63 = -20;0.0;3.999649552E7
822;63 = -20;0.0;3.999652419E7
823;63 = -20;0.0;3.999649649E7
824;63 = -20;0.0;3.999649297E7
825;63 = -19;0.0;3.999628861E7
826;63 = -19;0.0;3.999639434E7
827;63 = -19;0.0;3.999651427E7
828;63 = -19;0.0;3.999642441E7
829;63 = -19;0.0;3.999644182E7
830;63 = -19;0.0;3.999630323E7
831;63 = -19;0.0;3.999646706E7
832;63 = -19;0.0;3.9996453E7
833;63 = -19;0.0;3.999638077E7
834;63 = -19;0.0;3.999643046E7
835;63 = -18;0.0;3.999634513E7
836;63 = -18;0.0;3.999641292E7
837;63 = -18;0.0;3.999639215E7
838;63 = -18;0.0;3.999631022E7
839;63 = -18;0.0;3.998774551E7
840;63 = -18;0.0;3.999637794E7
841;63 = -18;0.0;3.999641626E7
842;63 = -18;0.0;3.999645831E7
843;63 = -18;0.0;3.999645521E7
844;63 = -18;0.0;3.999639138E7
845;63 = -17;0.0;3.999642265E7
846;63 = -17;0.0;3.999642287E7
847;63 = -17;0.0;3.999627072E7
848;63 = -17;0.0;3.999635007E7
849;63 = -17;0.0;3.999640548E7
850;63 = -17;0.0;3.999638312E7
851;63 = -17;0.0;3.999639229E7
852;63 = -17;0.0;3.999636881E7
853;63 = -17;0.0;3.999632976E7
854;63 = -17;0.0;3.999637744E7
855;63 = -16;0.0;3.999639573E7
856;63 = -16;0.0;3.999638096E7
857;63 = -16;0.0;3.999643681E7
858;63 = -16;0.0;3.999621192E7
859;63 = -16;0.0;3.999631341E7
860;63 = -16;0.0;3.999631728E7
861;63 = -16;0.0;3.999634316E7
862;63 = -16;0.0;3.999646263E7
863;63 = -16;0.0;3.999637835E7
864;63 = -16;0.0;3.999632996E7
865;63 = -15;0.0;3.999640055E7
866;63 = -15;0.0;3.999636566E7
867;63 = -15;0.0;3.999633131E7
868;63 = -15;0.0;3.999645109E7
869;63 = -15;0.0;3.999647542E7
870;63 = -15;0.0;3.999635742E7
871;63 = -15;0.0;3.999632392E7
872;63 = -15;0.0;3.999639326E7
873;63 = -15;0.0;3.99964138E7
874;63 = -15;0.0;3.999638873E7
875;63 = -14;0.0;3.999631788E7
876;63 = -14;0.0;3.99964751E7
877;63 = -14;0.0;3.999091547E7
878;63 = -14;0.0;3.999641179E7
879;63 = -14;0.0;3.999639455E7
880;63 = -14;0.0;3.999636641E7
881;63 = -14;0.0;3.999644424E7
882;63 = -14;0.0;3.999629019E7
883;63 = -14;0.0;3.999647469E7
884;63 = -14;0.0;3.999639194E7
885;63 = -13;0.0;3.999627306E7
886;63 = -13;0.0;3.999643654E7
887;63 = -13;0.0;3.99963492E7
888;63 = -13;0.0;3.999627379E7
889;63 = -13;0.0;3.999635211E7
890;63 = -13;0.0;3.99962645E7
891;63 = -13;0.0;3.999636127E7
892;63 = -13;0.0;3.999635573E7
893;63 = -13;0.0;3.999642041E7
894;63 = -13;0.0;3.999632892E7
895;63 = -12;0.0;3.999634049E7
896;63 = -12;0.0;3.999638998E7
897;63 = -12;0.0;3.999635341E7
898;63 = -12;0.0;3.99963964E7
899;63 = -12;0.0;3.999625492E7
900;63 = -12;0.0;3.999633641E7
901;63 = -12;0.0;3.999628815E7
902;63 = -12;0.0;3.999643139E7
903;63 = -12;0.0;3.999635866E7
904;63 = -12;0.0;3.999631621E7
905;63 = -11;0.0;3.999607269E7
906;63 = -11;0.0;3.999648045E7
907;63 = -11;0.0;3.999637521E7
908;63 = -11;0.0;3.999636817E7
909;63 = -11;0.0;3.999637216E7
910;63 = -11;0.0;3.99963685E7
911;63 = -11;0.0;3.999630482E7
912;63 = -11;0.0;3.999640753E7
913;63 = -11;0.0;3.999617903E7
914;63 = -11;0.0;3.999635717E7
915;63 = -10;0.0;3.99964704E7
916;63 = -10;0.0;3.999637478E7
917;63 = -10;0.0;3.999633305E7
918;63 = -10;0.0;3.999641716E7
919;63 = -10;0.0;3.999637239E7
920;63 = -10;0.0;3.999629976E7
921;63 = -10;0.0;3.999635142E7
922;63 = -10;0.0;3.999638417E7
923;63 = -10;0.0;3.999626678E7
924;63 = -10;0.0;3.999638761E7
925;63 = -9;0.0;3.999627231E7
926;63 = -9;0.0;3.999635826E7
927;63 = -9;0.0;3.999640286E7
928;63 = -9;0.0;3.999629464E7
929;63 = -9;0.0;3.999631842E7
930;63 = -9;0.0;3.999624414E7
931;63 = -9;0.0;3.99963305E7
932;63 = -9;0.0;4.003623843E7
933;63 = -9;0.0;3.999618396E7
934;63 = -9;0.0;3.999632931E7
935;63 = -8;0.0;3.999639401E7
936;63 = -8;0.0;3.999633202E7
937;63 = -8;0.0;3.999628329E7
938;63 = -8;0.0;3.999635951E7
939;63 = -8;0.0;3.999626015E7
940;63 = -8;0.0;3.999623705E7
941;63 = -8;0.0;3.999625233E7
942;63 = -8;0.0;3.999630086E7
943;63 = -8;0.0;3.999639065E7
944;63 = -8;0.0;3.999629987E7
945;63 = -7;0.0;3.999632479E7
946;63 = -7;0.0;3.999610996E7
947;63 = -7;0.0;3.999634419E7
948;63 = -7;0.0;3.999631909E7
949;63 = -7;0.0;3.999631195E7
950;63 = -7;0.0;3.999631178E7
951;63 = -7;0.0;3.999636226E7
952;63 = -7;0.0;3.999638133E7
953;63 = -7;0.0;3.999639466E7
954;63 = -7;0.0;3.99962219E7
955;63 = -6;0.0;3.999629489E7
956;63 = -6;0.0;3.999636983E7
957;63 = -6;0.0;3.999633773E7
958;63 = -6;0.0;3.99963337E7
959;63 = -6;0.0;3.999628105E7
960;63 = -6;0.0;3.999633978E7
961;63 = -6;0.0;3.999617688E7
962;63 = -6;0.0;3.999620553E7
963;63 = -6;0.0;3.999629638E7
964;63 = -6;0.0;3.999617951E7
965;63 = -5;0.0;3.999629817E7
966;63 = -5;0.0;3.999622422E7
967;63 = -5;0.0;3.999628055E7
968;63 = -5;0.0;3.999633199E7
969;63 = -5;0.0;3.999635447E7
970;63 = -5;0.0;3.999628547E7
971;63 = -5;0.0;3.999629168E7
972;63 = -5;0.0;4.000491164E7
973;63 = -5;0.0;3.999633999E7
974;63 = -5;0.0;3.999620947E7
975;63 = -4;0.0;3.999618265E7
976;63 = -4;0.0;3.999629243E7
977;63 = -4;0.0;3.999622912E7
978;63 = -4;0.0;3.999625443E7
979;63 = -4;0.0;3.999629625E7
980;63 = -4;0.0;3.999620379E7
981;63 = -4;0.0;3.999625843E7
982;63 = -4;0.0;3.999639355E7
983;63 = -4;0.0;3.999626203E7
984;63 = -4;0.0;3.999630039E7
985;63 = -3;0.0;3.999629975E7
986;63 = -3;0.0;3.999625247E7
987;63 = -3;0.0;3.998801272E7
988;63 = -3;0.0;3.999621964E7
989;63 = -3;0.0;3.999612375E7
990;63 = -3;0.0;3.999622825E7
991;63 = -3;0.0;3.999631445E7
992;63 = -3;0.0;3.999618732E7
993;63 = -3;0.0;3.99963736E7
994;63 = -3;0.0;3.99962504E7
995;63 = -2;0.0;3.999619025E7
996;63 = -2;0.0;3.999622116E7
997;63 = -2;0.0;3.999625748E7
998;63 = -2;0.0;3.999628378E7
999;63 = -2;0.0;3.999624247E7
1000;63 = -2;0.0;3.999620754E7
1001;63 = -2;0.0;3.999619069E7
1002;63 = -2;0.0;3.999631919E7
1003;63 = -2;0.0;3.999613687E7
1004;63 = -2;0.0;3.999610416E7
1005;63 = -1;0.0;3.999621328E7
1006;63 = -1;0.0;3.999632786E7
1007;63 = -1;0.0;3.999620778E7
1008;63 = -1;0.0;3.999607281E7
1009;63 = -1;0.0;3.999619982E7
1010;63 = -1;0.0;3.999628533E7
1011;63 = -1;0.0;3.999625662E7
1012;63 = -1;0.0;3.999616147E7
1013;63 = -1;0.0;3.999619186E7
1014;63 = -1;0.0;3.999622954E7
1015;63 = -;0.0;3.999621927E7
1016;63 = -;0.0;3.999620532E7
1017;63 = -;0.0;3.999629962E7
1018;63 = -;0.0;3.999629572E7
1019;63 = -;0.0;3.999624774E7
1020;63 = -;0.0;3.99961299E7
1021;63 = -;0.0;3.999620441E7
1022;63 = -;0.0;3.999607974E7
1023;63 = -;0.0;3.99962449E7
1024;63 = ;0.0;3.999624609E7
1025;63 = ;0.0;3.999627647E7
1026;63 = ;0.0;3.999625391E7
1027;63 = ;0.0;3.999632656E7
1028;63 = ;0.0;3.999611956E7
1029;63 = ;0.0;3.999623615E7
1030;63 = ;0.0;3.999621463E7
1031;63 = ;0.0;3.999611462E7
1032;63 = ;0.0;3.999619901E7
1033;63 = ;0.0;3.999609166E7
1034;63 = 1;0.0;3.999625585E7
1035;63 = 1;0.0;3.999626197E7
1036;63 = 1;0.0;3.999618745E7
1037;63 = 1;0.0;3.999614981E7
1038;63 = 1;0.0;3.999618625E7
1039;63 = 1;0.0;3.999607673E7
1040;63 = 1;0.0;3.999626814E7
1041;63 = 1;0.0;3.999604399E7
1042;63 = 1;0.0;3.99961627E7
1043;63 = 1;0.0;3.999622774E7
1044;63 = 2;0.0;3.999611724E7
1045;63 = 2;0.0;3.999624508E7
1046;63 = 2;0.0;3.999621306E7
1047;63 = 2;0.0;3.999608522E7
1048;63 = 2;0.0;3.999612945E7
1049;63 = 2;0.0;3.999610006E7
1050;63 = 2;0.0;3.999615349E7
1051;63 = 2;0.0;3.999621892E7
1052;63 = 2;0.0;3.999609052E7
1053;63 = 2;0.0;3.999623874E7
1054;63 = 3;0.0;3.999618102E7
1055;63 = 3;0.0;3.999629906E7
1056;63 = 3;0.0;3.999615802E7
1057;63 = 3;0.0;3.999624324E7
1058;63 = 3;0.0;3.999627739E7
1059;63 = 3;0.0;3.999615697E7
1060;63 = 3;0.0;3.999614505E7
1061;63 = 3;0.0;3.999605335E7
1062;63 = 3;0.0;3.999620596E7
1063;63 = 3;0.0;3.99961303E7
1064;63 = 4;0.0;3.999611114E7
1065;63 = 4;0.0;3.999615822E7
1066;63 = 4;0.0;3.999623231E7
1067;63 = 4;0.0;3.999621918E7
1068;63 = 4;0.0;3.999620635E7
1069;63 = 4;0.0;3.999628669E7
1070;63 = 4;0.0;3.999609968E7
1071;63 = 4;0.0;3.999612472E7
1072;63 = 4;0.0;3.999618455E7
1073;63 = 4;0.0;3.999605117E7
1074;63 = 5;0.0;3.999603058E7
1075;63 = 5;0.0;3.999615936E7
1076;63 = 5;0.0;3.999614118E7
1077;63 = 5;0.0;3.999606601E7
1078;63 = 5;0.0;3.999626871E7
1079;63 = 5;0.0;3.999612027E7
1080;63 = 5;0.0;3.999601461E7
1081;63 = 5;0.0;3.99960997E7
1082;63 = 5;0.0;3.999613831E7
1083;63 = 5;0.0;3.999613109E7
1084;63 = 6;0.0;3.999609731E7
1085;63 = 6;0.0;3.999620405E7
1086;63 = 6;0.0;3.999603458E7
1087;63 = 6;0.0;3.999615362E7
1088;63 = 6;0.0;3.999620454E7
1089;63 = 6;0.0;3.999618013E7
1090;63 = 6;0.0;3.999597633E7
1091;63 = 6;0.0;3.99961334E7
1092;63 = 6;0.0;3.9996116E7
1093;63 = 6;0.0;3.999619181E7
1094;63 = 7;0.0;3.999612294E7
1095;63 = 7;0.0;3.999601614E7
1096;63 = 7;0.0;3.999616375E7
1097;63 = 7;0.0;3.999605161E7
1098;63 = 7;0.0;3.99962486E7
1099;63 = 7;0.0;3.999605659E7
1100;63 = 7;0.0;3.999614127E7
1101;63 = 7;0.0;3.999607083E7
1102;63 = 7;0.0;3.999620749E7
1103;63 = 7;0.0;3.999607102E7
1104;63 = 8;0.0;3.999608415E7
1105;63 = 8;0.0;3.999614736E7
1106;63 = 8;0.0;3.99960608E7
1107;63 = 8;0.0;3.999608596E7
1108;63 = 8;0.0;3.999610143E7
1109;63 = 8;0.0;3.999609455E7
1110;63 = 8;0.0;3.999603204E7
1111;63 = 8;0.0;3.999611941E7
1112;63 = 8;0.0;3.999604704E7
1113;63 = 8;0.0;3.999602157E7
1114;63 = 9;0.0;3.999616917E7
1115;63 = 9;0.0;3.999608427E7
1116;63 = 9;0.0;3.999607246E7
1117;63 = 9;0.0;3.999614187E7
1118;63 = 9;0.0;3.999620426E7
1119;63 = 9;0.0;3.999617794E7
1120;63 = 9;0.0;3.999603178E7
1121;63 = 9;0.0;3.999623006E7
1122;63 = 9;0.0;3.999619591E7
1123;63 = 9;0.0;3.999609531E7
1124;63 = 10;0.0;3.999095668E7
1125;63 = 10;0.0;3.999609097E7
1126;63 = 10;0.0;3.999609142E7
1127;63 = 10;0.0;3.99961562E7
1128;63 = 10;0.0;3.999608976E7
1129;63 = 10;0.0;3.999597224E7
1130;63 = 10;0.0;3.99960444E7
1131;63 = 10;0.0;3.999621367E7
1132;63 = 10;0.0;3.999609091E7
1133;63 = 10;0.0;3.999600101E7
1134;63 = 11;0.0;3.999607547E7
1135;63 = 11;0.0;3.999602219E7
1136;63 = 11;0.0;3.999611656E7
1137;63 = 11;0.0;3.999635392E7
1138;63 = 11;0.0;3.999611989E7
1139;63 = 11;0.0;3.999616875E7
1140;63 = 11;0.0;3.999608677E7
1141;63 = 11;0.0;3.999605393E7
1142;63 = 11;0.0;3.999613492E7
1143;63 = 11;0.0;3.999615572E7
1144;63 = 12;0.0;3.999597781E7
1145;63 = 12;0.0;3.999609723E7
1146;63 = 12;0.0;3.999621244E7
1147;63 = 12;0.0;3.999616493E7
1148;63 = 12;0.0;3.999595348E7
1149;63 = 12;0.0;3.999612403E7
1150;63 = 12;0.0;3.999607908E7
1151;63 = 12;0.0;3.999614155E7
1152;63 = 12;0.0;3.999618886E7
1153;63 = 12;0.0;3.999609489E7
1154;63 = 13;0.0;3.99962047E7
1155;63 = 13;0.0;3.999618283E7
1156;63 = 13;0.0;3.999607357E7
1157;63 = 13;0.0;3.999614146E7
1158;63 = 13;0.0;3.999613651E7
1159;63 = 13;0.0;3.999611005E7
1160;63 = 13;0.0;3.99959711E7
1161;63 = 13;0.0;3.999612884E7
1162;63 = 13;0.0;3.999603588E7
1163;63 = 13;0.0;3.999605493E7
1164;63 = 14;0.0;3.999605803E7
1165;63 = 14;0.0;3.99961354E7
1166;63 = 14;0.0;3.999611821E7
1167;63 = 14;0.0;3.999615551E7
1168;63 = 14;0.0;3.999613055E7
1169;63 = 14;0.0;3.999601571E7
1170;63 = 14;0.0;3.999597547E7
1171;63 = 14;0.0;3.999609323E7
1172;63 = 14;0.0;3.999607917E7
1173;63 = 14;0.0;3.999607642E7
1174;63 = 15;0.0;3.999605235E7
1175;63 = 15;0.0;3.999602639E7
1176;63 = 15;0.0;3.999607689E7
1177;63 = 15;0.0;3.999609186E7
1178;63 = 15;0.0;3.999599207E7
1179;63 = 15;0.0;3.999592593E7
1180;63 = 15;0.0;3.999603625E7
1181;63 = 15;0.0;3.999603864E7
1182;63 = 15;0.0;3.999594587E7
1183;63 = 15;0.0;3.999601253E7
1184;63 = 16;0.0;3.999610232E7
1185;63 = 16;0.0;3.99959399E7
1186;63 = 16;0.0;3.999607936E7
1187;63 = 16;0.0;3.999601862E7
1188;63 = 16;0.0;3.999604806E7
1189;63 = 16;0.0;3.999598097E7
1190;63 = 16;0.0;3.999608059E7
1191;63 = 16;0.0;3.999596872E7
1192;63 = 16;0.0;3.999619141E7
1193;63 = 16;0.0;3.999612964E7
1194;63 = 17;0.0;3.999605934E7
1195;63 = 17;0.0;3.999602724E7
1196;63 = 17;0.0;3.999614877E7
1197;63 = 17;0.0;3.999598075E7
1198;63 = 17;0.0;3.999604114E7
1199;63 = 17;0.0;3.999594774E7
1200;63 = 17;0.0;3.999612901E7
1201;63 = 17;0.0;3.999595891E7
1202;63 = 17;0.0;3.999610677E7
1203;63 = 17;0.0;3.999619495E7
1204;63 = 18;0.0;3.999598646E7
1205;63 = 18;0.0;3.999610437E7
1206;63 = 18;0.0;3.999597512E7
1207;63 = 18;0.0;3.999595012E7
1208;63 = 18;0.0;3.999607216E7
1209;63 = 18;0.0;3.999601127E7
1210;63 = 18;0.0;3.99960385E7
1211;63 = 18;0.0;3.999603059E7
1212;63 = 18;0.0;3.999599369E7
1213;63 = 18;0.0;3.999610514E7
1214;63 = 19;0.0;3.999594256E7
1215;63 = 19;0.0;3.999597916E7
1216;63 = 19;0.0;3.999607777E7
1217;63 = 19;0.0;3.9995905E7
1218;63 = 19;0.0;3.999604598E7
1219;63 = 19;0.0;3.999602082E7
1220;63 = 19;0.0;3.999597219E7
1221;63 = 19;0.0;3.999611946E7
1222;63 = 19;0.0;3.99959619E7
1223;63 = 19;0.0;3.999598863E7
1224;63 = 20;0.0;3.999599744E7
1225;63 = 20;0.0;3.999592919E7
1226;63 = 20;0.0;3.999606311E7
1227;63 = 20;0.0;3.999598528E7
1228;63 = 20;0.0;3.999597287E7
1229;63 = 20;0.0;3.999597429E7
1230;63 = 20;0.0;3.999600321E7
1231;63 = 20;0.0;3.999594343E7
1232;63 = 20;0.0;3.99960814E7
1233;63 = 20;0.0;3.999600547E7
1234;63 = 21;0.0;3.999598308E7
1235;63 = 21;0.0;3.999599616E7
1236;63 = 21;0.0;3.999592845E7
1237;63 = 21;0.0;3.999603758E7
1238;63 = 21;0.0;3.999603591E7
1239;63 = 21;0.0;3.999600139E7
1240;63 = 21;0.0;3.999602775E7
1241;63 = 21;0.0;3.99959444E7
1242;63 = 21;0.0;3.999601782E7
1243;63 = 21;0.0;3.999601027E7
1244;63 = 22;0.0;3.999591228E7
1245;63 = 22;0.0;3.999611017E7
1246;63 = 22;0.0;3.999590464E7
1247;63 = 22;0.0;3.999599129E7
1248;63 = 22;0.0;3.999600624E7
1249;63 = 22;0.0;3.999594056E7
1250;63 = 22;0.0;3.99960204E7
1251;63 = 22;0.0;3.999595733E7
1252;63 = 22;0.0;3.99959247E7
1253;63 = 22;0.0;3.999598808E7
1254;63 = 23;0.0;3.999601723E7
1255;63 = 23;0.0;3.999607039E7
1256;63 = 23;0.0;3.9996041E7
1257;63 = 23;0.0;3.999599434E7
1258;63 = 23;0.0;3.999593352E7
1259;63 = 23;0.0;3.99959547E7
1260;63 = 23;0.0;3.999608881E7
1261;63 = 23;0.0;3.999602449E7
1262;63 = 23;0.0;3.999597744E7
1263;63 = 23;0.0;3.999597839E7
1264;63 = 24;0.0;3.999591412E7
1265;63 = 24;0.0;3.999602495E7
1266;63 = 24;0.0;3.999599303E7
1267;63 = 24;0.0;3.999601491E7
1268;63 = 24;0.0;3.999605704E7
1269;63 = 24;0.0;3.999607341E7
1270;63 = 24;0.0;3.999595581E7
1271;63 = 24;0.0;3.999590896E7
1272;63 = 24;0.0;3.999595328E7
1273;63 = 24;0.0;3.999601989E7
1274;63 = 25;0.0;3.999595459E7
1275;63 = 25;0.0;3.999585194E7
1276;63 = 25;0.0;3.999587723E7
1277;63 = 25;0.0;3.999605006E7
1278;63 = 25;0.0;3.999592902E7
1279;63 = 25;0.0;3.999601216E7
1280;63 = 25;0.0;3.999594742E7
1281;63 = 25;0.0;3.999592342E7
1282;63 = 25;0.0;3.999595736E7
1283;63 = 25;0.0;3.999599702E7
1284;63 = 26;0.0;3.999595875E7
1285;63 = 26;0.0;3.999574405E7
1286;63 = 26;0.0;3.999591968E7
1287;63 = 26;0.0;3.999602291E7
1288;63 = 26;0.0;3.999587267E7
1289;63 = 26;0.0;3.999586523E7
1290;63 = 26;0.0;3.999592365E7
1291;63 = 26;0.0;3.99959936E7
1292;63 = 26;0.0;3.99959039E7
1293;63 = 26;0.0;3.999589965E7
1294;63 = 27;0.0;3.99959536E7
1295;63 = 27;0.0;3.999593683E7
1296;63 = 27;0.0;3.999603638E7
1297;63 = 27;0.0;3.999598316E7
1298;63 = 27;0.0;3.999589907E7
1299;63 = 27;0.0;3.999592178E7
1300;63 = 27;0.0;3.999596482E7
1301;63 = 27;0.0;3.999598075E7
1302;63 = 27;0.0;3.999598759E7
1303;63 = 27;0.0;3.999604892E7
1304;63 = 28;0.0;3.999589183E7
1305;63 = 28;0.0;3.999590808E7
1306;63 = 28;0.0;3.999582372E7
1307;63 = 28;0.0;3.999588779E7
1308;63 = 28;0.0;3.999601265E7
1309;63 = 28;0.0;3.999589674E7
1310;63 = 28;0.0;3.999588532E7
1311;63 = 28;0.0;3.999585843E7
1312;63 = 28;0.0;3.999592279E7
1313;63 = 28;0.0;3.999594658E7
1314;63 = 29;0.0;3.99959703E7
1315;63 = 29;0.0;3.999583796E7
1316;63 = 29;0.0;3.999585247E7
1317;63 = 29;0.0;3.999589341E7
1318;63 = 29;0.0;3.999594519E7
1319;63 = 29;0.0;3.99958281E7
1320;63 = 29;0.0;3.999593599E7
1321;63 = 29;0.0;3.999593321E7
1322;63 = 29;0.0;3.999583463E7
1323;63 = 29;0.0;3.999589689E7
1324;63 = 30;0.0;3.999590739E7
1325;63 = 30;0.0;3.999590087E7
1326;63 = 30;0.0;3.999594399E7
1327;63 = 30;0.0;3.999600538E7
1328;63 = 30;0.0;3.99958577E7
1329;63 = 30;0.0;3.999589825E7
1330;63 = 30;0.0;3.999592484E7
1331;63 = 30;0.0;3.999581436E7
1332;63 = 30;0.0;3.999591941E7
1333;63 = 30;0.0;3.999584738E7
1334;63 = 31;0.0;3.999588575E7
1335;63 = 31;0.0;3.999587368E7
1336;63 = 31;0.0;3.999600377E7
1337;63 = 31;0.0;3.999593933E7
1338;63 = 31;0.0;3.99958061E7
1339;63 = 31;0.0;3.999593128E7
1340;63 = 31;0.0;3.999591318E7
1341;63 = 31;0.0;3.999591625E7
1342;63 = 31;0.0;3.999583499E7
1343;63 = 31;0.0;3.999597645E7
1344;63 = 32;0.0;3.999586456E7
1345;63 = 32;0.0;3.999583685E7
1346;63 = 32;0.0;3.999591325E7
1347;63 = 32;0.0;3.999584749E7
1348;63 = 32;0.0;3.999585248E7
1349;63 = 32;0.0;3.999582617E7
1350;63 = 32;0.0;3.999591379E7
1351;63 = 32;0.0;3.999581337E7
1352;63 = 32;0.0;3.999597556E7
1353;63 = 32;0.0;3.999584333E7
1354;63 = 33;0.0;3.999577711E7
1355;63 = 33;0.0;3.999587548E7
1356;63 = 33;0.0;3.999584173E7
1357;63 = 33;0.0;3.99958732E7
1358;63 = 33;0.0;3.999590599E7
1359;63 = 33;0.0;3.999590025E7
1360;63 = 33;0.0;3.999587794E7
1361;63 = 33;0.0;3.999590985E7
1362;63 = 33;0.0;3.999585623E7
1363;63 = 33;0.0;3.999587334E7
1364;63 = 34;0.0;3.999584344E7
1365;63 = 34;0.0;3.99957716E7
1366;63 = 34;0.0;3.999591204E7
1367;63 = 34;0.0;3.999602153E7
1368;63 = 34;0.0;3.999580195E7
1369;63 = 34;0.0;3.999588568E7
1370;63 = 34;0.0;3.999582457E7
1371;63 = 34;0.0;3.999584798E7
1372;63 = 34;0.0;3.999585384E7
1373;63 = 34;0.0;3.999587183E7
1374;63 = 35;0.0;3.999582513E7
1375;63 = 35;0.0;3.999587E7
1376;63 = 35;0.0;3.999585782E7
1377;63 = 35;0.0;3.999585152E7
1378;63 = 35;0.0;3.999595925E7
1379;63 = 35;0.0;3.999572912E7
1380;63 = 35;0.0;3.99957703E7
1381;63 = 35;0.0;3.999582017E7
1382;63 = 35;0.0;3.999580024E7
1383;63 = 35;0.0;3.999582306E7
1384;63 = 36;0.0;3.999588618E7
1385;63 = 36;0.0;3.9995809E7
1386;63 = 36;0.0;3.999577487E7
1387;63 = 36;0.0;3.99958661E7
1388;63 = 36;0.0;3.999582671E7
1389;63 = 36;0.0;3.999584512E7
1390;63 = 36;0.0;3.999583671E7
1391;63 = 36;0.0;3.999586969E7
1392;63 = 36;0.0;3.999571674E7
1393;63 = 36;0.0;3.999596072E7
1394;63 = 37;0.0;3.999582279E7
1395;63 = 37;0.0;3.999582102E7
1396;63 = 37;0.0;3.999581002E7
1397;63 = 37;0.0;3.999578102E7
1398;63 = 37;0.0;3.999581727E7
1399;63 = 37;0.0;3.999582791E7
1400;63 = 37;0.0;3.999587072E7
1401;63 = 37;0.0;3.999600764E7
1402;63 = 37;0.0;3.999586694E7
1403;63 = 37;0.0;3.99957531E7
1404;63 = 38;0.0;3.99958165E7
1405;63 = 38;0.0;3.999576849E7
1406;63 = 38;0.0;3.999572675E7
1407;63 = 38;0.0;3.999577424E7
1408;63 = 38;0.0;3.999595357E7
1409;63 = 38;0.0;3.999574958E7
1410;63 = 38;0.0;3.999581644E7
1411;63 = 38;0.0;3.99958352E7
1412;63 = 38;0.0;3.999580918E7
1413;63 = 38;0.0;3.999581353E7
1414;63 = 39;0.0;3.999581052E7
1415;63 = 39;0.0;3.999580413E7
1416;63 = 39;0.0;3.999584999E7
1417;63 = 39;0.0;3.999579954E7
1418;63 = 39;0.0;3.999580177E7
1419;63 = 39;0.0;3.999576445E7
1420;63 = 39;0.0;3.999578753E7
1421;63 = 39;0.0;3.99957651E7
1422;63 = 39;0.0;3.999584604E7
1423;63 = 39;0.0;3.999582285E7
1424;63 = 40;0.0;3.99957755E7
1425;63 = 40;0.0;3.999589847E7
1426;63 = 40;0.0;3.999563164E7
1427;63 = 40;0.0;3.999572832E7
1428;63 = 40;0.0;3.999584612E7
1429;63 = 40;0.0;3.999587768E7
1430;63 = 40;0.0;3.999579477E7
1431;63 = 40;0.0;3.999585793E7
1432;63 = 40;0.0;3.999572592E7
1433;63 = 40;0.0;3.999585425E7
1434;63 = 41;0.0;3.999590287E7
1435;63 = 41;0.0;3.999590207E7
1436;63 = 41;0.0;3.999579082E7
1437;63 = 41;0.0;3.999564985E7
1438;63 = 41;0.0;3.999564275E7
1439;63 = 41;0.0;3.999573683E7
1440;63 = 41;0.0;3.999574722E7
1441;63 = 41;0.0;3.999575485E7
1442;63 = 41;0.0;3.999580302E7
1443;63 = 41;0.0;3.999585988E7
1444;63 = 42;0.0;3.999573019E7
1445;63 = 42;0.0;3.999571916E7
1446;63 = 42;0.0;3.999587459E7
1447;63 = 42;0.0;3.999571477E7
1448;63 = 42;0.0;3.999590385E7
1449;63 = 42;0.0;3.999592473E7
1450;63 = 42;0.0;3.999592081E7
1451;63 = 42;0.0;3.999574822E7
1452;63 = 42;0.0;3.999578323E7
1453;63 = 42;0.0;3.999579619E7
1454;63 = 43;0.0;3.999579805E7
1455;63 = 43;0.0;3.99957664E7
1456;63 = 43;0.0;3.999562256E7
1457;63 = 43;0.0;3.999584249E7
1458;63 = 43;0.0;3.999564044E7
1459;63 = 43;0.0;3.999573068E7
1460;63 = 43;0.0;3.999576547E7
1461;63 = 43;0.0;3.999573816E7
1462;63 = 43;0.0;3.999586464E7
1463;63 = 43;0.0;3.999578938E7
1464;63 = 44;0.0;3.999574702E7
1465;63 = 44;0.0;3.99958081E7
1466;63 = 44;0.0;3.999582684E7
1467;63 = 44;0.0;3.99957329E7
1468;63 = 44;0.0;3.999580114E7
1469;63 = 44;0.0;3.999581377E7
1470;63 = 44;0.0;3.999586097E7
1471;63 = 44;0.0;3.999572955E7
1472;63 = 44;0.0;3.999569433E7
1473;63 = 44;0.0;3.999562161E7
1474;63 = 45;0.0;3.999565339E7
1475;63 = 45;0.0;3.999575778E7
1476;63 = 45;0.0;3.999575411E7
1477;63 = 45;0.0;3.999575137E7
1478;63 = 45;0.0;3.999575368E7
1479;63 = 45;0.0;3.999576396E7
1480;63 = 45;0.0;3.999565043E7
1481;63 = 45;0.0;3.999581879E7
1482;63 = 45;0.0;3.999572542E7
1483;63 = 45;0.0;3.999570955E7
1484;63 = 46;0.0;3.999578505E7
1485;63 = 46;0.0;3.999567063E7
1486;63 = 46;0.0;3.999570803E7
1487;63 = 46;0.0;3.999567443E7
1488;63 = 46;0.0;3.999576805E7
1489;63 = 46;0.0;3.999573898E7
1490;63 = 46;0.0;3.999564121E7
1491;63 = 46;0.0;3.999570518E7
1492;63 = 46;0.0;3.999567687E7
1493;63 = 46;0.0;3.999577301E7
1494;63 = 47;0.0;3.999583682E7
1495;63 = 47;0.0;3.999568656E7
1496;63 = 47;0.0;3.999583579E7
1497;63 = 47;0.0;3.999569347E7
1498;63 = 47;0.0;3.999576634E7
1499;63 = 47;0.0;3.999575415E7
1500;63 = 47;0.0;3.999573723E7
1501;63 = 47;0.0;3.99955899E7
1502;63 = 47;0.0;3.999581689E7
1503;63 = 47;0.0;3.999570594E7
1504;63 = 48;0.0;3.999574374E7
1505;63 = 48;0.0;3.999571465E7
1506;63 = 48;0.0;3.999573466E7
1507;63 = 48;0.0;3.999585133E7
1508;63 = 48;0.0;3.999579954E7
1509;63 = 48;0.0;3.999577979E7
1510;63 = 48;0.0;3.999568363E7
1511;63 = 48;0.0;3.9995805E7
1512;63 = 48;0.0;3.999571666E7
1513;63 = 48;0.0;3.999570082E7
1514;63 = 49;0.0;3.99956511E7
1515;63 = 49;0.0;3.999574713E7
1516;63 = 49;0.0;3.999573756E7
1517;63 = 49;0.0;3.999572076E7
1518;63 = 49;0.0;3.999588446E7
1519;63 = 49;0.0;3.999569743E7
1520;63 = 49;0.0;3.999564674E7
1521;63 = 49;0.0;3.999570806E7
1522;63 = 49;0.0;3.99957605E7
1523;63 = 49;0.0;3.999580165E7
1524;63 = 50;0.0;3.99956937E7
1525;63 = 50;0.0;3.999577322E7
1526;63 = 50;0.0;3.999572509E7
1527;63 = 50;0.0;3.999575272E7
1528;63 = 50;0.0;3.999566995E7
1529;63 = 50;0.0;3.999569568E7
1530;63 = 50;0.0;3.999568246E7
1531;63 = 50;0.0;3.999577883E7
1532;63 = 50;0.0;3.999581077E7
1533;63 = 50;0.0;3.999576304E7
1534;63 = 51;0.0;3.999567146E7
1535;63 = 51;0.0;3.999562847E7
1536;63 = 51;0.0;3.999570295E7
1537;63 = 51;0.0;3.999572011E7
1538;63 = 51;0.0;3.999564549E7
1539;63 = 51;0.0;3.999554081E7
1540;63 = 51;0.0;3.999568598E7
1541;63 = 51;0.0;3.999568525E7
1542;63 = 51;0.0;3.999580104E7
1543;63 = 51;0.0;3.999568965E7
1544;63 = 52;0.0;3.999560907E7
1545;63 = 52;0.0;3.999577545E7
1546;63 = 52;0.0;3.999572306E7
1547;63 = 52;0.0;3.99956828E7
1548;63 = 52;0.0;3.999577353E7
1549;63 = 52;0.0;3.99956492E7
1550;63 = 52;0.0;3.999570681E7
1551;63 = 52;0.0;3.999578358E7
1552;63 = 52;0.0;3.999565083E7
1553;63 = 52;0.0;3.999565392E7
1554;63 = 53;0.0;3.999566464E7
1555;63 = 53;0.0;3.999579755E7
1556;63 = 53;0.0;3.999561665E7
1557;63 = 53;0.0;3.99956419E7
1558;63 = 53;0.0;3.999572212E7
1559;63 = 53;0.0;3.999567428E7
1560;63 = 53;0.0;3.999574863E7
1561;63 = 53;0.0;3.999559096E7
1562;63 = 53;0.0;3.999562972E7
1563;63 = 53;0.0;3.99957044E7
1564;63 = 54;0.0;3.999569157E7
1565;63 = 54;0.0;3.999562177E7
1566;63 = 54;0.0;3.999570922E7
1567;63 = 54;0.0;3.999565199E7
1568;63 = 54;0.0;3.999578188E7
1569;63 = 54;0.0;3.999568601E7
1570;63 = 54;0.0;3.999562892E7
1571;63 = 54;0.0;3.999564531E7
1572;63 = 54;0.0;3.999564642E7
1573;63 = 54;0.0;3.999566735E7
1574;63 = 55;0.0;3.999566624E7
1575;63 = 55;0.0;3.99956863E7
1576;63 = 55;0.0;3.999560488E7
1577;63 = 55;0.0;3.999564319E7
1578;63 = 55;0.0;3.999556771E7
1579;63 = 55;0.0;3.999571808E7
1580;63 = 55;0.0;3.999562097E7
1581;63 = 55;0.0;3.999577965E7
1582;63 = 55;0.0;3.999562491E7
1583;63 = 55;0.0;3.99957382E7
1584;63 = 56;0.0;3.999557357E7
1585;63 = 56;0.0;3.999576572E7
1586;63 = 56;0.0;3.999566468E7
1587;63 = 56;0.0;3.999559319E7
1588;63 = 56;0.0;3.998844068E7
1589;63 = 56;0.0;3.999569212E7
1590;63 = 56;0.0;3.999565936E7
1591;63 = 56;0.0;3.999563232E7
1592;63 = 56;0.0;3.999561355E7
1593;63 = 56;0.0;3.999569447E7
1594;63 = 57;0.0;3.999564924E7
1595;63 = 57;0.0;3.999562333E7
1596;63 = 57;0.0;4.000260463E7
1597;63 = 57;0.0;3.999566364E7
1598;63 = 57;0.0;3.999557185E7
1599;63 = 57;0.0;3.999563514E7
1600;63 = 57;0.0;3.999563701E7
1601;63 = 57;0.0;3.999565122E7
1602;63 = 57;0.0;3.999557368E7
1603;63 = 57;0.0;3.999571962E7
1604;63 = 58;0.0;3.999565418E7
1605;63 = 58;0.0;3.999562901E7
1606;63 = 58;0.0;3.999573981E7
1607;63 = 58;0.0;3.999556016E7
1608;63 = 58;0.0;3.999567041E7
1609;63 = 58;0.0;3.999561146E7
1610;63 = 58;0.0;3.999562646E7
1611;63 = 58;0.0;3.999557809E7
1612;63 = 58;0.0;3.999560775E7
1613;63 = 58;0.0;3.999567815E7
1614;63 = 59;0.0;3.999557155E7
1615;63 = 59;0.0;3.999549678E7
1616;63 = 59;0.0;3.999564453E7
1617;63 = 59;0.0;3.999562054E7
1618;63 = 59;0.0;3.999572588E7
1619;63 = 59;0.0;3.999558106E7
1620;63 = 59;0.0;3.999556755E7
1621;63 = 59;0.0;3.999561551E7
1622;63 = 59;0.0;3.999563796E7
1623;63 = 59;0.0;3.999562456E7
1624;63 = 60;0.0;3.999560142E7
1625;63 = 60;0.0;3.999555639E7
1626;63 = 60;0.0;3.999564744E7
1627;63 = 60;0.0;3.999557816E7
1628;63 = 60;0.0;3.99956107E7
1629;63 = 60;0.0;3.999561144E7
1630;63 = 60;0.0;3.999562414E7
1631;63 = 60;0.0;3.999554399E7
1632;63 = 60;0.0;3.999562607E7
1633;63 = 60;0.0;3.999555588E7
1634;63 = 61;0.0;3.999558737E7
1635;63 = 61;0.0;3.999544199E7
1636;63 = 61;0.0;3.999551145E7
1637;63 = 61;0.0;3.999562564E7
1638;63 = 61;0.0;3.999554983E7
1639;63 = 61;0.0;3.999566237E7
1640;63 = 61;0.0;3.9995588E7
1641;63 = 61;0.0;3.999558576E7
1642;63 = 61;0.0;3.999543318E7
1643;63 = 61;0.0;3.999565965E7
1644;63 = 62;0.0;3.999555784E7
1645;63 = 62;0.0;3.999558624E7
1646;63 = 62;0.0;3.999547994E7
1647;63 = 62;0.0;3.999563327E7
1648;63 = 62;0.0;3.999558936E7
1649;63 = 62;0.0;3.999563849E7
1650;63 = 62;0.0;3.99955537E7
1651;63 = 62;0.0;3.999562977E7
1652;63 = 62;0.0;3.999567015E7
1653;63 = 62;0.0;3.999564132E7
1654;63 = 63;0.0;3.999550243E7
1655;63 = 63;0.0;3.999559415E7
1656;63 = 63;0.0;3.999557992E7
1657;63 = 63;0.0;3.999554115E7
1658;63 = 63;0.0;3.999566612E7
1659;63 = 63;0.0;3.999559183E7
1660;63 = 63;0.0;3.999547856E7
1661;63 = 63;0.0;3.999548228E7
1662;63 = 63;0.0;3.999555509E7
1663;63 = 63;0.0;3.999560814E7
1664;63 = 64;0.0;3.999567955E7
1665;63 = 64;0.0;3.999542139E7
1666;63 = 64;0.0;3.999556534E7
1667;63 = 64;0.0;3.999561118E7
1668;63 = 64;0.0;3.999553372E7
1669;63 = 64;0.0;3.99955067E7
1670;63 = 64;0.0;3.999556925E7
1671;63 = 64;0.0;3.999548801E7
1672;63 = 64;0.0;3.999547746E7
1673;63 = 64;0.0;3.9995428E7
1674;63 = 65;0.0;3.999565313E7
1675;63 = 65;0.0;3.999545046E7
1676;63 = 65;0.0;3.999551475E7
1677;63 = 65;0.0;3.999556732E7
1678;63 = 65;0.0;3.999552113E7
1679;63 = 65;0.0;3.99955023E7
1680;63 = 65;0.0;3.999555945E7
1681;63 = 65;0.0;3.999550243E7
1682;63 = 65;0.0;3.99954633E7
1683;63 = 65;0.0;3.999553705E7
1684;63 = 66;0.0;3.999551758E7
1685;63 = 66;0.0;3.999546838E7
1686;63 = 66;0.0;3.999550443E7
1687;63 = 66;0.0;3.999549521E7
1688;63 = 66;0.0;3.999547984E7
1689;63 = 66;0.0;3.999552042E7
1690;63 = 66;0.0;3.999556456E7
1691;63 = 66;0.0;3.999554432E7
1692;63 = 66;0.0;3.999566032E7
1693;63 = 66;0.0;3.999557054E7
1694;63 = 67;0.0;3.999563931E7
1695;63 = 67;0.0;3.99954339E7
1696;63 = 67;0.0;3.999552685E7
1697;63 = 67;0.0;3.999552546E7
1698;63 = 67;0.0;3.999555298E7
1699;63 = 67;0.0;3.999556986E7
1700;63 = 67;0.0;3.999556727E7
1701;63 = 67;0.0;3.999551889E7
1702;63 = 67;0.0;3.999562397E7
1703;63 = 67;0.0;3.999551509E7
1704;63 = 68;0.0;3.999563317E7
1705;63 = 68;0.0;3.999561945E7
1706;63 = 68;0.0;3.999551357E7
1707;63 = 68;0.0;3.999549267E7
1708;63 = 68;0.0;3.999551999E7
1709;63 = 68;0.0;3.999550123E7
1710;63 = 68;0.0;3.999547649E7
1711;63 = 68;0.0;3.999548698E7
1712;63 = 68;0.0;3.999545501E7
1713;63 = 68;0.0;3.999566619E7
1714;63 = 69;0.0;3.999540881E7
1715;63 = 69;0.0;3.999547002E7
1716;63 = 69;0.0;3.999547891E7
1717;63 = 69;0.0;3.999546964E7
1718;63 = 69;0.0;3.999549754E7
1719;63 = 69;0.0;3.999559015E7
1720;63 = 69;0.0;3.999545621E7
1721;63 = 69;0.0;3.999547043E7
1722;63 = 69;0.0;3.999545827E7
1723;63 = 69;0.0;3.999558063E7
1724;63 = 70;0.0;3.999551455E7
1725;63 = 70;0.0;3.999543628E7
1726;63 = 70;0.0;3.999543547E7
1727;63 = 70;0.0;3.999556174E7
1728;63 = 70;0.0;3.999549669E7
1729;63 = 70;0.0;3.999551019E7
1730;63 = 70;0.0;3.999533894E7
1731;63 = 70;0.0;3.999533004E7
1732;63 = 70;0.0;3.999556728E7
1733;63 = 70;0.0;3.999551386E7
1734;63 = 71;0.0;3.999548808E7
1735;63 = 71;0.0;3.999538307E7
1736;63 = 71;0.0;3.999540798E7
1737;63 = 71;0.0;3.999551084E7
1738;63 = 71;0.0;3.999548158E7
1739;63 = 71;0.0;3.99955699E7
1740;63 = 71;0.0;3.999549941E7
1741;63 = 71;0.0;3.999545648E7
1742;63 = 71;0.0;3.999561314E7
1743;63 = 71;0.0;3.99955189E7
1744;63 = 72;0.0;3.999535399E7
1745;63 = 72;0.0;3.999548681E7
1746;63 = 72;0.0;3.999536389E7
1747;63 = 72;0.0;3.999528807E7
1748;63 = 72;0.0;3.999544583E7
1749;63 = 72;0.0;3.999546467E7
1750;63 = 72;0.0;3.999552118E7
1751;63 = 72;0.0;3.99955248E7
1752;63 = 72;0.0;3.99955888E7
1753;63 = 72;0.0;3.999557736E7
1754;63 = 73;0.0;3.999553564E7
1755;63 = 73;0.0;3.999553645E7
1756;63 = 73;0.0;3.999544884E7
1757;63 = 73;0.0;3.999544036E7
1758;63 = 73;0.0;3.999542124E7
1759;63 = 73;0.0;3.999545211E7
1760;63 = 73;0.0;3.999548973E7
1761;63 = 73;0.0;3.999542756E7
1762;63 = 73;0.0;3.999552808E7
1763;63 = 73;0.0;3.999545441E7
1764;63 = 74;0.0;3.999549635E7
1765;63 = 74;0.0;3.999540152E7
1766;63 = 74;0.0;3.999545962E7
1767;63 = 74;0.0;3.99955418E7
1768;63 = 74;0.0;3.999559898E7
1769;63 = 74;0.0;3.999546574E7
1770;63 = 74;0.0;3.999557571E7
1771;63 = 74;0.0;3.99955196E7
1772;63 = 74;0.0;3.999534833E7
1773;63 = 74;0.0;3.999549085E7
1774;63 = 75;0.0;3.999543146E7
1775;63 = 75;0.0;3.999545505E7
1776;63 = 75;0.0;3.999546975E7
1777;63 = 75;0.0;3.999551649E7
1778;63 = 75;0.0;3.999540108E7
1779;63 = 75;0.0;3.999542906E7
1780;63 = 75;0.0;3.99954343E7
1781;63 = 75;0.0;3.999541606E7
1782;63 = 75;0.0;3.99954849E7
1783;63 = 75;0.0;3.999534935E7
1784;63 = 76;0.0;3.99954717E7
1785;63 = 76;0.0;3.999538279E7
1786;63 = 76;0.0;3.99954699E7
1787;63 = 76;0.0;3.999546539E7
1788;63 = 76;0.0;3.999537388E7
1789;63 = 76;0.0;3.999545325E7
1790;63 = 76;0.0;3.999538057E7
1791;63 = 76;0.0;3.99954406E7
1792;63 = 76;0.0;3.999542599E7
1793;63 = 76;0.0;3.9995372E7
1794;63 = 77;0.0;3.999533272E7
1795;63 = 77;0.0;3.999542476E7
1796;63 = 77;0.0;3.99953501E7
1797;63 = 77;0.0;3.999537092E7
1798;63 = 77;0.0;3.999544728E7
1799;63 = 77;0.0;3.99954285E7
1800;63 = 77;0.0;3.999536845E7
1801;63 = 77;0.0;3.999566841E7
1802;63 = 77;0.0;3.999551947E7
1803;63 = 77;0.0;3.999544799E7
1804;63 = 78;0.0;3.999553115E7
1805;63 = 78;0.0;3.999540431E7
1806;63 = 78;0.0;3.999534211E7
1807;63 = 78;0.0;3.999542278E7
1808;63 = 78;0.0;3.999540837E7
1809;63 = 78;0.0;3.999540756E7
1810;63 = 78;0.0;3.999528732E7
1811;63 = 78;0.0;3.99955689E7
1812;63 = 78;0.0;3.999533019E7
1813;63 = 78;0.0;3.999532618E7
1814;63 = 79;0.0;3.999542031E7
1815;63 = 79;0.0;3.999539945E7
1816;63 = 79;0.0;3.999543021E7
1817;63 = 79;0.0;3.999539461E7
1818;63 = 79;0.0;3.99953719E7
1819;63 = 79;0.0;3.999544689E7
1820;63 = 79;0.0;3.999533597E7
1821;63 = 79;0.0;3.999540465E7
1822;63 = 79;0.0;3.999533906E7
1823;63 = 79;0.0;3.999535716E7
1824;63 = 80;0.0;3.999537017E7
1825;63 = 80;0.0;3.999539106E7
1826;63 = 80;0.0;3.999542173E7
1827;63 = 80;0.0;3.9995436E7
1828;63 = 80;0.0;3.999569516E7
1829;63 = 80;0.0;3.999530251E7
1830;63 = 80;0.0;3.9995358E7
1831;63 = 80;0.0;3.999547717E7
1832;63 = 80;0.0;3.999540129E7
1833;63 = 80;0.0;3.999536504E7
1834;63 = 81;0.0;3.99953585E7
1835;63 = 81;0.0;3.99866044E7
1836;63 = 81;0.0;3.999541235E7
1837;63 = 81;0.0;3.999547279E7
1838;63 = 81;0.0;3.999532844E7
1839;63 = 81;0.0;3.999550805E7
1840;63 = 81;0.0;3.999548315E7
1841;63 = 81;0.0;3.99953456E7
1842;63 = 81;0.0;3.999538821E7
1843;63 = 81;0.0;3.999547901E7
1844;63 = 82;0.0;3.999542655E7
1845;63 = 82;0.0;3.999543611E7
1846;63 = 82;0.0;3.999534079E7
1847;63 = 82;0.0;3.999546291E7
1848;63 = 82;0.0;3.999538181E7
1849;63 = 82;0.0;3.999536663E7
1850;63 = 82;0.0;3.999550221E7
1851;63 = 82;0.0;3.999527209E7
1852;63 = 82;0.0;3.999535506E7
1853;63 = 82;0.0;3.999545398E7
1854;63 = 83;0.0;3.999538972E7
1855;63 = 83;0.0;3.999536451E7
1856;63 = 83;0.0;3.999534291E7
1857;63 = 83;0.0;3.999541169E7
1858;63 = 83;0.0;3.999540822E7
1859;63 = 83;0.0;3.999536572E7
1860;63 = 83;0.0;3.999550194E7
1861;63 = 83;0.0;3.999537886E7
1862;63 = 83;0.0;3.999544147E7
1863;63 = 83;0.0;3.999530019E7
1864;63 = 84;0.0;3.999534479E7
1865;63 = 84;0.0;3.999533836E7
1866;63 = 84;0.0;3.999531331E7
1867;63 = 84;0.0;3.999538156E7
1868;63 = 84;0.0;3.999549235E7
1869;63 = 84;0.0;3.999535544E7
1870;63 = 84;0.0;3.999531796E7
1871;63 = 84;0.0;3.99954641E7
1872;63 = 84;0.0;3.999533511E7
1873;63 = 84;0.0;3.999535615E7
1874;63 = 85;0.0;3.999535336E7
1875;63 = 85;0.0;3.99952872E7
1876;63 = 85;0.0;3.99952636E7
1877;63 = 85;0.0;3.999545331E7
1878;63 = 85;0.0;3.99954867E7
1879;63 = 85;0.0;3.999534379E7
1880;63 = 85;0.0;3.999537671E7
1881;63 = 85;0.0;3.999540807E7
1882;63 = 85;0.0;3.999530046E7
1883;63 = 85;0.0;3.999542331E7
1884;63 = 86;0.0;3.999538085E7
1885;63 = 86;0.0;3.999525371E7
1886;63 = 86;0.0;3.999542907E7
1887;63 = 86;0.0;3.999517688E7
1888;63 = 86;0.0;3.999525708E7
1889;63 = 86;0.0;3.999534002E7
1890;63 = 86;0.0;3.999540697E7
1891;63 = 86;0.0;3.999534383E7
1892;63 = 86;0.0;3.999532713E7
1893;63 = 86;0.0;3.999534196E7
1894;63 = 87;0.0;3.999537084E7
1895;63 = 87;0.0;3.999529944E7
1896;63 = 87;0.0;3.999531851E7
1897;63 = 87;0.0;3.999531872E7
1898;63 = 87;0.0;3.999526411E7
1899;63 = 87;0.0;3.999531043E7
1900;63 = 87;0.0;3.999532675E7
1901;63 = 87;0.0;3.999531296E7
1902;63 = 87;0.0;3.999533857E7
1903;63 = 87;0.0;3.999533492E7
1904;63 = 88;0.0;3.999526958E7
1905;63 = 88;0.0;3.99952857E7
1906;63 = 88;0.0;3.999527503E7
1907;63 = 88;0.0;3.999541336E7
1908;63 = 88;0.0;3.999526424E7
1909;63 = 88;0.0;3.999546102E7
1910;63 = 88;0.0;3.999536982E7
1911;63 = 88;0.0;3.999529565E7
1912;63 = 88;0.0;3.999532255E7
1913;63 = 88;0.0;3.999533625E7
1914;63 = 89;0.0;3.99952284E7
1915;63 = 89;0.0;3.999525689E7
1916;63 = 89;0.0;3.999526697E7
1917;63 = 89;0.0;3.999003785E7
1918;63 = 89;0.0;3.999533432E7
1919;63 = 89;0.0;3.999535215E7
1920;63 = 89;0.0;3.999535575E7
1921;63 = 89;0.0;3.999526296E7
1922;63 = 89;0.0;3.999541416E7
1923;63 = 89;0.0;3.999526611E7
1924;63 = 90;0.0;3.999532255E7
1925;63 = 90;0.0;3.999525285E7
1926;63 = 90;0.0;3.999527308E7
1927;63 = 90;0.0;3.99952568E7
1928;63 = 90;0.0;3.99952789E7
1929;63 = 90;0.0;3.99952407E7
1930;63 = 90;0.0;3.999520648E7
1931;63 = 90;0.0;3.999521781E7
1932;63 = 90;0.0;3.999523836E7
1933;63 = 90;0.0;3.999542076E7
1934;63 = 91;0.0;3.999518782E7
1935;63 = 91;0.0;3.999528852E7
1936;63 = 91;0.0;3.999534792E7
1937;63 = 91;0.0;3.999528366E7
1938;63 = 91;0.0;3.999520627E7
1939;63 = 91;0.0;3.999527869E7
1940;63 = 91;0.0;3.999530133E7
1941;63 = 91;0.0;3.999528951E7
1942;63 = 91;0.0;3.999529715E7
1943;63 = 91;0.0;3.999529481E7
1944;63 = 92;0.0;3.999531204E7
1945;63 = 92;0.0;3.999528799E7
1946;63 = 92;0.0;3.999522515E7
1947;63 = 92;0.0;3.999526218E7
1948;63 = 92;0.0;3.999529195E7
1949;63 = 92;0.0;3.999510073E7
1950;63 = 92;0.0;3.999531574E7
1951;63 = 92;0.0;3.999522125E7
1952;63 = 92;0.0;3.999542622E7
1953;63 = 92;0.0;3.999531843E7
1954;63 = 93;0.0;3.999524345E7
1955;63 = 93;0.0;3.999525284E7
1956;63 = 93;0.0;3.999523885E7
1957;63 = 93;0.0;3.999515821E7
1958;63 = 93;0.0;3.99954123E7
1959;63 = 93;0.0;3.999535416E7
1960;63 = 93;0.0;3.999532099E7
1961;63 = 93;0.0;3.999543846E7
1962;63 = 93;0.0;3.999515173E7
1963;63 = 93;0.0;3.999518555E7
1964;63 = 94;0.0;3.99952621E7
1965;63 = 94;0.0;3.999527547E7
1966;63 = 94;0.0;3.999524538E7
1967;63 = 94;0.0;3.999529611E7
1968;63 = 94;0.0;3.999534738E7
1969;63 = 94;0.0;3.999530467E7
1970;63 = 94;0.0;3.999527416E7
1971;63 = 94;0.0;3.999523403E7
1972;63 = 94;0.0;3.999526653E7
1973;63 = 94;0.0;3.999525107E7
1974;63 = 95;0.0;3.999526612E7
1975;63 = 95;0.0;3.999508562E7
1976;63 = 95;0.0;3.999527138E7
1977;63 = 95;0.0;3.999533078E7
1978;63 = 95;0.0;3.999533428E7
1979;63 = 95;0.0;3.999516786E7
1980;63 = 95;0.0;3.999529256E7
1981;63 = 95;0.0;3.999519862E7
1982;63 = 95;0.0;3.999520068E7
1983;63 = 95;0.0;3.99952795E7
1984;63 = 96;0.0;3.999522392E7
1985;63 = 96;0.0;3.999533951E7
1986;63 = 96;0.0;3.999521306E7
1987;63 = 96;0.0;3.99952401E7
1988;63 = 96;0.0;3.999512624E7
1989;63 = 96;0.0;3.999516837E7
1990;63 = 96;0.0;3.999521651E7
1991;63 = 96;0.0;3.999521173E7
1992;63 = 96;0.0;3.999527183E7
1993;63 = 96;0.0;3.999533541E7
1994;63 = 97;0.0;3.999520305E7
1995;63 = 97;0.0;3.999522507E7
1996;63 = 97;0.0;3.999508616E7
1997;63 = 97;0.0;3.999511686E7
1998;63 = 97;0.0;3.999498873E7
1999;63 = 97;0.0;3.999518311E7
2000;63 = 97;0.0;3.999532673E7
2001;63 = 97;0.0;3.99952248E7
2002;63 = 97;0.0;3.999524895E7
2003;63 = 97;0.0;3.999520026E7
2004;63 = 98;0.0;3.999506711E7
2005;63 = 98;0.0;3.999518158E7
2006;63 = 98;0.0;3.999530529E7
2007;63 = 98;0.0;3.999538509E7
2008;63 = 98;0.0;3.999522075E7
2009;63 = 98;0.0;3.999527085E7
2010;63 = 98;0.0;3.999519935E7
2011;63 = 98;0.0;3.999510983E7
2012;63 = 98;0.0;3.999515895E7
2013;63 = 98;0.0;3.999512906E7
2014;63 = 99;0.0;3.999527465E7
2015;63 = 99;0.0;3.999523355E7
2016;63 = 99;0.0;3.999538122E7
2017;63 = 99;0.0;3.999523087E7
2018;63 = 99;0.0;3.999519141E7
2019;63 = 99;0.0;3.999524571E7
2020;63 = 99;0.0;3.999523959E7
2021;63 = 99;0.0;3.999525331E7
2022;63 = 99;0.0;3.999520036E7
2023;63 = 99;0.0;3.999528273E7
2024;63 = 100;0.0;3.999520155E7
2025;63 = 100;0.0;3.999516846E7
2026;63 = 100;0.0;3.999519609E7
2027;63 = 100;0.0;3.999519704E7
2028;63 = 100;0.0;3.999518854E7
2029;63 = 100;0.0;3.999512102E7
2030;63 = 100;0.0;3.999520592E7
2031;63 = 100;0.0;3.99951784E7
2032;63 = 100;0.0;3.999521408E7
2033;63 = 100;0.0;3.999523689E7
2034;63 = 101;0.0;3.999526443E7
2035;63 = 101;0.0;3.99950507E7
2036;63 = 101;0.0;3.99951902E7
2037;63 = 101;0.0;3.999519434E7
2038;63 = 101;0.0;3.999522137E7
2039;63 = 101;0.0;3.999506957E7
2040;63 = 101;0.0;3.999518575E7
2041;63 = 101;0.0;3.999517668E7
2042;63 = 101;0.0;3.999507382E7
2043;63 = 101;0.0;3.999514767E7
2044;63 = 102;0.0;3.999513146E7
2045;63 = 102;0.0;3.999516328E7
2046;63 = 102;0.0;3.999520289E7
2047;63 = 102;0.0;3.999519248E7
