0;63 / -102;0.0;3.999783459E7
1;63 / -102;0.0;3.999752574E7
2;63 / -102;0.0;3.999748891E7
3;63 / -102;0.0;3.999749214E7
4;63 / -102;0.0;3.999748665E7
5;63 / -101;0.0;3.999747636E7
6;63 / -101;0.0;3.999754287E7
7;63 / -101;0.0;3.999726788E7
8;63 / -101;0.0;3.999754305E7
9;63 / -101;0.0;3.999751355E7
10;63 / -101;0.0;3.999744326E7
11;63 / -101;0.0;3.999736713E7
12;63 / -101;0.0;3.999746783E7
13;63 / -101;0.0;3.999737624E7
14;63 / -101;0.0;3.999748735E7
15;63 / -100;0.0;3.999763003E7
16;63 / -100;0.0;3.999750168E7
17;63 / -100;0.0;3.999759905E7
18;63 / -100;0.0;3.999747221E7
19;63 / -100;0.0;3.999734107E7
20;63 / -100;0.0;3.998185308E7
21;63 / -100;0.0;3.99974716E7
22;63 / -100;0.0;3.999749328E7
23;63 / -100;0.0;3.99974573E7
24;63 / -100;0.0;3.999747841E7
25;63 / -99;0.0;3.999763895E7
26;63 / -99;0.0;3.999743978E7
27;63 / -99;0.0;3.999751612E7
28;63 / -99;0.0;3.999745468E7
29;63 / -99;0.0;3.999753831E7
30;63 / -99;0.0;3.999738207E7
31;63 / -99;0.0;3.999734433E7
32;63 / -99;0.0;3.999746498E7
33;63 / -99;0.0;3.999754297E7
34;63 / -99;0.0;3.999745518E7
35;63 / -98;0.0;3.999738496E7
36;63 / -98;0.0;3.999747234E7
37;63 / -98;0.0;3.999750504E7
38;63 / -98;0.0;3.999739243E7
39;63 / -98;0.0;3.999724282E7
40;63 / -98;0.0;3.999752392E7
41;63 / -98;0.0;3.999745262E7
42;63 / -98;0.0;3.999740077E7
43;63 / -98;0.0;3.999745131E7
44;63 / -98;0.0;3.999725878E7
45;63 / -97;0.0;3.999742152E7
46;63 / -97;0.0;3.999748218E7
47;63 / -97;0.0;3.99975016E7
48;63 / -97;0.0;3.99973872E7
49;63 / -97;0.0;3.999742676E7
50;63 / -97;0.0;3.999754581E7
51;63 / -97;0.0;3.999757054E7
52;63 / -97;0.0;3.999743108E7
53;63 / -97;0.0;3.999736012E7
54;63 / -97;0.0;3.999750087E7
55;63 / -96;0.0;3.999737132E7
56;63 / -96;0.0;3.99974621E7
57;63 / -96;0.0;3.999745777E7
58;63 / -96;0.0;3.999739129E7
59;63 / -96;0.0;3.999743232E7
60;63 / -96;0.0;3.999724147E7
61;63 / -96;0.0;3.999752907E7
62;63 / -96;0.0;3.999742443E7
63;63 / -96;0.0;3.999748313E7
64;63 / -96;0.0;3.9997546E7
65;63 / -95;0.0;3.99974685E7
66;63 / -95;0.0;3.999744249E7
67;63 / -95;0.0;3.999750863E7
68;63 / -95;0.0;3.999745131E7
69;63 / -95;0.0;3.999744145E7
70;63 / -95;0.0;3.999748081E7
71;63 / -95;0.0;3.999761804E7
72;63 / -95;0.0;3.999744506E7
73;63 / -95;0.0;3.999744206E7
74;63 / -95;0.0;3.999742261E7
75;63 / -94;0.0;3.999765399E7
76;63 / -94;0.0;3.999752159E7
77;63 / -94;0.0;4.003741977E7
78;63 / -94;0.0;3.999734546E7
79;63 / -94;0.0;3.999746796E7
80;63 / -94;0.0;3.999737834E7
81;63 / -94;0.0;3.999739913E7
82;63 / -94;0.0;3.999743124E7
83;63 / -94;0.0;3.999738446E7
84;63 / -94;0.0;3.999744532E7
85;63 / -93;0.0;3.99973812E7
86;63 / -93;0.0;3.999742273E7
87;63 / -93;0.0;3.999744321E7
88;63 / -93;0.0;3.999737129E7
89;63 / -93;0.0;4.003736834E7
90;63 / -93;0.0;3.999743473E7
91;63 / -93;0.0;3.999748732E7
92;63 / -93;0.0;3.999741798E7
93;63 / -93;0.0;3.999742338E7
94;63 / -93;0.0;3.999747558E7
95;63 / -92;0.0;3.99974621E7
96;63 / -92;0.0;3.999741045E7
97;63 / -92;0.0;3.999710477E7
98;63 / -92;0.0;3.99973245E7
99;63 / -92;0.0;3.999745008E7
100;63 / -92;0.0;3.999757575E7
101;63 / -92;0.0;4.007746936E7
102;63 / -92;0.0;3.999742392E7
103;63 / -92;0.0;3.999737278E7
104;63 / -92;0.0;3.999737689E7
105;63 / -91;0.0;3.999733603E7
106;63 / -91;0.0;3.999740637E7
107;63 / -91;0.0;3.999733893E7
108;63 / -91;0.0;3.999738628E7
109;63 / -91;0.0;3.999730459E7
110;63 / -91;0.0;3.999733807E7
111;63 / -91;0.0;3.999739558E7
112;63 / -91;0.0;3.999747684E7
113;63 / -91;0.0;3.999732224E7
114;63 / -91;0.0;3.999739624E7
115;63 / -90;0.0;3.999749289E7
116;63 / -90;0.0;3.999731098E7
117;63 / -90;0.0;3.999731928E7
118;63 / -90;0.0;3.999746014E7
119;63 / -90;0.0;3.999743863E7
120;63 / -90;0.0;3.999745355E7
121;63 / -90;0.0;3.999728441E7
122;63 / -90;0.0;3.999751501E7
123;63 / -90;0.0;3.999738654E7
124;63 / -90;0.0;3.999737963E7
125;63 / -89;0.0;3.999760841E7
126;63 / -89;0.0;3.999750693E7
127;63 / -89;0.0;3.999730741E7
128;63 / -89;0.0;3.999743364E7
129;63 / -89;0.0;3.999734321E7
130;63 / -89;0.0;3.999732166E7
131;63 / -89;0.0;3.999735883E7
132;63 / -89;0.0;3.999752831E7
133;63 / -89;0.0;3.999744334E7
134;63 / -89;0.0;3.999738995E7
135;63 / -88;0.0;3.999727354E7
136;63 / -88;0.0;3.999739412E7
137;63 / -88;0.0;3.999749888E7
138;63 / -88;0.0;3.99973684E7
139;63 / -88;0.0;3.999732485E7
140;63 / -88;0.0;3.999724673E7
141;63 / -88;0.0;3.999738544E7
142;63 / -88;0.0;3.999735651E7
143;63 / -88;0.0;3.999728112E7
144;63 / -88;0.0;3.99973558E7
145;63 / -87;0.0;3.999717238E7
146;63 / -87;0.0;3.999742511E7
147;63 / -87;0.0;3.999735949E7
148;63 / -87;0.0;3.999734354E7
149;63 / -87;0.0;3.999726667E7
150;63 / -87;0.0;3.999743298E7
151;63 / -87;0.0;3.999747341E7
152;63 / -87;0.0;3.999733795E7
153;63 / -87;0.0;3.999728979E7
154;63 / -87;0.0;3.999735644E7
155;63 / -86;0.0;3.999736322E7
156;63 / -86;0.0;3.999738669E7
157;63 / -86;0.0;3.999732938E7
158;63 / -86;0.0;3.999735326E7
159;63 / -86;0.0;3.999730471E7
160;63 / -86;0.0;3.999720166E7
161;63 / -86;0.0;3.999711091E7
162;63 / -86;0.0;3.999734628E7
163;63 / -86;0.0;3.999732241E7
164;63 / -86;0.0;3.999729895E7
165;63 / -85;0.0;3.999742427E7
166;63 / -85;0.0;3.999728246E7
167;63 / -85;0.0;3.999727401E7
168;63 / -85;0.0;3.999739205E7
169;63 / -85;0.0;3.999729391E7
170;63 / -85;0.0;3.999720851E7
171;63 / -85;0.0;3.999733261E7
172;63 / -85;0.0;3.99973617E7
173;63 / -85;0.0;3.999732066E7
174;63 / -85;0.0;3.999737547E7
175;63 / -84;0.0;3.999744363E7
176;63 / -84;0.0;3.999743783E7
177;63 / -84;0.0;3.999734308E7
178;63 / -84;0.0;3.999731212E7
179;63 / -84;0.0;3.999721454E7
180;63 / -84;0.0;3.999717941E7
181;63 / -84;0.0;3.999738578E7
182;63 / -84;0.0;3.999738342E7
183;63 / -84;0.0;3.999743287E7
184;63 / -84;0.0;3.999721997E7
185;63 / -83;0.0;3.999716387E7
186;63 / -83;0.0;3.99973168E7
187;63 / -83;0.0;3.999727311E7
188;63 / -83;0.0;3.999735526E7
189;63 / -83;0.0;3.999731411E7
190;63 / -83;0.0;3.999714589E7
191;63 / -83;0.0;3.999734811E7
192;63 / -83;0.0;3.999738654E7
193;63 / -83;0.0;3.999730485E7
194;63 / -83;0.0;3.999735721E7
195;63 / -82;0.0;3.999722518E7
196;63 / -82;0.0;3.999722149E7
197;63 / -82;0.0;3.999734437E7
198;63 / -82;0.0;3.999735028E7
199;63 / -82;0.0;3.999730047E7
200;63 / -82;0.0;3.999743173E7
201;63 / -82;0.0;3.999736836E7
202;63 / -82;0.0;3.999732337E7
203;63 / -82;0.0;3.99972781E7
204;63 / -82;0.0;3.999733759E7
205;63 / -81;0.0;3.999729229E7
206;63 / -81;0.0;3.999731628E7
207;63 / -81;0.0;3.999733535E7
208;63 / -81;0.0;3.999734117E7
209;63 / -81;0.0;3.999730368E7
210;63 / -81;0.0;3.999722165E7
211;63 / -81;0.0;3.999739803E7
212;63 / -81;0.0;3.99973051E7
213;63 / -81;0.0;3.999724082E7
214;63 / -81;0.0;3.99973419E7
215;63 / -80;0.0;3.999730633E7
216;63 / -80;0.0;3.999727088E7
217;63 / -80;0.0;3.99973492E7
218;63 / -80;0.0;3.999720098E7
219;63 / -80;0.0;3.999732458E7
220;63 / -80;0.0;3.999738364E7
221;63 / -80;0.0;3.999733119E7
222;63 / -80;0.0;3.999728162E7
223;63 / -80;0.0;3.999715436E7
224;63 / -80;0.0;3.999732403E7
225;63 / -79;0.0;3.999725731E7
226;63 / -79;0.0;3.999728394E7
227;63 / -79;0.0;3.999728017E7
228;63 / -79;0.0;3.999718155E7
229;63 / -79;0.0;3.99972122E7
230;63 / -79;0.0;3.999728599E7
231;63 / -79;0.0;3.999725156E7
232;63 / -79;0.0;4.003721651E7
233;63 / -79;0.0;3.999720645E7
234;63 / -79;0.0;3.99973452E7
235;63 / -78;0.0;3.999707169E7
236;63 / -78;0.0;3.999734325E7
237;63 / -78;0.0;3.999714957E7
238;63 / -78;0.0;3.999717981E7
239;63 / -78;0.0;3.999712053E7
240;63 / -78;0.0;3.99973096E7
241;63 / -78;0.0;3.999726055E7
242;63 / -78;0.0;3.999734056E7
243;63 / -78;0.0;3.99972733E7
244;63 / -78;0.0;3.999734955E7
245;63 / -77;0.0;3.999721601E7
246;63 / -77;0.0;3.999718313E7
247;63 / -77;0.0;3.999732336E7
248;63 / -77;0.0;3.999720462E7
249;63 / -77;0.0;3.999720837E7
250;63 / -77;0.0;3.999742515E7
251;63 / -77;0.0;3.999738754E7
252;63 / -77;0.0;3.999727031E7
253;63 / -77;0.0;3.999725807E7
254;63 / -77;0.0;3.999720044E7
255;63 / -76;0.0;3.99972928E7
256;63 / -76;0.0;3.999725369E7
257;63 / -76;0.0;3.999720224E7
258;63 / -76;0.0;3.999731194E7
259;63 / -76;0.0;3.99973112E7
260;63 / -76;0.0;3.999715282E7
261;63 / -76;0.0;3.999725619E7
262;63 / -76;0.0;4.003718743E7
263;63 / -76;0.0;3.999712334E7
264;63 / -76;0.0;3.999725449E7
265;63 / -75;0.0;3.999727828E7
266;63 / -75;0.0;3.999718778E7
267;63 / -75;0.0;3.999732555E7
268;63 / -75;0.0;3.99971606E7
269;63 / -75;0.0;3.99971864E7
270;63 / -75;0.0;3.999719625E7
271;63 / -75;0.0;3.999730186E7
272;63 / -75;0.0;3.999719951E7
273;63 / -75;0.0;3.999716807E7
274;63 / -75;0.0;3.999721914E7
275;63 / -74;0.0;3.999732014E7
276;63 / -74;0.0;3.999726203E7
277;63 / -74;0.0;3.999714145E7
278;63 / -74;0.0;3.999718807E7
279;63 / -74;0.0;3.999718875E7
280;63 / -74;0.0;3.999713938E7
281;63 / -74;0.0;3.999716073E7
282;63 / -74;0.0;3.999723727E7
283;63 / -74;0.0;3.999708632E7
284;63 / -74;0.0;3.999729251E7
285;63 / -73;0.0;3.999711222E7
286;63 / -73;0.0;3.999704747E7
287;63 / -73;0.0;3.999713071E7
288;63 / -73;0.0;3.999725451E7
289;63 / -73;0.0;3.999710488E7
290;63 / -73;0.0;3.999717757E7
291;63 / -73;0.0;4.000503105E7
292;63 / -73;0.0;3.999720308E7
293;63 / -73;0.0;3.999722903E7
294;63 / -73;0.0;3.999721418E7
295;63 / -72;0.0;3.9997239E7
296;63 / -72;0.0;3.999724652E7
297;63 / -72;0.0;3.999729877E7
298;63 / -72;0.0;3.999719903E7
299;63 / -72;0.0;3.999719674E7
300;63 / -72;0.0;3.99972214E7
301;63 / -72;0.0;3.999736164E7
302;63 / -72;0.0;3.999715745E7
303;63 / -72;0.0;3.999716078E7
304;63 / -72;0.0;3.999706687E7
305;63 / -71;0.0;3.999716743E7
306;63 / -71;0.0;3.999728577E7
307;63 / -71;0.0;3.999720606E7
308;63 / -71;0.0;3.99971961E7
309;63 / -71;0.0;3.999722539E7
310;63 / -71;0.0;3.999724785E7
311;63 / -71;0.0;3.999719649E7
312;63 / -71;0.0;3.999724734E7
313;63 / -71;0.0;3.999721778E7
314;63 / -71;0.0;3.999723239E7
315;63 / -70;0.0;3.999716938E7
316;63 / -70;0.0;3.999727648E7
317;63 / -70;0.0;3.999725949E7
318;63 / -70;0.0;3.999713827E7
319;63 / -70;0.0;3.99891632E7
320;63 / -70;0.0;3.999723418E7
321;63 / -70;0.0;3.999727775E7
322;63 / -70;0.0;3.999724644E7
323;63 / -70;0.0;3.99971857E7
324;63 / -70;0.0;3.999714339E7
325;63 / -69;0.0;3.999737E7
326;63 / -69;0.0;3.99973121E7
327;63 / -69;0.0;3.99971357E7
328;63 / -69;0.0;3.999718541E7
329;63 / -69;0.0;3.999725135E7
330;63 / -69;0.0;3.999710701E7
331;63 / -69;0.0;3.999712389E7
332;63 / -69;0.0;3.999716337E7
333;63 / -69;0.0;3.999720509E7
334;63 / -69;0.0;3.999717236E7
335;63 / -68;0.0;3.999714154E7
336;63 / -68;0.0;3.999711197E7
337;63 / -68;0.0;3.999711938E7
338;63 / -68;0.0;3.999715249E7
339;63 / -68;0.0;3.99971885E7
340;63 / -68;0.0;3.99971551E7
341;63 / -68;0.0;3.999723667E7
342;63 / -68;0.0;3.999709253E7
343;63 / -68;0.0;3.999702219E7
344;63 / -68;0.0;3.999712438E7
345;63 / -67;0.0;4.003720182E7
346;63 / -67;0.0;3.99971978E7
347;63 / -67;0.0;3.999721183E7
348;63 / -67;0.0;3.999705104E7
349;63 / -67;0.0;3.999705785E7
350;63 / -67;0.0;3.999715294E7
351;63 / -67;0.0;3.999717913E7
352;63 / -67;0.0;3.999707899E7
353;63 / -67;0.0;3.999714606E7
354;63 / -67;0.0;3.999714004E7
355;63 / -66;0.0;3.999705491E7
356;63 / -66;0.0;3.999709872E7
357;63 / -66;0.0;4.003704978E7
358;63 / -66;0.0;3.999710121E7
359;63 / -66;0.0;3.999707797E7
360;63 / -66;0.0;3.999710595E7
361;63 / -66;0.0;3.99970858E7
362;63 / -66;0.0;3.999706713E7
363;63 / -66;0.0;3.999707379E7
364;63 / -66;0.0;3.999709887E7
365;63 / -65;0.0;3.999707074E7
366;63 / -65;0.0;3.999714809E7
367;63 / -65;0.0;3.999716067E7
368;63 / -65;0.0;3.999720083E7
369;63 / -65;0.0;3.999705232E7
370;63 / -65;0.0;3.999705204E7
371;63 / -65;0.0;3.999702976E7
372;63 / -65;0.0;3.999704537E7
373;63 / -65;0.0;3.999713838E7
374;63 / -65;0.0;3.999709296E7
375;63 / -64;0.0;3.999723972E7
376;63 / -64;0.0;3.999712181E7
377;63 / -64;0.0;3.999707091E7
378;63 / -64;0.0;4.00369855E7
379;63 / -64;0.0;3.99970766E7
380;63 / -64;0.0;3.999714808E7
381;63 / -64;0.0;3.999711321E7
382;63 / -64;0.0;3.99970932E7
383;63 / -64;0.0;3.999718743E7
384;63 / -64;0.0;3.999710454E7
385;63 / -63;0.0;3.999696272E7
386;63 / -63;0.0;3.999713674E7
387;63 / -63;0.0;3.999711238E7
388;63 / -63;0.0;3.999701516E7
389;63 / -63;0.0;3.999708178E7
390;63 / -63;0.0;3.9997001E7
391;63 / -63;0.0;3.999714664E7
392;63 / -63;0.0;3.999718304E7
393;63 / -63;0.0;3.999716964E7
394;63 / -63;0.0;3.999710733E7
395;63 / -62;0.0;3.999704858E7
396;63 / -62;0.0;3.999707624E7
397;63 / -62;0.0;3.999719331E7
398;63 / -62;0.0;3.999712124E7
399;63 / -62;0.0;3.999708941E7
400;63 / -62;0.0;3.999718504E7
401;63 / -62;0.0;3.999718246E7
402;63 / -62;0.0;3.99969949E7
403;63 / -62;0.0;3.999709642E7
404;63 / -62;0.0;3.999704052E7
405;63 / -61;0.0;3.999693309E7
406;63 / -61;0.0;3.999710382E7
407;63 / -61;0.0;3.999712448E7
408;63 / -61;0.0;3.999693927E7
409;63 / -61;0.0;3.999701923E7
410;63 / -61;0.0;3.999713673E7
411;63 / -61;0.0;3.999699301E7
412;63 / -61;0.0;3.999705013E7
413;63 / -61;0.0;4.000330511E7
414;63 / -61;0.0;3.999713372E7
415;63 / -60;0.0;3.999700946E7
416;63 / -60;0.0;4.003707389E7
417;63 / -60;0.0;3.999712634E7
418;63 / -60;0.0;3.999710729E7
419;63 / -60;0.0;3.999701284E7
420;63 / -60;0.0;3.999705576E7
421;63 / -60;0.0;3.999701803E7
422;63 / -60;0.0;3.999708026E7
423;63 / -60;0.0;3.999707751E7
424;63 / -60;0.0;3.999702992E7
425;63 / -59;0.0;3.99971979E7
426;63 / -59;0.0;3.999709985E7
427;63 / -59;0.0;3.999702723E7
428;63 / -59;0.0;3.999704119E7
429;63 / -59;0.0;3.99971363E7
430;63 / -59;0.0;3.999715967E7
431;63 / -59;0.0;3.999704666E7
432;63 / -59;0.0;3.999704447E7
433;63 / -59;0.0;3.999720458E7
434;63 / -59;0.0;3.999695745E7
435;63 / -58;0.0;3.999714213E7
436;63 / -58;0.0;3.999702732E7
437;63 / -58;0.0;3.999699126E7
438;63 / -58;0.0;3.999702537E7
439;63 / -58;0.0;3.999702853E7
440;63 / -58;0.0;3.999707099E7
441;63 / -58;0.0;3.999715416E7
442;63 / -58;0.0;3.999693298E7
443;63 / -58;0.0;3.999690002E7
444;63 / -58;0.0;3.999701727E7
445;63 / -57;0.0;3.999710356E7
446;63 / -57;0.0;4.003706931E7
447;63 / -57;0.0;3.999712569E7
448;63 / -57;0.0;3.999705056E7
449;63 / -57;0.0;3.999695499E7
450;63 / -57;0.0;3.999710964E7
451;63 / -57;0.0;3.999707387E7
452;63 / -57;0.0;3.99970327E7
453;63 / -57;0.0;3.999714125E7
454;63 / -57;0.0;3.999705433E7
455;63 / -56;0.0;3.999703284E7
456;63 / -56;0.0;3.999708936E7
457;63 / -56;0.0;3.999687127E7
458;63 / -56;0.0;3.999695243E7
459;63 / -56;0.0;3.999705516E7
460;63 / -56;0.0;3.999702341E7
461;63 / -56;0.0;3.999712092E7
462;63 / -56;0.0;3.999691993E7
463;63 / -56;0.0;3.999702064E7
464;63 / -56;0.0;3.999702551E7
465;63 / -55;0.0;3.999702987E7
466;63 / -55;0.0;3.999721895E7
467;63 / -55;0.0;3.999703087E7
468;63 / -55;0.0;3.999701794E7
469;63 / -55;0.0;3.99970863E7
470;63 / -55;0.0;3.999704731E7
471;63 / -55;0.0;3.999707907E7
472;63 / -55;0.0;3.999706599E7
473;63 / -55;0.0;3.999700913E7
474;63 / -55;0.0;3.999698832E7
475;63 / -54;0.0;3.999716217E7
476;63 / -54;0.0;3.999708797E7
477;63 / -54;0.0;3.999707083E7
478;63 / -54;0.0;3.999696001E7
479;63 / -54;0.0;3.999692522E7
480;63 / -54;0.0;3.99970254E7
481;63 / -54;0.0;3.999703212E7
482;63 / -54;0.0;3.999705648E7
483;63 / -54;0.0;3.999693515E7
484;63 / -54;0.0;3.999694951E7
485;63 / -53;0.0;3.999709292E7
486;63 / -53;0.0;3.999692828E7
487;63 / -53;0.0;3.999690691E7
488;63 / -53;0.0;3.99969915E7
489;63 / -53;0.0;3.999699891E7
490;63 / -53;0.0;3.999688462E7
491;63 / -53;0.0;3.999700046E7
492;63 / -53;0.0;3.999706507E7
493;63 / -53;0.0;3.999691642E7
494;63 / -53;0.0;3.999702215E7
495;63 / -52;0.0;3.999694478E7
496;63 / -52;0.0;3.999700786E7
497;63 / -52;0.0;3.999696E7
498;63 / -52;0.0;3.999701681E7
499;63 / -52;0.0;3.999702385E7
500;63 / -52;0.0;3.999708399E7
501;63 / -52;0.0;3.999704069E7
502;63 / -52;0.0;3.999697459E7
503;63 / -52;0.0;3.99969711E7
504;63 / -52;0.0;3.999701929E7
505;63 / -51;0.0;3.999700672E7
506;63 / -51;0.0;3.9997049E7
507;63 / -51;0.0;3.999694216E7
508;63 / -51;0.0;3.999689453E7
509;63 / -51;0.0;3.999686449E7
510;63 / -51;0.0;3.999705064E7
511;63 / -51;0.0;3.999701038E7
512;63 / -51;0.0;3.999698702E7
513;63 / -51;0.0;3.999697998E7
514;63 / -51;0.0;3.999700068E7
515;63 / -50;0.0;3.999700643E7
516;63 / -50;0.0;3.99969515E7
517;63 / -50;0.0;3.999699257E7
518;63 / -50;0.0;3.999697206E7
519;63 / -50;0.0;3.999701696E7
520;63 / -50;0.0;3.99970268E7
521;63 / -50;0.0;4.003693382E7
522;63 / -50;0.0;3.999691102E7
523;63 / -50;0.0;3.999698474E7
524;63 / -50;0.0;3.999068068E7
525;63 / -49;0.0;3.99969703E7
526;63 / -49;0.0;3.999702672E7
527;63 / -49;0.0;3.99968694E7
528;63 / -49;0.0;3.999694784E7
529;63 / -49;0.0;3.999703543E7
530;63 / -49;0.0;3.999687037E7
531;63 / -49;0.0;3.99970568E7
532;63 / -49;0.0;3.999696033E7
533;63 / -49;0.0;3.999693032E7
534;63 / -49;0.0;3.999688465E7
535;63 / -48;0.0;3.999720966E7
536;63 / -48;0.0;3.99970263E7
537;63 / -48;0.0;3.999697426E7
538;63 / -48;0.0;3.999690269E7
539;63 / -48;0.0;3.99968612E7
540;63 / -48;0.0;3.999697247E7
541;63 / -48;0.0;3.999700431E7
542;63 / -48;0.0;3.999691367E7
543;63 / -48;0.0;3.999690983E7
544;63 / -48;0.0;3.999692851E7
545;63 / -47;0.0;3.999690626E7
546;63 / -47;0.0;3.999695394E7
547;63 / -47;0.0;3.999693435E7
548;63 / -47;0.0;3.999702877E7
549;63 / -47;0.0;3.999694026E7
550;63 / -47;0.0;3.99969888E7
551;63 / -47;0.0;3.999705188E7
552;63 / -47;0.0;3.999699707E7
553;63 / -47;0.0;4.003690998E7
554;63 / -47;0.0;3.999695655E7
555;63 / -46;0.0;3.999700522E7
556;63 / -46;0.0;3.999702182E7
557;63 / -46;0.0;3.999693492E7
558;63 / -46;0.0;3.999693627E7
559;63 / -46;0.0;3.999688422E7
560;63 / -46;0.0;3.999702263E7
561;63 / -46;0.0;3.999695219E7
562;63 / -46;0.0;3.999693836E7
563;63 / -46;0.0;3.999688413E7
564;63 / -46;0.0;3.999692927E7
565;63 / -45;0.0;3.999688846E7
566;63 / -45;0.0;3.999683603E7
567;63 / -45;0.0;3.99969835E7
568;63 / -45;0.0;3.999694175E7
569;63 / -45;0.0;3.999689929E7
570;63 / -45;0.0;3.999696258E7
571;63 / -45;0.0;3.999685725E7
572;63 / -45;0.0;3.999687173E7
573;63 / -45;0.0;3.99969684E7
574;63 / -45;0.0;4.003685859E7
575;63 / -44;0.0;3.999695685E7
576;63 / -44;0.0;3.999701714E7
577;63 / -44;0.0;3.999686479E7
578;63 / -44;0.0;3.999685625E7
579;63 / -44;0.0;3.999697492E7
580;63 / -44;0.0;3.999690494E7
581;63 / -44;0.0;3.999683182E7
582;63 / -44;0.0;3.999682024E7
583;63 / -44;0.0;3.999684039E7
584;63 / -44;0.0;3.999694259E7
585;63 / -43;0.0;3.999698538E7
586;63 / -43;0.0;3.99969615E7
587;63 / -43;0.0;3.999694846E7
588;63 / -43;0.0;3.999694846E7
589;63 / -43;0.0;3.999683196E7
590;63 / -43;0.0;3.999685622E7
591;63 / -43;0.0;3.999681E7
592;63 / -43;0.0;3.999691112E7
593;63 / -43;0.0;3.999691748E7
594;63 / -43;0.0;3.999693421E7
595;63 / -42;0.0;3.999687756E7
596;63 / -42;0.0;3.999698778E7
597;63 / -42;0.0;3.999690841E7
598;63 / -42;0.0;3.999688707E7
599;63 / -42;0.0;3.999679675E7
600;63 / -42;0.0;3.999689928E7
601;63 / -42;0.0;3.999687448E7
602;63 / -42;0.0;3.999690042E7
603;63 / -42;0.0;3.999683874E7
604;63 / -42;0.0;3.99968632E7
605;63 / -41;0.0;3.999685904E7
606;63 / -41;0.0;3.999684572E7
607;63 / -41;0.0;3.999697339E7
608;63 / -41;0.0;3.999693807E7
609;63 / -41;0.0;3.999688108E7
610;63 / -41;0.0;3.999674519E7
611;63 / -41;0.0;3.999680854E7
612;63 / -41;0.0;3.999686255E7
613;63 / -41;0.0;4.003684964E7
614;63 / -41;0.0;3.999693156E7
615;63 / -40;0.0;3.999688711E7
616;63 / -40;0.0;3.999690759E7
617;63 / -40;0.0;3.999692852E7
618;63 / -40;0.0;3.99968688E7
619;63 / -40;0.0;3.999684533E7
620;63 / -40;0.0;3.99969262E7
621;63 / -40;0.0;3.999689217E7
622;63 / -40;0.0;3.999681233E7
623;63 / -40;0.0;3.999686412E7
624;63 / -40;0.0;3.999687305E7
625;63 / -39;0.0;3.999701072E7
626;63 / -39;0.0;3.999700745E7
627;63 / -39;0.0;3.999684221E7
628;63 / -39;0.0;3.999690058E7
629;63 / -39;0.0;3.999686945E7
630;63 / -39;0.0;3.999683193E7
631;63 / -39;0.0;3.999687395E7
632;63 / -39;0.0;3.999682929E7
633;63 / -39;0.0;3.999676238E7
634;63 / -39;0.0;3.999689235E7
635;63 / -38;0.0;3.999695842E7
636;63 / -38;0.0;3.999683847E7
637;63 / -38;0.0;3.999682785E7
638;63 / -38;0.0;3.999691262E7
639;63 / -38;0.0;3.999688754E7
640;63 / -38;0.0;3.999686341E7
641;63 / -38;0.0;3.999682256E7
642;63 / -38;0.0;3.999691921E7
643;63 / -38;0.0;3.999683879E7
644;63 / -38;0.0;3.999686634E7
645;63 / -37;0.0;3.99967274E7
646;63 / -37;0.0;3.999671272E7
647;63 / -37;0.0;3.999676524E7
648;63 / -37;0.0;3.999685355E7
649;63 / -37;0.0;3.999662457E7
650;63 / -37;0.0;3.999694635E7
651;63 / -37;0.0;3.999680131E7
652;63 / -37;0.0;3.9996696E7
653;63 / -37;0.0;3.999674578E7
654;63 / -37;0.0;3.999700114E7
655;63 / -36;0.0;3.999676639E7
656;63 / -36;0.0;3.999685196E7
657;63 / -36;0.0;3.99968848E7
658;63 / -36;0.0;3.99968745E7
659;63 / -36;0.0;3.999687888E7
660;63 / -36;0.0;4.003695094E7
661;63 / -36;0.0;3.999686044E7
662;63 / -36;0.0;3.999690003E7
663;63 / -36;0.0;3.999684732E7
664;63 / -36;0.0;3.9996714E7
665;63 / -35;0.0;3.999668605E7
666;63 / -35;0.0;3.999677922E7
667;63 / -35;0.0;3.999682262E7
668;63 / -35;0.0;3.999686268E7
669;63 / -35;0.0;3.999670293E7
670;63 / -35;0.0;3.999684595E7
671;63 / -35;0.0;3.999679653E7
672;63 / -35;0.0;3.999697637E7
673;63 / -35;0.0;3.999682295E7
674;63 / -35;0.0;3.9996914E7
675;63 / -34;0.0;3.999680693E7
676;63 / -34;0.0;3.999687986E7
677;63 / -34;0.0;3.999681086E7
678;63 / -34;0.0;3.999678835E7
679;63 / -34;0.0;3.999684994E7
680;63 / -34;0.0;3.999679917E7
681;63 / -34;0.0;4.003681139E7
682;63 / -34;0.0;3.999678436E7
683;63 / -34;0.0;3.999671015E7
684;63 / -34;0.0;3.999682529E7
685;63 / -33;0.0;3.99968356E7
686;63 / -33;0.0;3.999677829E7
687;63 / -33;0.0;3.99967797E7
688;63 / -33;0.0;3.999668087E7
689;63 / -33;0.0;3.999680154E7
690;63 / -33;0.0;3.999683229E7
691;63 / -33;0.0;3.999681301E7
692;63 / -33;0.0;3.999686969E7
693;63 / -33;0.0;3.999678257E7
694;63 / -33;0.0;3.999683992E7
695;63 / -32;0.0;3.999680346E7
696;63 / -32;0.0;3.999676709E7
697;63 / -32;0.0;3.999687304E7
698;63 / -32;0.0;3.999665633E7
699;63 / -32;0.0;3.99968113E7
700;63 / -32;0.0;3.999680422E7
701;63 / -32;0.0;3.999680604E7
702;63 / -32;0.0;3.999664438E7
703;63 / -32;0.0;3.999680862E7
704;63 / -32;0.0;3.999685966E7
705;63 / -31;0.0;3.999677314E7
706;63 / -31;0.0;3.999673021E7
707;63 / -31;0.0;3.999675278E7
708;63 / -31;0.0;3.999685517E7
709;63 / -31;0.0;3.999672445E7
710;63 / -31;0.0;3.999682561E7
711;63 / -31;0.0;3.999670589E7
712;63 / -31;0.0;3.999683659E7
713;63 / -31;0.0;3.999685E7
714;63 / -31;0.0;3.999672104E7
715;63 / -30;0.0;3.999678875E7
716;63 / -30;0.0;3.999662659E7
717;63 / -30;0.0;3.999677687E7
718;63 / -30;0.0;3.999680865E7
719;63 / -30;0.0;3.999677216E7
720;63 / -30;0.0;3.999675522E7
721;63 / -30;0.0;3.99968203E7
722;63 / -30;0.0;3.999678986E7
723;63 / -30;0.0;3.99968344E7
724;63 / -30;0.0;3.999680831E7
725;63 / -29;0.0;3.999667997E7
726;63 / -29;0.0;3.999692126E7
727;63 / -29;0.0;3.999669551E7
728;63 / -29;0.0;3.999670289E7
729;63 / -29;0.0;3.999668527E7
730;63 / -29;0.0;3.99967542E7
731;63 / -29;0.0;3.999670569E7
732;63 / -29;0.0;3.999680826E7
733;63 / -29;0.0;3.999673359E7
734;63 / -29;0.0;3.999674522E7
735;63 / -28;0.0;3.999678211E7
736;63 / -28;0.0;3.999674468E7
737;63 / -28;0.0;3.999670635E7
738;63 / -28;0.0;3.999668494E7
739;63 / -28;0.0;3.999676376E7
740;63 / -28;0.0;3.999673442E7
741;63 / -28;0.0;3.999666086E7
742;63 / -28;0.0;3.999668821E7
743;63 / -28;0.0;3.999674934E7
744;63 / -28;0.0;3.999671765E7
745;63 / -27;0.0;3.999670713E7
746;63 / -27;0.0;3.999678293E7
747;63 / -27;0.0;4.003664894E7
748;63 / -27;0.0;3.999670346E7
749;63 / -27;0.0;3.999670995E7
750;63 / -27;0.0;3.999669188E7
751;63 / -27;0.0;3.999678317E7
752;63 / -27;0.0;3.999672901E7
753;63 / -27;0.0;3.999666847E7
754;63 / -27;0.0;3.999670587E7
755;63 / -26;0.0;3.999661334E7
756;63 / -26;0.0;3.999663877E7
757;63 / -26;0.0;3.999675273E7
758;63 / -26;0.0;3.999669122E7
759;63 / -26;0.0;3.999671675E7
760;63 / -26;0.0;3.999668422E7
761;63 / -26;0.0;3.999662594E7
762;63 / -26;0.0;3.999671521E7
763;63 / -26;0.0;3.999674005E7
764;63 / -26;0.0;3.999670726E7
765;63 / -25;0.0;3.999675924E7
766;63 / -25;0.0;3.999662808E7
767;63 / -25;0.0;3.999664509E7
768;63 / -25;0.0;3.999650138E7
769;63 / -25;0.0;3.999669259E7
770;63 / -25;0.0;3.999674604E7
771;63 / -25;0.0;3.999665272E7
772;63 / -25;0.0;3.999660699E7
773;63 / -25;0.0;3.999668835E7
774;63 / -25;0.0;3.999699911E7
775;63 / -24;0.0;3.999667906E7
776;63 / -24;0.0;3.999670389E7
777;63 / -24;0.0;3.999647313E7
778;63 / -24;0.0;3.999670386E7
779;63 / -24;0.0;3.999689106E7
780;63 / -24;0.0;3.999681926E7
781;63 / -24;0.0;3.999675526E7
782;63 / -24;0.0;3.999672696E7
783;63 / -24;0.0;3.999680268E7
784;63 / -24;0.0;3.999666516E7
785;63 / -23;0.0;3.999681373E7
786;63 / -23;0.0;3.999681005E7
787;63 / -23;0.0;3.999674308E7
788;63 / -23;0.0;3.999671695E7
789;63 / -23;0.0;3.999675868E7
790;63 / -23;0.0;3.999671383E7
791;63 / -23;0.0;3.999673744E7
792;63 / -23;0.0;3.999675848E7
793;63 / -23;0.0;3.999672826E7
794;63 / -23;0.0;3.999662961E7
795;63 / -22;0.0;3.999676603E7
796;63 / -22;0.0;3.999673978E7
797;63 / -22;0.0;3.99966159E7
798;63 / -22;0.0;3.999669843E7
799;63 / -22;0.0;3.99967081E7
800;63 / -22;0.0;3.999673709E7
801;63 / -22;0.0;3.999687324E7
802;63 / -22;0.0;3.999672869E7
803;63 / -22;0.0;3.999650572E7
804;63 / -22;0.0;3.99965391E7
805;63 / -21;0.0;3.99967317E7
806;63 / -21;0.0;3.999680126E7
807;63 / -21;0.0;3.999666927E7
808;63 / -21;0.0;3.99967625E7
809;63 / -21;0.0;3.999675525E7
810;63 / -21;0.0;3.99967421E7
811;63 / -21;0.0;3.999672603E7
812;63 / -21;0.0;3.999672595E7
813;63 / -21;0.0;3.999671084E7
814;63 / -21;0.0;3.999665558E7
815;63 / -20;0.0;3.999663228E7
816;63 / -20;0.0;3.999670592E7
817;63 / -20;0.0;3.99967161E7
818;63 / -20;0.0;3.999656852E7
819;63 / -20;0.0;3.999662071E7
820;63 / -20;0.0;3.999665848E7
821;63 / -20;0.0;3.999673484E7
822;63 / -20;0.0;3.999666265E7
823;63 / -20;0.0;3.99966712E7
824;63 / -20;0.0;3.999666696E7
825;63 / -19;0.0;3.99965152E7
826;63 / -19;0.0;3.999675654E7
827;63 / -19;0.0;3.99966935E7
828;63 / -19;0.0;3.999670386E7
829;63 / -19;0.0;3.999666226E7
830;63 / -19;0.0;3.999661184E7
831;63 / -19;0.0;3.999669305E7
832;63 / -19;0.0;3.999663883E7
833;63 / -19;0.0;3.999688901E7
834;63 / -19;0.0;3.9996694E7
835;63 / -18;0.0;3.999654208E7
836;63 / -18;0.0;3.999649576E7
837;63 / -18;0.0;3.999660688E7
838;63 / -18;0.0;3.999668617E7
839;63 / -18;0.0;3.999666561E7
840;63 / -18;0.0;3.999667606E7
841;63 / -18;0.0;3.99967168E7
842;63 / -18;0.0;3.999668903E7
843;63 / -18;0.0;3.999662823E7
844;63 / -18;0.0;3.999662688E7
845;63 / -17;0.0;3.999667585E7
846;63 / -17;0.0;3.99965546E7
847;63 / -17;0.0;3.999660536E7
848;63 / -17;0.0;3.999669077E7
849;63 / -17;0.0;3.999669655E7
850;63 / -17;0.0;3.999674236E7
851;63 / -17;0.0;3.999677632E7
852;63 / -17;0.0;3.99966273E7
853;63 / -17;0.0;3.999653239E7
854;63 / -17;0.0;3.999673391E7
855;63 / -16;0.0;3.999656991E7
856;63 / -16;0.0;3.999660333E7
857;63 / -16;0.0;3.999663708E7
858;63 / -16;0.0;3.999669182E7
859;63 / -16;0.0;3.999660289E7
860;63 / -16;0.0;3.999670238E7
861;63 / -16;0.0;3.999648701E7
862;63 / -16;0.0;3.999648956E7
863;63 / -16;0.0;3.999653185E7
864;63 / -16;0.0;3.999652531E7
865;63 / -15;0.0;3.999673154E7
866;63 / -15;0.0;3.999657485E7
867;63 / -15;0.0;3.999661773E7
868;63 / -15;0.0;3.999661119E7
869;63 / -15;0.0;3.999645579E7
870;63 / -15;0.0;3.999641913E7
871;63 / -15;0.0;3.999654082E7
872;63 / -15;0.0;3.999662484E7
873;63 / -15;0.0;3.999655573E7
874;63 / -15;0.0;3.999662449E7
875;63 / -14;0.0;3.999652166E7
876;63 / -14;0.0;3.999667234E7
877;63 / -14;0.0;3.999667284E7
878;63 / -14;0.0;3.999655722E7
879;63 / -14;0.0;3.999659619E7
880;63 / -14;0.0;3.999656599E7
881;63 / -14;0.0;3.99963971E7
882;63 / -14;0.0;3.999656145E7
883;63 / -14;0.0;3.99967309E7
884;63 / -14;0.0;3.999661395E7
885;63 / -13;0.0;3.999659013E7
886;63 / -13;0.0;3.999665293E7
887;63 / -13;0.0;3.999658135E7
888;63 / -13;0.0;3.999661818E7
889;63 / -13;0.0;3.999655039E7
890;63 / -13;0.0;3.999641968E7
891;63 / -13;0.0;3.999655935E7
892;63 / -13;0.0;3.999660677E7
893;63 / -13;0.0;3.999650985E7
894;63 / -13;0.0;3.999663635E7
895;63 / -12;0.0;3.999658707E7
896;63 / -12;0.0;3.999648865E7
897;63 / -12;0.0;3.999655571E7
898;63 / -12;0.0;3.999646348E7
899;63 / -12;0.0;3.999644847E7
900;63 / -12;0.0;3.999660996E7
901;63 / -12;0.0;3.99967154E7
902;63 / -12;0.0;3.999679885E7
903;63 / -12;0.0;3.999658081E7
904;63 / -12;0.0;3.999674502E7
905;63 / -11;0.0;3.99966546E7
906;63 / -11;0.0;3.999663192E7
907;63 / -11;0.0;3.999658191E7
908;63 / -11;0.0;3.999645048E7
909;63 / -11;0.0;3.999661111E7
910;63 / -11;0.0;3.999656644E7
911;63 / -11;0.0;3.999665278E7
912;63 / -11;0.0;3.999662016E7
913;63 / -11;0.0;3.999651263E7
914;63 / -11;0.0;3.999661303E7
915;63 / -10;0.0;3.999653967E7
916;63 / -10;0.0;3.999655574E7
917;63 / -10;0.0;3.999663353E7
918;63 / -10;0.0;3.99966165E7
919;63 / -10;0.0;3.999659081E7
920;63 / -10;0.0;3.999655862E7
921;63 / -10;0.0;3.999661061E7
922;63 / -10;0.0;3.999646974E7
923;63 / -10;0.0;3.999650128E7
924;63 / -10;0.0;3.999655366E7
925;63 / -9;0.0;3.999654485E7
926;63 / -9;0.0;3.999674621E7
927;63 / -9;0.0;3.99966056E7
928;63 / -9;0.0;3.999666502E7
929;63 / -9;0.0;3.999654445E7
930;63 / -9;0.0;3.999662495E7
931;63 / -9;0.0;3.999641441E7
932;63 / -9;0.0;3.999655547E7
933;63 / -9;0.0;3.99966012E7
934;63 / -9;0.0;3.999660685E7
935;63 / -8;0.0;3.999652127E7
936;63 / -8;0.0;3.999666351E7
937;63 / -8;0.0;3.999657196E7
938;63 / -8;0.0;3.999665041E7
939;63 / -8;0.0;3.999654757E7
940;63 / -8;0.0;3.999651003E7
941;63 / -8;0.0;3.999654608E7
942;63 / -8;0.0;3.999659433E7
943;63 / -8;0.0;3.999649257E7
944;63 / -8;0.0;3.999651169E7
945;63 / -7;0.0;3.999644725E7
946;63 / -7;0.0;3.999651839E7
947;63 / -7;0.0;3.999655287E7
948;63 / -7;0.0;3.999654064E7
949;63 / -7;0.0;3.999655909E7
950;63 / -7;0.0;3.999669589E7
951;63 / -7;0.0;3.999656154E7
952;63 / -7;0.0;3.999661811E7
953;63 / -7;0.0;3.99965249E7
954;63 / -7;0.0;3.999651871E7
955;63 / -6;0.0;3.999656524E7
956;63 / -6;0.0;3.999643687E7
957;63 / -6;0.0;3.999654066E7
958;63 / -6;0.0;4.003661516E7
959;63 / -6;0.0;3.999653175E7
960;63 / -6;0.0;3.999654493E7
961;63 / -6;0.0;3.999651576E7
962;63 / -6;0.0;3.999649575E7
963;63 / -6;0.0;3.999638306E7
964;63 / -6;0.0;3.999656616E7
965;63 / -5;0.0;3.999651051E7
966;63 / -5;0.0;3.999666622E7
967;63 / -5;0.0;3.99965592E7
968;63 / -5;0.0;3.999661072E7
969;63 / -5;0.0;3.999647325E7
970;63 / -5;0.0;3.999651717E7
971;63 / -5;0.0;3.999650878E7
972;63 / -5;0.0;3.999646381E7
973;63 / -5;0.0;3.999661807E7
974;63 / -5;0.0;3.999646308E7
975;63 / -4;0.0;3.999649594E7
976;63 / -4;0.0;3.999657429E7
977;63 / -4;0.0;3.999651964E7
978;63 / -4;0.0;3.999633778E7
979;63 / -4;0.0;3.999654505E7
980;63 / -4;0.0;3.999644823E7
981;63 / -4;0.0;3.999643459E7
982;63 / -4;0.0;3.999649188E7
983;63 / -4;0.0;3.999649931E7
984;63 / -4;0.0;3.999651137E7
985;63 / -3;0.0;3.999660853E7
986;63 / -3;0.0;3.999649571E7
987;63 / -3;0.0;3.999654507E7
988;63 / -3;0.0;3.999667125E7
989;63 / -3;0.0;3.999653057E7
990;63 / -3;0.0;3.999648453E7
991;63 / -3;0.0;3.9996528E7
992;63 / -3;0.0;3.999656316E7
993;63 / -3;0.0;3.999655591E7
994;63 / -3;0.0;3.999655628E7
995;63 / -2;0.0;3.999653604E7
996;63 / -2;0.0;3.999642136E7
997;63 / -2;0.0;4.003645151E7
998;63 / -2;0.0;3.999634125E7
999;63 / -2;0.0;3.999658736E7
1000;63 / -2;0.0;3.999646657E7
1001;63 / -2;0.0;3.99966082E7
1002;63 / -2;0.0;3.999651074E7
1003;63 / -2;0.0;3.999675492E7
1004;63 / -2;0.0;3.999649257E7
1005;63 / -1;0.0;3.99964865E7
1006;63 / -1;0.0;3.99964453E7
1007;63 / -1;0.0;3.999650406E7
1008;63 / -1;0.0;3.999632113E7
1009;63 / -1;0.0;3.999638193E7
1010;63 / -1;0.0;3.99965051E7
1011;63 / -1;0.0;3.999653097E7
1012;63 / -1;0.0;3.999626513E7
1013;63 / -1;0.0;3.999641041E7
1014;63 / -1;0.0;3.999645527E7
1015;63 / -;0.0;3.999640059E7
1016;63 / -;0.0;3.999642463E7
1017;63 / -;0.0;3.999652325E7
1018;63 / -;0.0;3.999636328E7
1019;63 / -;0.0;3.999645125E7
1020;63 / -;0.0;3.999648662E7
1021;63 / -;0.0;3.999635833E7
1022;63 / -;0.0;3.999651371E7
1023;63 / -;0.0;3.999650419E7
1024;63 / ;0.0;3.999682773E7
1025;63 / ;0.0;3.999653685E7
1026;63 / ;0.0;3.999655005E7
1027;63 / ;0.0;3.9996659E7
1028;63 / ;0.0;3.999662394E7
1029;63 / ;0.0;3.999648029E7
1030;63 / ;0.0;3.999657408E7
1031;63 / ;0.0;3.999664247E7
1032;63 / ;0.0;3.999651323E7
1033;63 / 1;0.0;3.999659089E7
1034;63 / 1;0.0;3.999646053E7
1035;63 / 1;0.0;3.999658068E7
1036;63 / 1;0.0;3.999659982E7
1037;63 / 1;0.0;3.999647569E7
1038;63 / 1;0.0;3.99965175E7
1039;63 / 1;0.0;3.999653966E7
1040;63 / 1;0.0;3.999649675E7
1041;63 / 1;0.0;3.999641753E7
1042;63 / 1;0.0;3.999642344E7
1043;63 / 2;0.0;3.999667084E7
1044;63 / 2;0.0;3.999663964E7
1045;63 / 2;0.0;3.999666521E7
1046;63 / 2;0.0;3.999619422E7
1047;63 / 2;0.0;3.999641341E7
1048;63 / 2;0.0;3.999642324E7
1049;63 / 2;0.0;3.9996394E7
1050;63 / 2;0.0;3.999632239E7
1051;63 / 2;0.0;3.999652731E7
1052;63 / 2;0.0;3.999648252E7
1053;63 / 3;0.0;3.999644568E7
1054;63 / 3;0.0;3.999641314E7
1055;63 / 3;0.0;3.999647568E7
1056;63 / 3;0.0;3.999623415E7
1057;63 / 3;0.0;3.999637E7
1058;63 / 3;0.0;3.999630536E7
1059;63 / 3;0.0;3.999651535E7
1060;63 / 3;0.0;3.999657257E7
1061;63 / 3;0.0;3.999646332E7
1062;63 / 3;0.0;3.999639802E7
1063;63 / 4;0.0;3.999647051E7
1064;63 / 4;0.0;3.999641115E7
1065;63 / 4;0.0;3.999634718E7
1066;63 / 4;0.0;3.999638097E7
1067;63 / 4;0.0;3.999652106E7
1068;63 / 4;0.0;3.999642398E7
1069;63 / 4;0.0;3.999641131E7
1070;63 / 4;0.0;3.99964231E7
1071;63 / 4;0.0;3.999636784E7
1072;63 / 4;0.0;3.999644327E7
1073;63 / 5;0.0;3.999650561E7
1074;63 / 5;0.0;3.999652692E7
1075;63 / 5;0.0;3.999641458E7
1076;63 / 5;0.0;3.999646461E7
1077;63 / 5;0.0;3.999636478E7
1078;63 / 5;0.0;3.999642593E7
1079;63 / 5;0.0;3.999645687E7
1080;63 / 5;0.0;3.999637616E7
1081;63 / 5;0.0;3.999643686E7
1082;63 / 5;0.0;3.999641605E7
1083;63 / 6;0.0;3.999627483E7
1084;63 / 6;0.0;3.999629114E7
1085;63 / 6;0.0;3.999650598E7
1086;63 / 6;0.0;3.999645764E7
1087;63 / 6;0.0;3.999631152E7
1088;63 / 6;0.0;3.999640904E7
1089;63 / 6;0.0;3.999636124E7
1090;63 / 6;0.0;3.999631177E7
1091;63 / 6;0.0;3.999638833E7
1092;63 / 6;0.0;3.99964307E7
1093;63 / 7;0.0;3.999636843E7
1094;63 / 7;0.0;3.999635207E7
1095;63 / 7;0.0;4.003648175E7
1096;63 / 7;0.0;3.9996305E7
1097;63 / 7;0.0;3.999640231E7
1098;63 / 7;0.0;3.99962871E7
1099;63 / 7;0.0;3.999643915E7
1100;63 / 7;0.0;3.99963846E7
1101;63 / 7;0.0;3.999632137E7
1102;63 / 7;0.0;3.999634579E7
1103;63 / 8;0.0;3.999631086E7
1104;63 / 8;0.0;3.99962581E7
1105;63 / 8;0.0;3.999637336E7
1106;63 / 8;0.0;3.999630564E7
1107;63 / 8;0.0;3.999632373E7
1108;63 / 8;0.0;3.99963164E7
1109;63 / 8;0.0;3.99963888E7
1110;63 / 8;0.0;3.99964322E7
1111;63 / 8;0.0;3.999635635E7
1112;63 / 8;0.0;3.999636119E7
1113;63 / 9;0.0;3.999637077E7
1114;63 / 9;0.0;3.999637731E7
1115;63 / 9;0.0;3.999638997E7
1116;63 / 9;0.0;3.999631593E7
1117;63 / 9;0.0;3.999638534E7
1118;63 / 9;0.0;3.999630223E7
1119;63 / 9;0.0;3.999640932E7
1120;63 / 9;0.0;3.999633609E7
1121;63 / 9;0.0;3.999644536E7
1122;63 / 9;0.0;3.999637798E7
1123;63 / 10;0.0;3.999632042E7
1124;63 / 10;0.0;3.999629748E7
1125;63 / 10;0.0;3.999636399E7
1126;63 / 10;0.0;3.999634556E7
1127;63 / 10;0.0;3.9996334E7
1128;63 / 10;0.0;3.999628152E7
1129;63 / 10;0.0;3.999634392E7
1130;63 / 10;0.0;3.999626647E7
1131;63 / 10;0.0;3.999645128E7
1132;63 / 10;0.0;3.999617975E7
1133;63 / 11;0.0;3.999633718E7
1134;63 / 11;0.0;3.999636085E7
1135;63 / 11;0.0;3.99965332E7
1136;63 / 11;0.0;3.999639113E7
1137;63 / 11;0.0;3.999636682E7
1138;63 / 11;0.0;3.999630904E7
1139;63 / 11;0.0;3.99963431E7
1140;63 / 11;0.0;3.999639645E7
1141;63 / 11;0.0;3.999641603E7
1142;63 / 11;0.0;3.999635122E7
1143;63 / 12;0.0;3.999624957E7
1144;63 / 12;0.0;3.999640064E7
1145;63 / 12;0.0;3.99961474E7
1146;63 / 12;0.0;3.999637908E7
1147;63 / 12;0.0;3.999643458E7
1148;63 / 12;0.0;3.999641524E7
1149;63 / 12;0.0;3.999632951E7
1150;63 / 12;0.0;3.999628032E7
1151;63 / 12;0.0;3.999632159E7
1152;63 / 12;0.0;3.999637679E7
1153;63 / 13;0.0;3.999630101E7
1154;63 / 13;0.0;3.99964515E7
1155;63 / 13;0.0;3.999620891E7
1156;63 / 13;0.0;3.999639732E7
1157;63 / 13;0.0;3.999630363E7
1158;63 / 13;0.0;3.999627712E7
1159;63 / 13;0.0;3.999630697E7
1160;63 / 13;0.0;3.999644185E7
1161;63 / 13;0.0;3.999624714E7
1162;63 / 13;0.0;3.999631432E7
1163;63 / 14;0.0;3.999630729E7
1164;63 / 14;0.0;3.999618697E7
1165;63 / 14;0.0;3.99962145E7
1166;63 / 14;0.0;3.999652367E7
1167;63 / 14;0.0;3.999618714E7
1168;63 / 14;0.0;3.99962323E7
1169;63 / 14;0.0;3.999619487E7
1170;63 / 14;0.0;3.999639566E7
1171;63 / 14;0.0;3.999618589E7
1172;63 / 14;0.0;3.999648192E7
1173;63 / 15;0.0;3.999633157E7
1174;63 / 15;0.0;3.999609565E7
1175;63 / 15;0.0;3.999634903E7
1176;63 / 15;0.0;3.999635108E7
1177;63 / 15;0.0;3.999630374E7
1178;63 / 15;0.0;3.999626229E7
1179;63 / 15;0.0;3.999634237E7
1180;63 / 15;0.0;3.999624258E7
1181;63 / 15;0.0;3.999625699E7
1182;63 / 15;0.0;3.999623315E7
1183;63 / 16;0.0;3.99963597E7
1184;63 / 16;0.0;3.999640109E7
1185;63 / 16;0.0;3.99964602E7
1186;63 / 16;0.0;3.999628808E7
1187;63 / 16;0.0;3.999640042E7
1188;63 / 16;0.0;3.999625175E7
1189;63 / 16;0.0;3.999628306E7
1190;63 / 16;0.0;3.999633612E7
1191;63 / 16;0.0;3.999621425E7
1192;63 / 16;0.0;3.99963935E7
1193;63 / 17;0.0;3.99962322E7
1194;63 / 17;0.0;3.999610721E7
1195;63 / 17;0.0;3.999637592E7
1196;63 / 17;0.0;3.999639959E7
1197;63 / 17;0.0;3.999627155E7
1198;63 / 17;0.0;3.999609475E7
1199;63 / 17;0.0;3.99962432E7
1200;63 / 17;0.0;3.999629621E7
1201;63 / 17;0.0;3.999639141E7
1202;63 / 17;0.0;3.999616895E7
1203;63 / 18;0.0;3.999626115E7
1204;63 / 18;0.0;3.999623766E7
1205;63 / 18;0.0;3.99961781E7
1206;63 / 18;0.0;3.999623319E7
1207;63 / 18;0.0;3.999626046E7
1208;63 / 18;0.0;3.999633174E7
1209;63 / 18;0.0;3.999619832E7
1210;63 / 18;0.0;3.999623642E7
1211;63 / 18;0.0;3.999617222E7
1212;63 / 18;0.0;3.9996264E7
1213;63 / 19;0.0;3.999626404E7
1214;63 / 19;0.0;3.99962794E7
1215;63 / 19;0.0;3.999625941E7
1216;63 / 19;0.0;3.99962056E7
1217;63 / 19;0.0;3.99962491E7
1218;63 / 19;0.0;3.999624696E7
1219;63 / 19;0.0;3.999628499E7
1220;63 / 19;0.0;3.999624426E7
1221;63 / 19;0.0;3.999628912E7
1222;63 / 19;0.0;3.999615193E7
1223;63 / 20;0.0;3.999630848E7
1224;63 / 20;0.0;3.999619468E7
1225;63 / 20;0.0;3.999624642E7
1226;63 / 20;0.0;3.999636931E7
1227;63 / 20;0.0;3.999623869E7
1228;63 / 20;0.0;3.999631434E7
1229;63 / 20;0.0;3.999618456E7
1230;63 / 20;0.0;3.99961569E7
1231;63 / 20;0.0;3.999636823E7
1232;63 / 20;0.0;3.999611515E7
1233;63 / 21;0.0;3.99962106E7
1234;63 / 21;0.0;3.9996261E7
1235;63 / 21;0.0;3.999624393E7
1236;63 / 21;0.0;3.999618595E7
1237;63 / 21;0.0;3.999633232E7
1238;63 / 21;0.0;3.999628061E7
1239;63 / 21;0.0;3.999625666E7
1240;63 / 21;0.0;3.999610457E7
1241;63 / 21;0.0;3.99962408E7
1242;63 / 21;0.0;3.999619131E7
1243;63 / 22;0.0;3.999626048E7
1244;63 / 22;0.0;3.999623719E7
1245;63 / 22;0.0;3.999624236E7
1246;63 / 22;0.0;3.999036441E7
1247;63 / 22;0.0;3.999624656E7
1248;63 / 22;0.0;3.999635955E7
1249;63 / 22;0.0;3.999623422E7
1250;63 / 22;0.0;3.999626365E7
1251;63 / 22;0.0;3.999635819E7
1252;63 / 22;0.0;3.999619347E7
1253;63 / 23;0.0;3.999618127E7
1254;63 / 23;0.0;3.999624454E7
1255;63 / 23;0.0;3.999623171E7
1256;63 / 23;0.0;3.999631117E7
1257;63 / 23;0.0;3.99960934E7
1258;63 / 23;0.0;3.999622877E7
1259;63 / 23;0.0;3.999626849E7
1260;63 / 23;0.0;3.999627064E7
1261;63 / 23;0.0;3.999621358E7
1262;63 / 23;0.0;3.999631422E7
1263;63 / 24;0.0;3.999623338E7
1264;63 / 24;0.0;3.999619363E7
1265;63 / 24;0.0;3.999613262E7
1266;63 / 24;0.0;3.9996276E7
1267;63 / 24;0.0;3.999626985E7
1268;63 / 24;0.0;3.999616847E7
1269;63 / 24;0.0;3.999623225E7
1270;63 / 24;0.0;3.999614037E7
1271;63 / 24;0.0;3.999622294E7
1272;63 / 24;0.0;3.99962098E7
1273;63 / 25;0.0;3.999607424E7
1274;63 / 25;0.0;3.999619806E7
1275;63 / 25;0.0;3.999606828E7
1276;63 / 25;0.0;3.999624515E7
1277;63 / 25;0.0;3.999611971E7
1278;63 / 25;0.0;3.999624128E7
1279;63 / 25;0.0;3.999617359E7
1280;63 / 25;0.0;3.99961734E7
1281;63 / 25;0.0;3.999611321E7
1282;63 / 25;0.0;3.999616815E7
1283;63 / 26;0.0;3.999614906E7
1284;63 / 26;0.0;3.999620131E7
1285;63 / 26;0.0;3.999609684E7
1286;63 / 26;0.0;3.999634086E7
1287;63 / 26;0.0;3.999615851E7
1288;63 / 26;0.0;3.999610751E7
1289;63 / 26;0.0;3.999625848E7
1290;63 / 26;0.0;3.999619076E7
1291;63 / 26;0.0;3.999616251E7
1292;63 / 26;0.0;3.999612084E7
1293;63 / 27;0.0;3.999616069E7
1294;63 / 27;0.0;3.999613519E7
1295;63 / 27;0.0;3.999619574E7
1296;63 / 27;0.0;3.999617842E7
1297;63 / 27;0.0;3.999615619E7
1298;63 / 27;0.0;3.999614406E7
1299;63 / 27;0.0;3.999619245E7
1300;63 / 27;0.0;3.999614877E7
1301;63 / 27;0.0;3.999618861E7
1302;63 / 27;0.0;3.999612527E7
1303;63 / 28;0.0;3.999626403E7
1304;63 / 28;0.0;3.999617748E7
1305;63 / 28;0.0;3.999625044E7
1306;63 / 28;0.0;3.999608869E7
1307;63 / 28;0.0;3.999623813E7
1308;63 / 28;0.0;3.999615346E7
1309;63 / 28;0.0;3.999620308E7
1310;63 / 28;0.0;3.99960965E7
1311;63 / 28;0.0;3.999622855E7
1312;63 / 28;0.0;3.999615068E7
1313;63 / 29;0.0;3.999624211E7
1314;63 / 29;0.0;3.999620354E7
1315;63 / 29;0.0;3.999621827E7
1316;63 / 29;0.0;3.999591718E7
1317;63 / 29;0.0;3.999629347E7
1318;63 / 29;0.0;3.999612342E7
1319;63 / 29;0.0;3.999595229E7
1320;63 / 29;0.0;3.999614381E7
1321;63 / 29;0.0;3.999619193E7
1322;63 / 29;0.0;3.999626592E7
1323;63 / 30;0.0;3.999606793E7
1324;63 / 30;0.0;3.999626089E7
1325;63 / 30;0.0;3.999598244E7
1326;63 / 30;0.0;3.999633982E7
1327;63 / 30;0.0;3.999596882E7
1328;63 / 30;0.0;3.999595142E7
1329;63 / 30;0.0;3.999617569E7
1330;63 / 30;0.0;4.000234643E7
1331;63 / 30;0.0;3.999624187E7
1332;63 / 30;0.0;3.999615213E7
1333;63 / 31;0.0;3.999621066E7
1334;63 / 31;0.0;3.999620448E7
1335;63 / 31;0.0;3.999610916E7
1336;63 / 31;0.0;3.999609768E7
1337;63 / 31;0.0;3.999599211E7
1338;63 / 31;0.0;3.999612586E7
1339;63 / 31;0.0;3.999601213E7
1340;63 / 31;0.0;3.999600082E7
1341;63 / 31;0.0;3.999605546E7
1342;63 / 31;0.0;3.999613558E7
1343;63 / 32;0.0;3.999608076E7
1344;63 / 32;0.0;3.999603201E7
1345;63 / 32;0.0;3.999622421E7
1346;63 / 32;0.0;3.999613922E7
1347;63 / 32;0.0;3.999611119E7
1348;63 / 32;0.0;3.999610836E7
1349;63 / 32;0.0;3.999608161E7
1350;63 / 32;0.0;3.999623152E7
1351;63 / 32;0.0;3.999604404E7
1352;63 / 32;0.0;3.999617623E7
1353;63 / 33;0.0;3.999602985E7
1354;63 / 33;0.0;3.999610847E7
1355;63 / 33;0.0;3.999618706E7
1356;63 / 33;0.0;3.999606714E7
1357;63 / 33;0.0;3.99962056E7
1358;63 / 33;0.0;3.999611296E7
1359;63 / 33;0.0;3.999620143E7
1360;63 / 33;0.0;3.999613085E7
1361;63 / 33;0.0;3.999612281E7
1362;63 / 33;0.0;3.999615383E7
1363;63 / 34;0.0;3.999611691E7
1364;63 / 34;0.0;3.999613584E7
1365;63 / 34;0.0;3.999592372E7
1366;63 / 34;0.0;3.999620573E7
1367;63 / 34;0.0;3.999598671E7
1368;63 / 34;0.0;3.999608064E7
1369;63 / 34;0.0;3.999597196E7
1370;63 / 34;0.0;3.999599549E7
1371;63 / 34;0.0;3.999613234E7
1372;63 / 34;0.0;3.999613652E7
1373;63 / 35;0.0;3.999603511E7
1374;63 / 35;0.0;3.999608206E7
1375;63 / 35;0.0;3.999611094E7
1376;63 / 35;0.0;3.999605523E7
1377;63 / 35;0.0;3.999603678E7
1378;63 / 35;0.0;3.999605476E7
1379;63 / 35;0.0;3.999612484E7
1380;63 / 35;0.0;3.999599275E7
1381;63 / 35;0.0;3.999603543E7
1382;63 / 35;0.0;3.999608007E7
1383;63 / 36;0.0;3.999608469E7
1384;63 / 36;0.0;3.999603983E7
1385;63 / 36;0.0;3.999617403E7
1386;63 / 36;0.0;3.999605982E7
1387;63 / 36;0.0;3.999596611E7
1388;63 / 36;0.0;3.999601436E7
1389;63 / 36;0.0;3.999607006E7
1390;63 / 36;0.0;3.999600603E7
1391;63 / 36;0.0;3.999621793E7
1392;63 / 36;0.0;3.999615816E7
1393;63 / 37;0.0;3.999630836E7
1394;63 / 37;0.0;3.999593144E7
1395;63 / 37;0.0;3.999604193E7
1396;63 / 37;0.0;3.999598306E7
1397;63 / 37;0.0;3.99961641E7
1398;63 / 37;0.0;3.999592301E7
1399;63 / 37;0.0;3.99960626E7
1400;63 / 37;0.0;3.999598604E7
1401;63 / 37;0.0;3.999626892E7
1402;63 / 37;0.0;3.999610228E7
1403;63 / 38;0.0;3.999605891E7
1404;63 / 38;0.0;3.999605761E7
1405;63 / 38;0.0;3.999607612E7
1406;63 / 38;0.0;3.999599548E7
1407;63 / 38;0.0;3.999595629E7
1408;63 / 38;0.0;3.99960791E7
1409;63 / 38;0.0;3.999600232E7
1410;63 / 38;0.0;3.999616517E7
1411;63 / 38;0.0;3.999591742E7
1412;63 / 38;0.0;3.999608882E7
1413;63 / 39;0.0;3.999599842E7
1414;63 / 39;0.0;3.999605388E7
1415;63 / 39;0.0;3.999602455E7
1416;63 / 39;0.0;3.99961687E7
1417;63 / 39;0.0;3.999610212E7
1418;63 / 39;0.0;3.999598132E7
1419;63 / 39;0.0;3.999595086E7
1420;63 / 39;0.0;3.999608215E7
1421;63 / 39;0.0;3.999603276E7
1422;63 / 39;0.0;3.999591018E7
1423;63 / 40;0.0;3.999604313E7
1424;63 / 40;0.0;3.999598672E7
1425;63 / 40;0.0;3.999584794E7
1426;63 / 40;0.0;3.999608758E7
1427;63 / 40;0.0;3.999605261E7
1428;63 / 40;0.0;3.999606672E7
1429;63 / 40;0.0;3.999590424E7
1430;63 / 40;0.0;3.999609168E7
1431;63 / 40;0.0;3.999598871E7
1432;63 / 40;0.0;3.999593092E7
1433;63 / 41;0.0;3.999602555E7
1434;63 / 41;0.0;3.999612299E7
1435;63 / 41;0.0;3.999594607E7
1436;63 / 41;0.0;3.999610442E7
1437;63 / 41;0.0;3.999615023E7
1438;63 / 41;0.0;3.999604939E7
1439;63 / 41;0.0;3.99958808E7
1440;63 / 41;0.0;3.999595086E7
1441;63 / 41;0.0;3.999594334E7
1442;63 / 41;0.0;3.999606631E7
1443;63 / 42;0.0;3.999590752E7
1444;63 / 42;0.0;3.999603808E7
1445;63 / 42;0.0;3.999607627E7
1446;63 / 42;0.0;3.999612857E7
1447;63 / 42;0.0;3.999591149E7
1448;63 / 42;0.0;3.999585918E7
1449;63 / 42;0.0;3.999594881E7
1450;63 / 42;0.0;3.999597489E7
1451;63 / 42;0.0;3.99960837E7
1452;63 / 42;0.0;3.999600065E7
1453;63 / 43;0.0;3.999588031E7
1454;63 / 43;0.0;3.999596226E7
1455;63 / 43;0.0;3.999596962E7
1456;63 / 43;0.0;3.999604484E7
1457;63 / 43;0.0;3.999605009E7
1458;63 / 43;0.0;3.999595319E7
1459;63 / 43;0.0;3.999602282E7
1460;63 / 43;0.0;3.99959997E7
1461;63 / 43;0.0;3.999601314E7
1462;63 / 43;0.0;3.999595247E7
1463;63 / 44;0.0;3.999585825E7
1464;63 / 44;0.0;3.99959083E7
1465;63 / 44;0.0;3.999591344E7
1466;63 / 44;0.0;3.999592807E7
1467;63 / 44;0.0;3.999594312E7
1468;63 / 44;0.0;3.999597187E7
1469;63 / 44;0.0;3.999598543E7
1470;63 / 44;0.0;3.999592721E7
1471;63 / 44;0.0;3.999598272E7
1472;63 / 44;0.0;3.999588204E7
1473;63 / 45;0.0;3.999590917E7
1474;63 / 45;0.0;3.999586864E7
1475;63 / 45;0.0;3.999593015E7
1476;63 / 45;0.0;3.999613727E7
1477;63 / 45;0.0;3.999587732E7
1478;63 / 45;0.0;3.999606931E7
1479;63 / 45;0.0;3.999595081E7
1480;63 / 45;0.0;3.999588724E7
1481;63 / 45;0.0;3.999597899E7
1482;63 / 45;0.0;3.999600371E7
1483;63 / 46;0.0;3.999582655E7
1484;63 / 46;0.0;3.999592192E7
1485;63 / 46;0.0;3.999604876E7
1486;63 / 46;0.0;3.999601663E7
1487;63 / 46;0.0;3.999595061E7
1488;63 / 46;0.0;3.999596884E7
1489;63 / 46;0.0;3.999562679E7
1490;63 / 46;0.0;3.999603066E7
1491;63 / 46;0.0;3.999597686E7
1492;63 / 46;0.0;3.999572974E7
1493;63 / 47;0.0;3.999595556E7
1494;63 / 47;0.0;3.999604187E7
1495;63 / 47;0.0;3.999585423E7
1496;63 / 47;0.0;3.999592936E7
1497;63 / 47;0.0;3.999588219E7
1498;63 / 47;0.0;3.999588694E7
1499;63 / 47;0.0;3.999582123E7
1500;63 / 47;0.0;3.999596596E7
1501;63 / 47;0.0;3.999590184E7
1502;63 / 47;0.0;3.999597112E7
1503;63 / 48;0.0;4.00040245E7
1504;63 / 48;0.0;3.999611013E7
1505;63 / 48;0.0;3.999601098E7
1506;63 / 48;0.0;3.999598905E7
1507;63 / 48;0.0;3.99959946E7
1508;63 / 48;0.0;3.999590408E7
1509;63 / 48;0.0;3.99960243E7
1510;63 / 48;0.0;3.999610453E7
1511;63 / 48;0.0;3.999588311E7
1512;63 / 48;0.0;3.999598111E7
1513;63 / 49;0.0;3.999596327E7
1514;63 / 49;0.0;3.999601023E7
1515;63 / 49;0.0;3.999597078E7
1516;63 / 49;0.0;3.999602525E7
1517;63 / 49;0.0;3.999581867E7
1518;63 / 49;0.0;3.999591189E7
1519;63 / 49;0.0;3.999586571E7
1520;63 / 49;0.0;3.999598404E7
1521;63 / 49;0.0;3.999602316E7
1522;63 / 49;0.0;3.999598895E7
1523;63 / 50;0.0;3.999582922E7
1524;63 / 50;0.0;3.999604819E7
1525;63 / 50;0.0;3.999594566E7
1526;63 / 50;0.0;3.999601117E7
1527;63 / 50;0.0;3.999588034E7
1528;63 / 50;0.0;3.999596221E7
1529;63 / 50;0.0;3.999593998E7
1530;63 / 50;0.0;3.999582092E7
1531;63 / 50;0.0;3.999597415E7
1532;63 / 50;0.0;3.999593058E7
1533;63 / 51;0.0;3.999593601E7
1534;63 / 51;0.0;3.999590557E7
1535;63 / 51;0.0;3.999594333E7
1536;63 / 51;0.0;3.999586579E7
1537;63 / 51;0.0;3.999586896E7
1538;63 / 51;0.0;3.999585343E7
1539;63 / 51;0.0;3.99959385E7
1540;63 / 51;0.0;3.999598084E7
1541;63 / 51;0.0;3.999590122E7
1542;63 / 51;0.0;3.999590886E7
1543;63 / 52;0.0;3.999592272E7
1544;63 / 52;0.0;3.999577896E7
1545;63 / 52;0.0;3.999585604E7
1546;63 / 52;0.0;3.999596001E7
1547;63 / 52;0.0;3.999592156E7
1548;63 / 52;0.0;3.999587278E7
1549;63 / 52;0.0;3.999584927E7
1550;63 / 52;0.0;3.999593502E7
1551;63 / 52;0.0;3.999581172E7
1552;63 / 52;0.0;3.999590726E7
1553;63 / 53;0.0;3.999599633E7
1554;63 / 53;0.0;3.999588578E7
1555;63 / 53;0.0;3.99958649E7
1556;63 / 53;0.0;3.999583293E7
1557;63 / 53;0.0;3.999597728E7
1558;63 / 53;0.0;3.999582999E7
1559;63 / 53;0.0;3.999585004E7
1560;63 / 53;0.0;3.999595953E7
1561;63 / 53;0.0;3.999600987E7
1562;63 / 53;0.0;3.999587491E7
1563;63 / 54;0.0;3.999582732E7
1564;63 / 54;0.0;3.999591705E7
1565;63 / 54;0.0;3.999599141E7
1566;63 / 54;0.0;3.999587231E7
1567;63 / 54;0.0;3.999588253E7
1568;63 / 54;0.0;3.999590549E7
1569;63 / 54;0.0;3.999579815E7
1570;63 / 54;0.0;3.999587957E7
1571;63 / 54;0.0;3.999587652E7
1572;63 / 54;0.0;3.999600103E7
1573;63 / 55;0.0;3.999591809E7
1574;63 / 55;0.0;3.999590814E7
1575;63 / 55;0.0;3.999582761E7
1576;63 / 55;0.0;3.999589895E7
1577;63 / 55;0.0;3.999593748E7
1578;63 / 55;0.0;3.999565733E7
1579;63 / 55;0.0;3.999580325E7
1580;63 / 55;0.0;3.999586605E7
1581;63 / 55;0.0;3.999592395E7
1582;63 / 55;0.0;3.999586102E7
1583;63 / 56;0.0;3.999584278E7
1584;63 / 56;0.0;3.999586314E7
1585;63 / 56;0.0;3.999592272E7
1586;63 / 56;0.0;3.999572343E7
1587;63 / 56;0.0;3.999588652E7
1588;63 / 56;0.0;3.999586861E7
1589;63 / 56;0.0;3.999592303E7
1590;63 / 56;0.0;3.999580251E7
1591;63 / 56;0.0;3.999583E7
1592;63 / 56;0.0;3.999593309E7
1593;63 / 57;0.0;3.99957588E7
1594;63 / 57;0.0;3.999576622E7
1595;63 / 57;0.0;3.999588842E7
1596;63 / 57;0.0;3.999581604E7
1597;63 / 57;0.0;3.999583268E7
1598;63 / 57;0.0;3.999578472E7
1599;63 / 57;0.0;3.999584707E7
1600;63 / 57;0.0;3.999585228E7
1601;63 / 57;0.0;3.999589747E7
1602;63 / 57;0.0;3.999584565E7
1603;63 / 58;0.0;3.999591571E7
1604;63 / 58;0.0;3.999571667E7
1605;63 / 58;0.0;3.999587011E7
1606;63 / 58;0.0;3.999583736E7
1607;63 / 58;0.0;3.999567077E7
1608;63 / 58;0.0;3.999586182E7
1609;63 / 58;0.0;3.999593769E7
1610;63 / 58;0.0;3.999599084E7
1611;63 / 58;0.0;3.999568669E7
1612;63 / 58;0.0;3.999573319E7
1613;63 / 59;0.0;3.999572582E7
1614;63 / 59;0.0;3.999589722E7
1615;63 / 59;0.0;3.999579583E7
1616;63 / 59;0.0;3.999580249E7
1617;63 / 59;0.0;3.999587551E7
1618;63 / 59;0.0;3.999586518E7
1619;63 / 59;0.0;3.99957438E7
1620;63 / 59;0.0;3.999587668E7
1621;63 / 59;0.0;3.999581307E7
1622;63 / 59;0.0;3.999577174E7
1623;63 / 60;0.0;3.999582969E7
1624;63 / 60;0.0;3.999588403E7
1625;63 / 60;0.0;3.999579681E7
1626;63 / 60;0.0;3.999597768E7
1627;63 / 60;0.0;3.999585513E7
1628;63 / 60;0.0;3.999575264E7
1629;63 / 60;0.0;3.999578988E7
1630;63 / 60;0.0;3.999573121E7
1631;63 / 60;0.0;3.999578775E7
1632;63 / 60;0.0;3.999577917E7
1633;63 / 61;0.0;3.99957862E7
1634;63 / 61;0.0;3.999587865E7
1635;63 / 61;0.0;3.999594428E7
1636;63 / 61;0.0;3.999578652E7
1637;63 / 61;0.0;3.999592552E7
1638;63 / 61;0.0;3.99957243E7
1639;63 / 61;0.0;3.999587939E7
1640;63 / 61;0.0;3.99957877E7
1641;63 / 61;0.0;3.999585106E7
1642;63 / 61;0.0;3.999590815E7
1643;63 / 62;0.0;3.99958474E7
1644;63 / 62;0.0;3.999581743E7
1645;63 / 62;0.0;3.999575669E7
1646;63 / 62;0.0;3.999584159E7
1647;63 / 62;0.0;3.999574232E7
1648;63 / 62;0.0;3.999566923E7
1649;63 / 62;0.0;3.999579474E7
1650;63 / 62;0.0;3.99955218E7
1651;63 / 62;0.0;3.99959354E7
1652;63 / 62;0.0;3.999581065E7
1653;63 / 63;0.0;3.999581908E7
1654;63 / 63;0.0;3.999578384E7
1655;63 / 63;0.0;3.99957971E7
1656;63 / 63;0.0;3.999569557E7
1657;63 / 63;0.0;3.999580591E7
1658;63 / 63;0.0;3.999571857E7
1659;63 / 63;0.0;3.999577194E7
1660;63 / 63;0.0;3.999580446E7
1661;63 / 63;0.0;3.999588407E7
1662;63 / 63;0.0;3.999570364E7
1663;63 / 64;0.0;3.999574561E7
1664;63 / 64;0.0;3.999572054E7
1665;63 / 64;0.0;3.99959418E7
1666;63 / 64;0.0;3.999576485E7
1667;63 / 64;0.0;3.999584662E7
1668;63 / 64;0.0;3.999587585E7
1669;63 / 64;0.0;3.999579059E7
1670;63 / 64;0.0;3.999575132E7
1671;63 / 64;0.0;3.99957671E7
1672;63 / 64;0.0;3.999572513E7
1673;63 / 65;0.0;3.999581531E7
1674;63 / 65;0.0;3.999585243E7
1675;63 / 65;0.0;3.999568984E7
1676;63 / 65;0.0;3.999585307E7
1677;63 / 65;0.0;3.999578033E7
1678;63 / 65;0.0;3.999572413E7
1679;63 / 65;0.0;3.999580821E7
1680;63 / 65;0.0;3.999586428E7
1681;63 / 65;0.0;3.999580344E7
1682;63 / 65;0.0;3.999591642E7
1683;63 / 66;0.0;3.999582073E7
1684;63 / 66;0.0;3.999574846E7
1685;63 / 66;0.0;3.999595468E7
1686;63 / 66;0.0;3.999570935E7
1687;63 / 66;0.0;3.999576362E7
1688;63 / 66;0.0;3.999582547E7
1689;63 / 66;0.0;3.999582258E7
1690;63 / 66;0.0;3.999565668E7
1691;63 / 66;0.0;3.999572863E7
1692;63 / 66;0.0;3.999584373E7
1693;63 / 67;0.0;3.999570958E7
1694;63 / 67;0.0;3.999576871E7
1695;63 / 67;0.0;3.999576844E7
1696;63 / 67;0.0;3.999581549E7
1697;63 / 67;0.0;3.999579798E7
1698;63 / 67;0.0;3.999585582E7
1699;63 / 67;0.0;3.999571838E7
1700;63 / 67;0.0;3.999577174E7
1701;63 / 67;0.0;3.999577149E7
1702;63 / 67;0.0;3.999577613E7
1703;63 / 68;0.0;3.999570712E7
1704;63 / 68;0.0;3.999573341E7
1705;63 / 68;0.0;3.99957087E7
1706;63 / 68;0.0;3.999577284E7
1707;63 / 68;0.0;3.999562583E7
1708;63 / 68;0.0;3.999569591E7
1709;63 / 68;0.0;3.999573424E7
1710;63 / 68;0.0;3.999581705E7
1711;63 / 68;0.0;3.999577334E7
1712;63 / 68;0.0;3.999579787E7
1713;63 / 69;0.0;3.999576412E7
1714;63 / 69;0.0;3.999576049E7
1715;63 / 69;0.0;3.999577003E7
1716;63 / 69;0.0;3.999583332E7
1717;63 / 69;0.0;3.999582494E7
1718;63 / 69;0.0;3.999573091E7
1719;63 / 69;0.0;3.999577825E7
1720;63 / 69;0.0;3.999568921E7
1721;63 / 69;0.0;3.999572185E7
1722;63 / 69;0.0;3.999579403E7
1723;63 / 70;0.0;3.999577063E7
1724;63 / 70;0.0;3.99957991E7
1725;63 / 70;0.0;3.999573509E7
1726;63 / 70;0.0;3.999576168E7
1727;63 / 70;0.0;3.999570764E7
1728;63 / 70;0.0;3.999567121E7
1729;63 / 70;0.0;3.999573172E7
1730;63 / 70;0.0;3.999569089E7
1731;63 / 70;0.0;3.999561038E7
1732;63 / 70;0.0;3.9995621E7
1733;63 / 71;0.0;3.999575895E7
1734;63 / 71;0.0;3.999560287E7
1735;63 / 71;0.0;3.999578481E7
1736;63 / 71;0.0;3.999572094E7
1737;63 / 71;0.0;3.999562449E7
1738;63 / 71;0.0;3.999558499E7
1739;63 / 71;0.0;3.999575024E7
1740;63 / 71;0.0;3.999562066E7
1741;63 / 71;0.0;3.999572758E7
1742;63 / 71;0.0;3.999574415E7
1743;63 / 72;0.0;3.999572862E7
1744;63 / 72;0.0;3.999568656E7
1745;63 / 72;0.0;3.999576256E7
1746;63 / 72;0.0;3.999573647E7
1747;63 / 72;0.0;3.99957198E7
1748;63 / 72;0.0;3.999575063E7
1749;63 / 72;0.0;3.99957526E7
1750;63 / 72;0.0;3.999565417E7
1751;63 / 72;0.0;3.999576962E7
1752;63 / 72;0.0;3.999569602E7
1753;63 / 73;0.0;3.999577762E7
1754;63 / 73;0.0;3.999573195E7
1755;63 / 73;0.0;3.999571143E7
1756;63 / 73;0.0;3.999566284E7
1757;63 / 73;0.0;3.999572502E7
1758;63 / 73;0.0;3.999569463E7
1759;63 / 73;0.0;3.999574803E7
1760;63 / 73;0.0;3.999570175E7
1761;63 / 73;0.0;3.999573189E7
1762;63 / 73;0.0;3.999564137E7
1763;63 / 74;0.0;3.999571758E7
1764;63 / 74;0.0;3.999569763E7
1765;63 / 74;0.0;3.999566146E7
1766;63 / 74;0.0;3.999560351E7
1767;63 / 74;0.0;3.999579412E7
1768;63 / 74;0.0;3.999570763E7
1769;63 / 74;0.0;3.998942101E7
1770;63 / 74;0.0;3.999562113E7
1771;63 / 74;0.0;3.999565379E7
1772;63 / 74;0.0;3.999561788E7
1773;63 / 75;0.0;3.999569608E7
1774;63 / 75;0.0;3.999564775E7
1775;63 / 75;0.0;3.999552977E7
1776;63 / 75;0.0;3.99957165E7
1777;63 / 75;0.0;3.999561225E7
1778;63 / 75;0.0;3.999558163E7
1779;63 / 75;0.0;3.999561509E7
1780;63 / 75;0.0;3.999569485E7
1781;63 / 75;0.0;3.999557753E7
1782;63 / 75;0.0;3.99956249E7
1783;63 / 76;0.0;3.999571347E7
1784;63 / 76;0.0;3.999567767E7
1785;63 / 76;0.0;3.999574296E7
1786;63 / 76;0.0;3.999583838E7
1787;63 / 76;0.0;3.999565964E7
1788;63 / 76;0.0;3.999564913E7
1789;63 / 76;0.0;3.999567155E7
1790;63 / 76;0.0;3.999582451E7
1791;63 / 76;0.0;3.999564224E7
1792;63 / 76;0.0;3.999585998E7
1793;63 / 77;0.0;3.999562447E7
1794;63 / 77;0.0;3.99957001E7
1795;63 / 77;0.0;3.999566376E7
1796;63 / 77;0.0;3.999570826E7
1797;63 / 77;0.0;3.999552542E7
1798;63 / 77;0.0;3.999582542E7
1799;63 / 77;0.0;3.999571979E7
1800;63 / 77;0.0;3.999571191E7
1801;63 / 77;0.0;3.999573582E7
1802;63 / 77;0.0;3.999570879E7
1803;63 / 78;0.0;3.999569497E7
1804;63 / 78;0.0;3.999570443E7
1805;63 / 78;0.0;3.999572061E7
1806;63 / 78;0.0;3.999557749E7
1807;63 / 78;0.0;3.999556364E7
1808;63 / 78;0.0;3.999567056E7
1809;63 / 78;0.0;3.99957166E7
1810;63 / 78;0.0;3.999570153E7
1811;63 / 78;0.0;3.999558411E7
1812;63 / 78;0.0;3.999563622E7
1813;63 / 79;0.0;3.999578697E7
1814;63 / 79;0.0;3.999570787E7
1815;63 / 79;0.0;3.999561382E7
1816;63 / 79;0.0;3.999553028E7
1817;63 / 79;0.0;3.999567838E7
1818;63 / 79;0.0;3.999555808E7
1819;63 / 79;0.0;3.999569326E7
1820;63 / 79;0.0;3.999567065E7
1821;63 / 79;0.0;3.999560892E7
1822;63 / 79;0.0;3.999561747E7
1823;63 / 80;0.0;3.999554214E7
1824;63 / 80;0.0;3.999556285E7
1825;63 / 80;0.0;3.999582751E7
1826;63 / 80;0.0;3.999569546E7
1827;63 / 80;0.0;3.999561845E7
1828;63 / 80;0.0;3.999554285E7
1829;63 / 80;0.0;3.999571021E7
1830;63 / 80;0.0;3.999560837E7
1831;63 / 80;0.0;3.999559088E7
1832;63 / 80;0.0;3.999564856E7
1833;63 / 81;0.0;3.999567168E7
1834;63 / 81;0.0;3.999564981E7
1835;63 / 81;0.0;3.999574322E7
1836;63 / 81;0.0;3.999577328E7
1837;63 / 81;0.0;3.999560168E7
1838;63 / 81;0.0;3.999560376E7
1839;63 / 81;0.0;3.999558554E7
1840;63 / 81;0.0;3.999561213E7
1841;63 / 81;0.0;3.999554968E7
1842;63 / 81;0.0;3.999568817E7
1843;63 / 82;0.0;3.999563159E7
1844;63 / 82;0.0;3.999549574E7
1845;63 / 82;0.0;3.999563546E7
1846;63 / 82;0.0;3.999551878E7
1847;63 / 82;0.0;3.999563142E7
1848;63 / 82;0.0;3.999568866E7
1849;63 / 82;0.0;3.999558708E7
1850;63 / 82;0.0;3.999558669E7
1851;63 / 82;0.0;3.999571974E7
1852;63 / 82;0.0;3.999562515E7
1853;63 / 83;0.0;3.999560948E7
1854;63 / 83;0.0;3.999557945E7
1855;63 / 83;0.0;3.999564074E7
1856;63 / 83;0.0;3.999543145E7
1857;63 / 83;0.0;3.999562112E7
1858;63 / 83;0.0;3.999553821E7
1859;63 / 83;0.0;3.999559295E7
1860;63 / 83;0.0;3.999568103E7
1861;63 / 83;0.0;3.999564687E7
1862;63 / 83;0.0;3.99956341E7
1863;63 / 84;0.0;3.999558525E7
1864;63 / 84;0.0;3.999568608E7
1865;63 / 84;0.0;3.999560335E7
1866;63 / 84;0.0;3.999563541E7
1867;63 / 84;0.0;3.999565861E7
1868;63 / 84;0.0;3.999556642E7
1869;63 / 84;0.0;3.999558573E7
1870;63 / 84;0.0;3.999550006E7
1871;63 / 84;0.0;3.999550406E7
1872;63 / 84;0.0;3.999545616E7
1873;63 / 85;0.0;3.999550847E7
1874;63 / 85;0.0;3.999559303E7
1875;63 / 85;0.0;3.999563412E7
1876;63 / 85;0.0;3.99956069E7
1877;63 / 85;0.0;3.999563438E7
1878;63 / 85;0.0;3.999550532E7
1879;63 / 85;0.0;3.999559247E7
1880;63 / 85;0.0;3.999557782E7
1881;63 / 85;0.0;3.999560539E7
1882;63 / 85;0.0;3.999549514E7
1883;63 / 86;0.0;3.999557675E7
1884;63 / 86;0.0;3.999551675E7
1885;63 / 86;0.0;3.999565071E7
1886;63 / 86;0.0;3.999565912E7
1887;63 / 86;0.0;3.999553006E7
1888;63 / 86;0.0;3.999564241E7
1889;63 / 86;0.0;3.99954609E7
1890;63 / 86;0.0;3.999550084E7
1891;63 / 86;0.0;3.999555952E7
1892;63 / 86;0.0;3.999557898E7
1893;63 / 87;0.0;3.999568083E7
1894;63 / 87;0.0;3.999555296E7
1895;63 / 87;0.0;3.999555919E7
1896;63 / 87;0.0;3.999564429E7
1897;63 / 87;0.0;3.999557296E7
1898;63 / 87;0.0;3.999557416E7
1899;63 / 87;0.0;3.999569218E7
1900;63 / 87;0.0;3.999566228E7
1901;63 / 87;0.0;3.999562215E7
1902;63 / 87;0.0;3.999557283E7
1903;63 / 88;0.0;3.99955444E7
1904;63 / 88;0.0;3.999568493E7
1905;63 / 88;0.0;3.999553423E7
1906;63 / 88;0.0;3.999552424E7
1907;63 / 88;0.0;3.999561848E7
1908;63 / 88;0.0;3.999556615E7
1909;63 / 88;0.0;3.9995514E7
1910;63 / 88;0.0;3.999575215E7
1911;63 / 88;0.0;3.999555857E7
1912;63 / 88;0.0;3.999549855E7
1913;63 / 89;0.0;3.999549678E7
1914;63 / 89;0.0;3.99955218E7
1915;63 / 89;0.0;3.999543072E7
1916;63 / 89;0.0;3.999545997E7
1917;63 / 89;0.0;3.999556231E7
1918;63 / 89;0.0;3.999551407E7
1919;63 / 89;0.0;3.999545185E7
1920;63 / 89;0.0;3.999539797E7
1921;63 / 89;0.0;3.999553788E7
1922;63 / 89;0.0;3.999561215E7
1923;63 / 90;0.0;3.999550825E7
1924;63 / 90;0.0;3.999552244E7
1925;63 / 90;0.0;3.999555708E7
1926;63 / 90;0.0;3.99956369E7
1927;63 / 90;0.0;3.999569493E7
1928;63 / 90;0.0;3.998598729E7
1929;63 / 90;0.0;3.999556344E7
1930;63 / 90;0.0;3.999542628E7
1931;63 / 90;0.0;3.999546806E7
1932;63 / 90;0.0;3.999575815E7
1933;63 / 91;0.0;3.999558453E7
1934;63 / 91;0.0;3.999552276E7
1935;63 / 91;0.0;3.999564539E7
1936;63 / 91;0.0;3.999547383E7
1937;63 / 91;0.0;3.999549857E7
1938;63 / 91;0.0;3.999553615E7
1939;63 / 91;0.0;3.999561454E7
1940;63 / 91;0.0;3.999552416E7
1941;63 / 91;0.0;3.999560881E7
1942;63 / 91;0.0;3.999555474E7
1943;63 / 92;0.0;3.999542284E7
1944;63 / 92;0.0;3.999547858E7
1945;63 / 92;0.0;3.999544904E7
1946;63 / 92;0.0;3.99954063E7
1947;63 / 92;0.0;3.999555295E7
1948;63 / 92;0.0;3.999549364E7
1949;63 / 92;0.0;3.999549432E7
1950;63 / 92;0.0;3.999537069E7
1951;63 / 92;0.0;3.999553742E7
1952;63 / 92;0.0;3.999542026E7
1953;63 / 93;0.0;3.999559147E7
1954;63 / 93;0.0;3.999557893E7
1955;63 / 93;0.0;3.999546329E7
1956;63 / 93;0.0;3.999548887E7
1957;63 / 93;0.0;3.999544156E7
1958;63 / 93;0.0;3.999551557E7
1959;63 / 93;0.0;3.999551228E7
1960;63 / 93;0.0;3.999564916E7
1961;63 / 93;0.0;3.99955171E7
1962;63 / 93;0.0;3.999549948E7
1963;63 / 94;0.0;3.999542076E7
1964;63 / 94;0.0;3.999551673E7
1965;63 / 94;0.0;3.99954577E7
1966;63 / 94;0.0;3.999542912E7
1967;63 / 94;0.0;3.999558979E7
1968;63 / 94;0.0;3.999539351E7
1969;63 / 94;0.0;3.99954308E7
1970;63 / 94;0.0;3.999534535E7
1971;63 / 94;0.0;3.999549329E7
1972;63 / 94;0.0;3.999543151E7
1973;63 / 95;0.0;3.999548263E7
1974;63 / 95;0.0;3.99955656E7
1975;63 / 95;0.0;3.999512314E7
1976;63 / 95;0.0;3.999559316E7
1977;63 / 95;0.0;3.999548345E7
1978;63 / 95;0.0;3.999531802E7
1979;63 / 95;0.0;3.999551906E7
1980;63 / 95;0.0;3.999537157E7
1981;63 / 95;0.0;3.99952578E7
1982;63 / 95;0.0;3.999547429E7
1983;63 / 96;0.0;3.999521895E7
1984;63 / 96;0.0;3.999541205E7
1985;63 / 96;0.0;3.999544054E7
1986;63 / 96;0.0;3.999559078E7
1987;63 / 96;0.0;3.999554173E7
1988;63 / 96;0.0;3.999555239E7
1989;63 / 96;0.0;3.999544319E7
1990;63 / 96;0.0;3.99955134E7
1991;63 / 96;0.0;3.999542085E7
1992;63 / 96;0.0;3.999552133E7
1993;63 / 97;0.0;3.999554921E7
1994;63 / 97;0.0;3.999540043E7
1995;63 / 97;0.0;3.999534414E7
1996;63 / 97;0.0;3.999561374E7
1997;63 / 97;0.0;3.999550628E7
1998;63 / 97;0.0;3.999548824E7
1999;63 / 97;0.0;3.999542137E7
2000;63 / 97;0.0;3.999528913E7
2001;63 / 97;0.0;3.999558539E7
2002;63 / 97;0.0;3.999539558E7
2003;63 / 98;0.0;3.999547227E7
2004;63 / 98;0.0;3.999554957E7
2005;63 / 98;0.0;3.999554408E7
2006;63 / 98;0.0;3.999540131E7
2007;63 / 98;0.0;3.999545051E7
2008;63 / 98;0.0;3.999542852E7
2009;63 / 98;0.0;3.999545211E7
2010;63 / 98;0.0;3.999556403E7
2011;63 / 98;0.0;3.999548762E7
2012;63 / 98;0.0;3.999540776E7
2013;63 / 99;0.0;3.999558879E7
2014;63 / 99;0.0;3.999542274E7
2015;63 / 99;0.0;3.999545461E7
2016;63 / 99;0.0;3.999542037E7
2017;63 / 99;0.0;3.999539978E7
2018;63 / 99;0.0;3.999550035E7
2019;63 / 99;0.0;3.999542699E7
2020;63 / 99;0.0;3.999540646E7
2021;63 / 99;0.0;3.999544175E7
2022;63 / 99;0.0;3.999544185E7
2023;63 / 100;0.0;3.999548139E7
2024;63 / 100;0.0;3.999552355E7
2025;63 / 100;0.0;3.999530299E7
2026;63 / 100;0.0;3.999541581E7
2027;63 / 100;0.0;3.999532465E7
2028;63 / 100;0.0;3.999544618E7
2029;63 / 100;0.0;3.999542331E7
2030;63 / 100;0.0;3.999534405E7
2031;63 / 100;0.0;3.999536509E7
2032;63 / 100;0.0;3.999540674E7
2033;63 / 101;0.0;3.999538554E7
2034;63 / 101;0.0;3.999528029E7
2035;63 / 101;0.0;3.99954643E7
2036;63 / 101;0.0;3.999541398E7
2037;63 / 101;0.0;3.999542379E7
2038;63 / 101;0.0;3.999541158E7
2039;63 / 101;0.0;3.999535214E7
2040;63 / 101;0.0;3.999541153E7
2041;63 / 101;0.0;3.999541156E7
2042;63 / 101;0.0;3.999547074E7
2043;63 / 102;0.0;3.999545609E7
2044;63 / 102;0.0;3.999531657E7
2045;63 / 102;0.0;3.99954489E7
2046;63 / 102;0.0;3.999542615E7
