0;63 - -102;0.0;3.999773623E7
1;63 - -102;0.0;3.99974455E7
2;63 - -102;0.0;3.99975393E7
3;63 - -102;0.0;3.999751982E7
4;63 - -102;0.0;3.999755638E7
5;63 - -101;0.0;3.999753059E7
6;63 - -101;0.0;3.999753239E7
7;63 - -101;0.0;3.999747205E7
8;63 - -101;0.0;3.999756349E7
9;63 - -101;0.0;3.999750717E7
10;63 - -101;0.0;3.999749251E7
11;63 - -101;0.0;3.999751856E7
12;63 - -101;0.0;3.99974896E7
13;63 - -101;0.0;3.999754987E7
14;63 - -101;0.0;3.999748934E7
15;63 - -100;0.0;3.999694611E7
16;63 - -100;0.0;3.999759177E7
17;63 - -100;0.0;3.999753914E7
18;63 - -100;0.0;3.999762983E7
19;63 - -100;0.0;3.999749662E7
20;63 - -100;0.0;3.999750766E7
21;63 - -100;0.0;3.999745711E7
22;63 - -100;0.0;3.999753899E7
23;63 - -100;0.0;3.999744422E7
24;63 - -100;0.0;3.999746155E7
25;63 - -99;0.0;3.999746553E7
26;63 - -99;0.0;3.999751163E7
27;63 - -99;0.0;3.999744666E7
28;63 - -99;0.0;3.999747546E7
29;63 - -99;0.0;3.999751242E7
30;63 - -99;0.0;3.999756561E7
31;63 - -99;0.0;3.999773995E7
32;63 - -99;0.0;3.999750513E7
33;63 - -99;0.0;3.999730687E7
34;63 - -99;0.0;3.99975298E7
35;63 - -98;0.0;3.999748378E7
36;63 - -98;0.0;3.999743692E7
37;63 - -98;0.0;3.999737224E7
38;63 - -98;0.0;3.999746245E7
39;63 - -98;0.0;3.999748249E7
40;63 - -98;0.0;3.999746687E7
41;63 - -98;0.0;3.999754812E7
42;63 - -98;0.0;3.999758114E7
43;63 - -98;0.0;3.999741201E7
44;63 - -98;0.0;3.999747629E7
45;63 - -97;0.0;3.9997292E7
46;63 - -97;0.0;3.999741669E7
47;63 - -97;0.0;3.999743458E7
48;63 - -97;0.0;3.999748276E7
49;63 - -97;0.0;3.999751597E7
50;63 - -97;0.0;3.999744992E7
51;63 - -97;0.0;3.999754301E7
52;63 - -97;0.0;3.999740183E7
53;63 - -97;0.0;3.999749465E7
54;63 - -97;0.0;3.999747313E7
55;63 - -96;0.0;3.999744637E7
56;63 - -96;0.0;3.999750788E7
57;63 - -96;0.0;3.999747133E7
58;63 - -96;0.0;3.9997471E7
59;63 - -96;0.0;3.999741731E7
60;63 - -96;0.0;3.999746537E7
61;63 - -96;0.0;3.999742498E7
62;63 - -96;0.0;3.99974529E7
63;63 - -96;0.0;3.999746395E7
64;63 - -96;0.0;3.999733107E7
65;63 - -95;0.0;3.99975075E7
66;63 - -95;0.0;3.999746048E7
67;63 - -95;0.0;3.999751422E7
68;63 - -95;0.0;3.999749763E7
69;63 - -95;0.0;3.999744964E7
70;63 - -95;0.0;3.999737418E7
71;63 - -95;0.0;3.999741751E7
72;63 - -95;0.0;3.999749318E7
73;63 - -95;0.0;3.99973394E7
74;63 - -95;0.0;3.999748934E7
75;63 - -94;0.0;3.999743997E7
76;63 - -94;0.0;3.999749098E7
77;63 - -94;0.0;3.999754445E7
78;63 - -94;0.0;3.999742473E7
79;63 - -94;0.0;3.999739321E7
80;63 - -94;0.0;3.999742859E7
81;63 - -94;0.0;3.999753832E7
82;63 - -94;0.0;3.999745138E7
83;63 - -94;0.0;3.99974788E7
84;63 - -94;0.0;3.999745957E7
85;63 - -93;0.0;3.999743404E7
86;63 - -93;0.0;3.999745821E7
87;63 - -93;0.0;3.999742385E7
88;63 - -93;0.0;3.999746026E7
89;63 - -93;0.0;3.999750411E7
90;63 - -93;0.0;3.999740752E7
91;63 - -93;0.0;3.999718991E7
92;63 - -93;0.0;3.999748932E7
93;63 - -93;0.0;3.999745712E7
94;63 - -93;0.0;3.999741153E7
95;63 - -92;0.0;3.999744352E7
96;63 - -92;0.0;3.99973703E7
97;63 - -92;0.0;3.999739097E7
98;63 - -92;0.0;3.999739923E7
99;63 - -92;0.0;3.99974273E7
100;63 - -92;0.0;3.999743002E7
101;63 - -92;0.0;3.999744396E7
102;63 - -92;0.0;3.99974669E7
103;63 - -92;0.0;3.999740685E7
104;63 - -92;0.0;3.999743424E7
105;63 - -91;0.0;3.999742008E7
106;63 - -91;0.0;3.999740395E7
107;63 - -91;0.0;3.999742452E7
108;63 - -91;0.0;3.999741763E7
109;63 - -91;0.0;3.999742694E7
110;63 - -91;0.0;3.999746627E7
111;63 - -91;0.0;3.999731032E7
112;63 - -91;0.0;3.999735753E7
113;63 - -91;0.0;3.999741475E7
114;63 - -91;0.0;3.999744809E7
115;63 - -90;0.0;3.999751228E7
116;63 - -90;0.0;3.999743216E7
117;63 - -90;0.0;3.99973986E7
118;63 - -90;0.0;3.999729367E7
119;63 - -90;0.0;3.999740473E7
120;63 - -90;0.0;3.999737998E7
121;63 - -90;0.0;3.999733946E7
122;63 - -90;0.0;3.99973914E7
123;63 - -90;0.0;3.999745454E7
124;63 - -90;0.0;3.999732329E7
125;63 - -89;0.0;3.999740355E7
126;63 - -89;0.0;3.99974509E7
127;63 - -89;0.0;3.999742775E7
128;63 - -89;0.0;3.999742358E7
129;63 - -89;0.0;3.999734479E7
130;63 - -89;0.0;3.999747548E7
131;63 - -89;0.0;3.999738663E7
132;63 - -89;0.0;3.999728601E7
133;63 - -89;0.0;3.999741672E7
134;63 - -89;0.0;3.999735189E7
135;63 - -88;0.0;3.999740379E7
136;63 - -88;0.0;3.999096923E7
137;63 - -88;0.0;3.999746739E7
138;63 - -88;0.0;3.99973944E7
139;63 - -88;0.0;3.999740106E7
140;63 - -88;0.0;3.999736861E7
141;63 - -88;0.0;3.999741189E7
142;63 - -88;0.0;3.999742992E7
143;63 - -88;0.0;3.999748603E7
144;63 - -88;0.0;3.999741962E7
145;63 - -87;0.0;3.999725152E7
146;63 - -87;0.0;3.99973888E7
147;63 - -87;0.0;3.999737335E7
148;63 - -87;0.0;3.999735391E7
149;63 - -87;0.0;3.999739081E7
150;63 - -87;0.0;3.999733213E7
151;63 - -87;0.0;3.999740285E7
152;63 - -87;0.0;3.999734639E7
153;63 - -87;0.0;3.999735253E7
154;63 - -87;0.0;3.999733154E7
155;63 - -86;0.0;3.999735968E7
156;63 - -86;0.0;3.999742023E7
157;63 - -86;0.0;3.999734906E7
158;63 - -86;0.0;3.999742334E7
159;63 - -86;0.0;3.999738972E7
160;63 - -86;0.0;3.999733178E7
161;63 - -86;0.0;3.999705364E7
162;63 - -86;0.0;3.999734517E7
163;63 - -86;0.0;3.999738317E7
164;63 - -86;0.0;3.999744439E7
165;63 - -85;0.0;3.999737788E7
166;63 - -85;0.0;3.999720732E7
167;63 - -85;0.0;3.999746229E7
168;63 - -85;0.0;3.999737767E7
169;63 - -85;0.0;3.999733776E7
170;63 - -85;0.0;3.999736789E7
171;63 - -85;0.0;3.999734943E7
172;63 - -85;0.0;3.999734987E7
173;63 - -85;0.0;3.999736527E7
174;63 - -85;0.0;3.999738262E7
175;63 - -84;0.0;3.999738063E7
176;63 - -84;0.0;3.999737646E7
177;63 - -84;0.0;3.999733206E7
178;63 - -84;0.0;3.999731378E7
179;63 - -84;0.0;3.999735171E7
180;63 - -84;0.0;3.9997312E7
181;63 - -84;0.0;3.999732896E7
182;63 - -84;0.0;3.999731072E7
183;63 - -84;0.0;3.999736173E7
184;63 - -84;0.0;3.999740819E7
185;63 - -83;0.0;3.999743359E7
186;63 - -83;0.0;3.999738478E7
187;63 - -83;0.0;3.999725716E7
188;63 - -83;0.0;3.99973563E7
189;63 - -83;0.0;3.999734391E7
190;63 - -83;0.0;3.999732866E7
191;63 - -83;0.0;3.99973633E7
192;63 - -83;0.0;3.999738186E7
193;63 - -83;0.0;3.999742146E7
194;63 - -83;0.0;3.999730553E7
195;63 - -82;0.0;3.999726956E7
196;63 - -82;0.0;3.999736914E7
197;63 - -82;0.0;3.999728778E7
198;63 - -82;0.0;3.999737126E7
199;63 - -82;0.0;3.999710277E7
200;63 - -82;0.0;3.999733383E7
201;63 - -82;0.0;3.999733264E7
202;63 - -82;0.0;3.999724123E7
203;63 - -82;0.0;3.999734339E7
204;63 - -82;0.0;3.999731175E7
205;63 - -81;0.0;3.999731864E7
206;63 - -81;0.0;3.999735468E7
207;63 - -81;0.0;3.999734422E7
208;63 - -81;0.0;3.999729242E7
209;63 - -81;0.0;3.999732065E7
210;63 - -81;0.0;3.999736229E7
211;63 - -81;0.0;3.999731498E7
212;63 - -81;0.0;3.999711647E7
213;63 - -81;0.0;3.999718145E7
214;63 - -81;0.0;3.99971234E7
215;63 - -80;0.0;3.999720679E7
216;63 - -80;0.0;3.999721142E7
217;63 - -80;0.0;3.999732993E7
218;63 - -80;0.0;3.999734778E7
219;63 - -80;0.0;3.999721778E7
220;63 - -80;0.0;3.999706186E7
221;63 - -80;0.0;3.999703728E7
222;63 - -80;0.0;3.999714494E7
223;63 - -80;0.0;3.99971942E7
224;63 - -80;0.0;3.999721848E7
225;63 - -79;0.0;3.999722755E7
226;63 - -79;0.0;3.999733418E7
227;63 - -79;0.0;3.999721419E7
228;63 - -79;0.0;3.999713277E7
229;63 - -79;0.0;3.999712787E7
230;63 - -79;0.0;3.999722843E7
231;63 - -79;0.0;3.999715746E7
232;63 - -79;0.0;3.999722173E7
233;63 - -79;0.0;3.999728511E7
234;63 - -79;0.0;3.999717978E7
235;63 - -78;0.0;3.999723788E7
236;63 - -78;0.0;3.999725482E7
237;63 - -78;0.0;3.999722503E7
238;63 - -78;0.0;3.999709064E7
239;63 - -78;0.0;3.999714652E7
240;63 - -78;0.0;3.999719356E7
241;63 - -78;0.0;3.999717338E7
242;63 - -78;0.0;3.999730412E7
243;63 - -78;0.0;3.999723147E7
244;63 - -78;0.0;3.999716759E7
245;63 - -77;0.0;3.999713332E7
246;63 - -77;0.0;3.999721992E7
247;63 - -77;0.0;3.999717705E7
248;63 - -77;0.0;3.999719848E7
249;63 - -77;0.0;3.999720876E7
250;63 - -77;0.0;3.999722452E7
251;63 - -77;0.0;3.999726259E7
252;63 - -77;0.0;3.999710179E7
253;63 - -77;0.0;3.999717925E7
254;63 - -77;0.0;3.999719744E7
255;63 - -76;0.0;3.999721434E7
256;63 - -76;0.0;3.999723357E7
257;63 - -76;0.0;3.999711356E7
258;63 - -76;0.0;3.999715711E7
259;63 - -76;0.0;3.999712586E7
260;63 - -76;0.0;3.999720595E7
261;63 - -76;0.0;3.999713177E7
262;63 - -76;0.0;3.999720325E7
263;63 - -76;0.0;3.999717207E7
264;63 - -76;0.0;3.999716439E7
265;63 - -75;0.0;3.999717379E7
266;63 - -75;0.0;3.9997107E7
267;63 - -75;0.0;3.999736853E7
268;63 - -75;0.0;3.999716895E7
269;63 - -75;0.0;3.999714787E7
270;63 - -75;0.0;3.999724898E7
271;63 - -75;0.0;3.99971602E7
272;63 - -75;0.0;3.999709736E7
273;63 - -75;0.0;3.99970329E7
274;63 - -75;0.0;3.999717041E7
275;63 - -74;0.0;3.999717144E7
276;63 - -74;0.0;3.999716012E7
277;63 - -74;0.0;3.999723962E7
278;63 - -74;0.0;3.999721369E7
279;63 - -74;0.0;3.999710338E7
280;63 - -74;0.0;3.999711884E7
281;63 - -74;0.0;3.999708829E7
282;63 - -74;0.0;3.999703978E7
283;63 - -74;0.0;3.999707778E7
284;63 - -74;0.0;3.999714576E7
285;63 - -73;0.0;3.999718765E7
286;63 - -73;0.0;3.999717218E7
287;63 - -73;0.0;4.000504758E7
288;63 - -73;0.0;3.99971259E7
289;63 - -73;0.0;3.999708142E7
290;63 - -73;0.0;3.999712866E7
291;63 - -73;0.0;3.999709501E7
292;63 - -73;0.0;3.999729488E7
293;63 - -73;0.0;3.999718101E7
294;63 - -73;0.0;3.999709626E7
295;63 - -72;0.0;3.999716677E7
296;63 - -72;0.0;3.999713155E7
297;63 - -72;0.0;3.999716433E7
298;63 - -72;0.0;3.999719593E7
299;63 - -72;0.0;3.999716647E7
300;63 - -72;0.0;3.999714811E7
301;63 - -72;0.0;3.999711392E7
302;63 - -72;0.0;3.999702744E7
303;63 - -72;0.0;3.999710567E7
304;63 - -72;0.0;3.999711075E7
305;63 - -71;0.0;3.999713805E7
306;63 - -71;0.0;3.999715096E7
307;63 - -71;0.0;3.999715609E7
308;63 - -71;0.0;3.999717427E7
309;63 - -71;0.0;3.999700175E7
310;63 - -71;0.0;3.999709864E7
311;63 - -71;0.0;3.999718453E7
312;63 - -71;0.0;3.999706591E7
313;63 - -71;0.0;3.999729039E7
314;63 - -71;0.0;3.999705705E7
315;63 - -70;0.0;3.999704924E7
316;63 - -70;0.0;3.999707808E7
317;63 - -70;0.0;3.999726049E7
318;63 - -70;0.0;3.999703044E7
319;63 - -70;0.0;3.999696263E7
320;63 - -70;0.0;3.999721862E7
321;63 - -70;0.0;3.999707552E7
322;63 - -70;0.0;3.999702528E7
323;63 - -70;0.0;3.999711364E7
324;63 - -70;0.0;3.999711526E7
325;63 - -69;0.0;3.999703288E7
326;63 - -69;0.0;3.999701073E7
327;63 - -69;0.0;3.99972353E7
328;63 - -69;0.0;3.999695719E7
329;63 - -69;0.0;3.999705083E7
330;63 - -69;0.0;3.99970387E7
331;63 - -69;0.0;3.999712732E7
332;63 - -69;0.0;3.999711746E7
333;63 - -69;0.0;3.999698909E7
334;63 - -69;0.0;3.999728787E7
335;63 - -68;0.0;3.999707598E7
336;63 - -68;0.0;3.999710358E7
337;63 - -68;0.0;3.999701472E7
338;63 - -68;0.0;3.999716261E7
339;63 - -68;0.0;3.999705904E7
340;63 - -68;0.0;3.999705363E7
341;63 - -68;0.0;3.999726165E7
342;63 - -68;0.0;3.999711645E7
343;63 - -68;0.0;3.999711168E7
344;63 - -68;0.0;3.999696803E7
345;63 - -67;0.0;3.99971203E7
346;63 - -67;0.0;3.999694576E7
347;63 - -67;0.0;3.999701397E7
348;63 - -67;0.0;3.999719451E7
349;63 - -67;0.0;3.999704906E7
350;63 - -67;0.0;3.999702191E7
351;63 - -67;0.0;3.999705701E7
352;63 - -67;0.0;3.999717214E7
353;63 - -67;0.0;3.999706496E7
354;63 - -67;0.0;3.999707472E7
355;63 - -66;0.0;3.999705326E7
356;63 - -66;0.0;3.999704515E7
357;63 - -66;0.0;3.999694841E7
358;63 - -66;0.0;3.999704903E7
359;63 - -66;0.0;3.99971705E7
360;63 - -66;0.0;3.999705631E7
361;63 - -66;0.0;3.999693883E7
362;63 - -66;0.0;3.999717238E7
363;63 - -66;0.0;3.999703126E7
364;63 - -66;0.0;3.999696812E7
365;63 - -65;0.0;3.999708153E7
366;63 - -65;0.0;3.99971822E7
367;63 - -65;0.0;3.999711811E7
368;63 - -65;0.0;3.999696217E7
369;63 - -65;0.0;3.999728044E7
370;63 - -65;0.0;3.999706785E7
371;63 - -65;0.0;3.999703838E7
372;63 - -65;0.0;3.999700674E7
373;63 - -65;0.0;3.999708204E7
374;63 - -65;0.0;3.999707587E7
375;63 - -64;0.0;3.999700615E7
376;63 - -64;0.0;3.999726561E7
377;63 - -64;0.0;3.999704896E7
378;63 - -64;0.0;3.999698381E7
379;63 - -64;0.0;3.999696173E7
380;63 - -64;0.0;3.999709219E7
381;63 - -64;0.0;3.99970537E7
382;63 - -64;0.0;3.999683453E7
383;63 - -64;0.0;3.999718892E7
384;63 - -64;0.0;3.999703218E7
385;63 - -63;0.0;3.999701292E7
386;63 - -63;0.0;3.999703444E7
387;63 - -63;0.0;3.999713181E7
388;63 - -63;0.0;3.999710961E7
389;63 - -63;0.0;3.999689142E7
390;63 - -63;0.0;3.999707227E7
391;63 - -63;0.0;3.99969868E7
392;63 - -63;0.0;3.999709609E7
393;63 - -63;0.0;3.999703456E7
394;63 - -63;0.0;3.999710233E7
395;63 - -62;0.0;4.000503401E7
396;63 - -62;0.0;3.999696371E7
397;63 - -62;0.0;3.999714594E7
398;63 - -62;0.0;3.999705302E7
399;63 - -62;0.0;3.999692432E7
400;63 - -62;0.0;3.999701883E7
401;63 - -62;0.0;3.999723833E7
402;63 - -62;0.0;3.999701487E7
403;63 - -62;0.0;3.999693347E7
404;63 - -62;0.0;3.998942464E7
405;63 - -61;0.0;3.99971261E7
406;63 - -61;0.0;3.999697491E7
407;63 - -61;0.0;3.999694793E7
408;63 - -61;0.0;3.999710752E7
409;63 - -61;0.0;3.99969927E7
410;63 - -61;0.0;3.999690012E7
411;63 - -61;0.0;3.99970421E7
412;63 - -61;0.0;3.999696303E7
413;63 - -61;0.0;3.999701019E7
414;63 - -61;0.0;3.999700256E7
415;63 - -60;0.0;3.999703703E7
416;63 - -60;0.0;3.999696002E7
417;63 - -60;0.0;3.999699144E7
418;63 - -60;0.0;3.999703995E7
419;63 - -60;0.0;3.999697538E7
420;63 - -60;0.0;3.999696032E7
421;63 - -60;0.0;3.999700196E7
422;63 - -60;0.0;4.000485936E7
423;63 - -60;0.0;3.999706412E7
424;63 - -60;0.0;3.999683339E7
425;63 - -59;0.0;3.999705114E7
426;63 - -59;0.0;3.999706179E7
427;63 - -59;0.0;3.999705218E7
428;63 - -59;0.0;3.999701513E7
429;63 - -59;0.0;3.999704534E7
430;63 - -59;0.0;3.999703692E7
431;63 - -59;0.0;3.999707915E7
432;63 - -59;0.0;3.999700278E7
433;63 - -59;0.0;3.999701769E7
434;63 - -59;0.0;3.999698653E7
435;63 - -58;0.0;3.999713194E7
436;63 - -58;0.0;3.999686096E7
437;63 - -58;0.0;3.999715936E7
438;63 - -58;0.0;3.9996936E7
439;63 - -58;0.0;3.999695595E7
440;63 - -58;0.0;3.999705081E7
441;63 - -58;0.0;3.999694843E7
442;63 - -58;0.0;3.999713883E7
443;63 - -58;0.0;3.999703419E7
444;63 - -58;0.0;3.999698149E7
445;63 - -57;0.0;3.99969507E7
446;63 - -57;0.0;3.999697265E7
447;63 - -57;0.0;3.99968545E7
448;63 - -57;0.0;3.999703438E7
449;63 - -57;0.0;3.999689534E7
450;63 - -57;0.0;3.999687014E7
451;63 - -57;0.0;3.999708045E7
452;63 - -57;0.0;3.999692752E7
453;63 - -57;0.0;3.999694142E7
454;63 - -57;0.0;3.999698059E7
455;63 - -56;0.0;3.999696456E7
456;63 - -56;0.0;3.999699962E7
457;63 - -56;0.0;3.999690626E7
458;63 - -56;0.0;3.999703875E7
459;63 - -56;0.0;3.999707064E7
460;63 - -56;0.0;3.999707507E7
461;63 - -56;0.0;3.999703545E7
462;63 - -56;0.0;3.999697348E7
463;63 - -56;0.0;3.999694033E7
464;63 - -56;0.0;3.999701214E7
465;63 - -55;0.0;3.999697707E7
466;63 - -55;0.0;4.003700911E7
467;63 - -55;0.0;3.999707638E7
468;63 - -55;0.0;3.999701043E7
469;63 - -55;0.0;3.999693856E7
470;63 - -55;0.0;3.999689335E7
471;63 - -55;0.0;3.999693107E7
472;63 - -55;0.0;3.999695574E7
473;63 - -55;0.0;3.999694881E7
474;63 - -55;0.0;3.999694061E7
475;63 - -54;0.0;3.999694659E7
476;63 - -54;0.0;4.000467554E7
477;63 - -54;0.0;3.999699181E7
478;63 - -54;0.0;3.999699593E7
479;63 - -54;0.0;3.999702694E7
480;63 - -54;0.0;3.999696528E7
481;63 - -54;0.0;3.999693459E7
482;63 - -54;0.0;3.999693479E7
483;63 - -54;0.0;3.999705017E7
484;63 - -54;0.0;4.003689123E7
485;63 - -53;0.0;3.999666638E7
486;63 - -53;0.0;3.99969367E7
487;63 - -53;0.0;3.9996814E7
488;63 - -53;0.0;3.999719139E7
489;63 - -53;0.0;3.999696982E7
490;63 - -53;0.0;3.999687209E7
491;63 - -53;0.0;3.99969222E7
492;63 - -53;0.0;3.999706045E7
493;63 - -53;0.0;3.99968739E7
494;63 - -53;0.0;3.999686646E7
495;63 - -52;0.0;3.999703376E7
496;63 - -52;0.0;3.999676437E7
497;63 - -52;0.0;3.999695886E7
498;63 - -52;0.0;3.999685143E7
499;63 - -52;0.0;3.99969611E7
500;63 - -52;0.0;3.999695575E7
501;63 - -52;0.0;3.999698001E7
502;63 - -52;0.0;3.999702053E7
503;63 - -52;0.0;3.999693632E7
504;63 - -52;0.0;3.999686746E7
505;63 - -51;0.0;3.999683643E7
506;63 - -51;0.0;3.999704505E7
507;63 - -51;0.0;3.999683466E7
508;63 - -51;0.0;3.999681713E7
509;63 - -51;0.0;3.999716052E7
510;63 - -51;0.0;3.999689355E7
511;63 - -51;0.0;3.999689483E7
512;63 - -51;0.0;3.999691603E7
513;63 - -51;0.0;3.99969782E7
514;63 - -51;0.0;3.99968768E7
515;63 - -50;0.0;3.99967848E7
516;63 - -50;0.0;3.999705943E7
517;63 - -50;0.0;3.999699869E7
518;63 - -50;0.0;3.99969672E7
519;63 - -50;0.0;3.999681296E7
520;63 - -50;0.0;3.999695742E7
521;63 - -50;0.0;3.999686619E7
522;63 - -50;0.0;3.999678221E7
523;63 - -50;0.0;3.999708715E7
524;63 - -50;0.0;3.999687422E7
525;63 - -49;0.0;3.999691933E7
526;63 - -49;0.0;3.999692496E7
527;63 - -49;0.0;3.999685849E7
528;63 - -49;0.0;3.99969635E7
529;63 - -49;0.0;3.999679424E7
530;63 - -49;0.0;3.99968985E7
531;63 - -49;0.0;3.999694712E7
532;63 - -49;0.0;3.99968213E7
533;63 - -49;0.0;3.999691034E7
534;63 - -49;0.0;3.999689315E7
535;63 - -48;0.0;3.999694298E7
536;63 - -48;0.0;3.999688095E7
537;63 - -48;0.0;3.999699098E7
538;63 - -48;0.0;3.999691279E7
539;63 - -48;0.0;3.999689646E7
540;63 - -48;0.0;3.999697475E7
541;63 - -48;0.0;3.999688864E7
542;63 - -48;0.0;3.999691728E7
543;63 - -48;0.0;3.9996929E7
544;63 - -48;0.0;3.999672078E7
545;63 - -47;0.0;3.999688758E7
546;63 - -47;0.0;3.999674657E7
547;63 - -47;0.0;3.999699487E7
548;63 - -47;0.0;3.999684015E7
549;63 - -47;0.0;3.999695455E7
550;63 - -47;0.0;3.999699004E7
551;63 - -47;0.0;3.999690292E7
552;63 - -47;0.0;3.999685396E7
553;63 - -47;0.0;3.999687495E7
554;63 - -47;0.0;3.999696602E7
555;63 - -46;0.0;3.999680487E7
556;63 - -46;0.0;3.999695821E7
557;63 - -46;0.0;3.999685295E7
558;63 - -46;0.0;3.999682421E7
559;63 - -46;0.0;3.999689326E7
560;63 - -46;0.0;3.999687701E7
561;63 - -46;0.0;3.999689399E7
562;63 - -46;0.0;3.999669598E7
563;63 - -46;0.0;3.99968745E7
564;63 - -46;0.0;3.999689112E7
565;63 - -45;0.0;3.999693225E7
566;63 - -45;0.0;3.99968325E7
567;63 - -45;0.0;3.999697113E7
568;63 - -45;0.0;3.999677941E7
569;63 - -45;0.0;3.999685213E7
570;63 - -45;0.0;3.999689614E7
571;63 - -45;0.0;3.999693337E7
572;63 - -45;0.0;3.999690717E7
573;63 - -45;0.0;3.99968446E7
574;63 - -45;0.0;3.999693395E7
575;63 - -44;0.0;3.999674543E7
576;63 - -44;0.0;3.999673666E7
577;63 - -44;0.0;3.999682742E7
578;63 - -44;0.0;3.999678758E7
579;63 - -44;0.0;3.999691617E7
580;63 - -44;0.0;3.999690814E7
581;63 - -44;0.0;3.999682211E7
582;63 - -44;0.0;3.999683204E7
583;63 - -44;0.0;3.999691066E7
584;63 - -44;0.0;3.999676818E7
585;63 - -43;0.0;3.999687629E7
586;63 - -43;0.0;3.999681235E7
587;63 - -43;0.0;3.999677475E7
588;63 - -43;0.0;3.999683567E7
589;63 - -43;0.0;3.999695927E7
590;63 - -43;0.0;3.999689639E7
591;63 - -43;0.0;3.999690713E7
592;63 - -43;0.0;3.999696736E7
593;63 - -43;0.0;3.999686812E7
594;63 - -43;0.0;3.999681269E7
595;63 - -42;0.0;3.999681705E7
596;63 - -42;0.0;3.99968681E7
597;63 - -42;0.0;3.999688034E7
598;63 - -42;0.0;3.999691635E7
599;63 - -42;0.0;3.999689832E7
600;63 - -42;0.0;3.999688723E7
601;63 - -42;0.0;3.999696511E7
602;63 - -42;0.0;3.999675057E7
603;63 - -42;0.0;3.999667791E7
604;63 - -42;0.0;3.999679846E7
605;63 - -41;0.0;3.999676241E7
606;63 - -41;0.0;3.999671454E7
607;63 - -41;0.0;3.999679592E7
608;63 - -41;0.0;3.999681064E7
609;63 - -41;0.0;3.999677674E7
610;63 - -41;0.0;3.9996723E7
611;63 - -41;0.0;3.999683322E7
612;63 - -41;0.0;3.999679274E7
613;63 - -41;0.0;3.999690832E7
614;63 - -41;0.0;3.999690284E7
615;63 - -40;0.0;3.999689122E7
616;63 - -40;0.0;3.999691786E7
617;63 - -40;0.0;3.999690726E7
618;63 - -40;0.0;3.999696628E7
619;63 - -40;0.0;3.999683836E7
620;63 - -40;0.0;3.999689811E7
621;63 - -40;0.0;3.999687174E7
622;63 - -40;0.0;3.999670785E7
623;63 - -40;0.0;3.999678147E7
624;63 - -40;0.0;3.999683889E7
625;63 - -39;0.0;3.999681133E7
626;63 - -39;0.0;3.999672635E7
627;63 - -39;0.0;3.999696771E7
628;63 - -39;0.0;3.999674622E7
629;63 - -39;0.0;3.999661244E7
630;63 - -39;0.0;3.999687956E7
631;63 - -39;0.0;3.999678908E7
632;63 - -39;0.0;3.999672365E7
633;63 - -39;0.0;3.999690567E7
634;63 - -39;0.0;3.999674767E7
635;63 - -38;0.0;3.999670605E7
636;63 - -38;0.0;3.999677129E7
637;63 - -38;0.0;3.999680189E7
638;63 - -38;0.0;3.999671731E7
639;63 - -38;0.0;3.999689585E7
640;63 - -38;0.0;3.99968122E7
641;63 - -38;0.0;3.999685462E7
642;63 - -38;0.0;3.999676734E7
643;63 - -38;0.0;3.999670319E7
644;63 - -38;0.0;3.999691577E7
645;63 - -37;0.0;3.999679393E7
646;63 - -37;0.0;3.999680402E7
647;63 - -37;0.0;3.999670905E7
648;63 - -37;0.0;3.999687466E7
649;63 - -37;0.0;3.99967736E7
650;63 - -37;0.0;3.999663326E7
651;63 - -37;0.0;3.999695626E7
652;63 - -37;0.0;3.999676647E7
653;63 - -37;0.0;3.999689875E7
654;63 - -37;0.0;3.999674599E7
655;63 - -36;0.0;3.999684336E7
656;63 - -36;0.0;3.999677919E7
657;63 - -36;0.0;3.999665951E7
658;63 - -36;0.0;3.999694807E7
659;63 - -36;0.0;3.999673309E7
660;63 - -36;0.0;3.999675036E7
661;63 - -36;0.0;3.99966872E7
662;63 - -36;0.0;3.999679208E7
663;63 - -36;0.0;3.99967154E7
664;63 - -36;0.0;3.999658276E7
665;63 - -35;0.0;3.999691189E7
666;63 - -35;0.0;3.999674378E7
667;63 - -35;0.0;3.999677096E7
668;63 - -35;0.0;3.999671446E7
669;63 - -35;0.0;3.999683734E7
670;63 - -35;0.0;3.999054207E7
671;63 - -35;0.0;3.999663144E7
672;63 - -35;0.0;3.99969182E7
673;63 - -35;0.0;3.999674483E7
674;63 - -35;0.0;3.999675846E7
675;63 - -34;0.0;3.999670441E7
676;63 - -34;0.0;3.999681732E7
677;63 - -34;0.0;3.999670237E7
678;63 - -34;0.0;3.999660804E7
679;63 - -34;0.0;3.999686698E7
680;63 - -34;0.0;3.99966651E7
681;63 - -34;0.0;3.999679447E7
682;63 - -34;0.0;3.999677328E7
683;63 - -34;0.0;3.999630087E7
684;63 - -34;0.0;3.999670476E7
685;63 - -33;0.0;3.999664314E7
686;63 - -33;0.0;3.999673519E7
687;63 - -33;0.0;3.999675057E7
688;63 - -33;0.0;3.999671097E7
689;63 - -33;0.0;3.999685246E7
690;63 - -33;0.0;3.999775385E7
691;63 - -33;0.0;3.999668246E7
692;63 - -33;0.0;3.999692239E7
693;63 - -33;0.0;3.999672E7
694;63 - -33;0.0;3.99967965E7
695;63 - -32;0.0;3.999676247E7
696;63 - -32;0.0;3.9996796E7
697;63 - -32;0.0;3.999667491E7
698;63 - -32;0.0;3.999679951E7
699;63 - -32;0.0;3.999679425E7
700;63 - -32;0.0;3.999673918E7
701;63 - -32;0.0;3.999676817E7
702;63 - -32;0.0;3.999659808E7
703;63 - -32;0.0;3.999672622E7
704;63 - -32;0.0;3.999674294E7
705;63 - -31;0.0;3.999672377E7
706;63 - -31;0.0;3.999673782E7
707;63 - -31;0.0;3.999685924E7
708;63 - -31;0.0;3.999682503E7
709;63 - -31;0.0;3.999666625E7
710;63 - -31;0.0;3.999666714E7
711;63 - -31;0.0;3.999674101E7
712;63 - -31;0.0;3.999665772E7
713;63 - -31;0.0;3.999669315E7
714;63 - -31;0.0;3.999670421E7
715;63 - -30;0.0;3.999674431E7
716;63 - -30;0.0;3.999664916E7
717;63 - -30;0.0;3.999710835E7
718;63 - -30;0.0;3.999668135E7
719;63 - -30;0.0;3.999665321E7
720;63 - -30;0.0;3.999676877E7
721;63 - -30;0.0;3.999662076E7
722;63 - -30;0.0;3.999666286E7
723;63 - -30;0.0;3.999673364E7
724;63 - -30;0.0;3.999678163E7
725;63 - -29;0.0;3.999669135E7
726;63 - -29;0.0;3.999667816E7
727;63 - -29;0.0;3.999672179E7
728;63 - -29;0.0;3.999670232E7
729;63 - -29;0.0;3.999672293E7
730;63 - -29;0.0;3.999674476E7
731;63 - -29;0.0;3.999676854E7
732;63 - -29;0.0;3.99966927E7
733;63 - -29;0.0;3.999665389E7
734;63 - -29;0.0;3.999670467E7
735;63 - -28;0.0;3.999075984E7
736;63 - -28;0.0;3.999657104E7
737;63 - -28;0.0;3.999677323E7
738;63 - -28;0.0;3.999675331E7
739;63 - -28;0.0;3.999670201E7
740;63 - -28;0.0;3.99966214E7
741;63 - -28;0.0;3.99966946E7
742;63 - -28;0.0;3.999681609E7
743;63 - -28;0.0;3.999678065E7
744;63 - -28;0.0;3.999653451E7
745;63 - -27;0.0;3.999662427E7
746;63 - -27;0.0;3.999669998E7
747;63 - -27;0.0;3.99966057E7
748;63 - -27;0.0;3.999663401E7
749;63 - -27;0.0;3.999673961E7
750;63 - -27;0.0;3.999674197E7
751;63 - -27;0.0;3.999675797E7
752;63 - -27;0.0;3.999659872E7
753;63 - -27;0.0;3.999669145E7
754;63 - -27;0.0;3.999667186E7
755;63 - -26;0.0;3.999671783E7
756;63 - -26;0.0;3.999668176E7
757;63 - -26;0.0;3.999666899E7
758;63 - -26;0.0;3.999672878E7
759;63 - -26;0.0;3.999670085E7
760;63 - -26;0.0;3.999657513E7
761;63 - -26;0.0;3.999667831E7
762;63 - -26;0.0;3.999660229E7
763;63 - -26;0.0;3.999685294E7
764;63 - -26;0.0;3.999710116E7
765;63 - -25;0.0;3.999680071E7
766;63 - -25;0.0;3.999680967E7
767;63 - -25;0.0;3.999680706E7
768;63 - -25;0.0;3.999668928E7
769;63 - -25;0.0;3.999662696E7
770;63 - -25;0.0;3.999672894E7
771;63 - -25;0.0;3.999647296E7
772;63 - -25;0.0;3.999658474E7
773;63 - -25;0.0;3.999664631E7
774;63 - -25;0.0;3.999666547E7
775;63 - -24;0.0;3.999665448E7
776;63 - -24;0.0;3.999678796E7
777;63 - -24;0.0;3.999657179E7
778;63 - -24;0.0;3.999673708E7
779;63 - -24;0.0;3.999664277E7
780;63 - -24;0.0;3.999652538E7
781;63 - -24;0.0;3.99966645E7
782;63 - -24;0.0;3.999657956E7
783;63 - -24;0.0;3.999663264E7
784;63 - -24;0.0;3.999659596E7
785;63 - -23;0.0;3.999663148E7
786;63 - -23;0.0;3.999666996E7
787;63 - -23;0.0;3.999658082E7
788;63 - -23;0.0;3.999659764E7
789;63 - -23;0.0;3.999670542E7
790;63 - -23;0.0;3.999645613E7
791;63 - -23;0.0;3.999658585E7
792;63 - -23;0.0;3.999672303E7
793;63 - -23;0.0;3.999658286E7
794;63 - -23;0.0;3.999661189E7
795;63 - -22;0.0;3.999666542E7
796;63 - -22;0.0;3.999661845E7
797;63 - -22;0.0;3.999671671E7
798;63 - -22;0.0;3.999662816E7
799;63 - -22;0.0;3.999664428E7
800;63 - -22;0.0;3.99966439E7
801;63 - -22;0.0;3.999662934E7
802;63 - -22;0.0;3.999663914E7
803;63 - -22;0.0;3.999655257E7
804;63 - -22;0.0;3.999661404E7
805;63 - -21;0.0;3.999651362E7
806;63 - -21;0.0;3.999675903E7
807;63 - -21;0.0;3.999653938E7
808;63 - -21;0.0;3.999662605E7
809;63 - -21;0.0;3.999666042E7
810;63 - -21;0.0;3.999656367E7
811;63 - -21;0.0;3.999618861E7
812;63 - -21;0.0;3.999653065E7
813;63 - -21;0.0;3.999669188E7
814;63 - -21;0.0;3.999654446E7
815;63 - -20;0.0;3.999664477E7
816;63 - -20;0.0;3.999661975E7
817;63 - -20;0.0;3.999664293E7
818;63 - -20;0.0;3.999662526E7
819;63 - -20;0.0;3.999649135E7
820;63 - -20;0.0;3.999651847E7
821;63 - -20;0.0;3.999656422E7
822;63 - -20;0.0;3.99966434E7
823;63 - -20;0.0;3.999654184E7
824;63 - -20;0.0;3.99966615E7
825;63 - -19;0.0;3.999666104E7
826;63 - -19;0.0;3.999655591E7
827;63 - -19;0.0;3.999658769E7
828;63 - -19;0.0;3.999650229E7
829;63 - -19;0.0;3.999672896E7
830;63 - -19;0.0;3.999659392E7
831;63 - -19;0.0;3.99965208E7
832;63 - -19;0.0;3.999660545E7
833;63 - -19;0.0;3.999656292E7
834;63 - -19;0.0;3.999660352E7
835;63 - -18;0.0;3.999667545E7
836;63 - -18;0.0;3.99965871E7
837;63 - -18;0.0;3.999650028E7
838;63 - -18;0.0;3.99965978E7
839;63 - -18;0.0;3.999657847E7
840;63 - -18;0.0;3.999658588E7
841;63 - -18;0.0;3.999663801E7
842;63 - -18;0.0;3.999669213E7
843;63 - -18;0.0;3.999662271E7
844;63 - -18;0.0;3.999649441E7
845;63 - -17;0.0;3.999656933E7
846;63 - -17;0.0;3.999659526E7
847;63 - -17;0.0;3.999656116E7
848;63 - -17;0.0;3.999640608E7
849;63 - -17;0.0;3.999654336E7
850;63 - -17;0.0;3.999659016E7
851;63 - -17;0.0;3.99965131E7
852;63 - -17;0.0;3.99966583E7
853;63 - -17;0.0;3.999655136E7
854;63 - -17;0.0;3.999645999E7
855;63 - -16;0.0;3.999666863E7
856;63 - -16;0.0;3.999654929E7
857;63 - -16;0.0;3.999652672E7
858;63 - -16;0.0;3.999657489E7
859;63 - -16;0.0;3.99965914E7
860;63 - -16;0.0;3.999648165E7
861;63 - -16;0.0;3.999659121E7
862;63 - -16;0.0;3.999646585E7
863;63 - -16;0.0;3.999648672E7
864;63 - -16;0.0;3.999662645E7
865;63 - -15;0.0;3.999650821E7
866;63 - -15;0.0;3.999660336E7
867;63 - -15;0.0;3.999668929E7
868;63 - -15;0.0;3.999663642E7
869;63 - -15;0.0;3.999652765E7
870;63 - -15;0.0;3.999652488E7
871;63 - -15;0.0;3.999663701E7
872;63 - -15;0.0;3.999640787E7
873;63 - -15;0.0;3.999670875E7
874;63 - -15;0.0;3.999652134E7
875;63 - -14;0.0;3.999647063E7
876;63 - -14;0.0;3.999655837E7
877;63 - -14;0.0;3.999660668E7
878;63 - -14;0.0;3.999648545E7
879;63 - -14;0.0;3.999648961E7
880;63 - -14;0.0;3.999656065E7
881;63 - -14;0.0;3.999638514E7
882;63 - -14;0.0;3.999650886E7
883;63 - -14;0.0;3.999660822E7
884;63 - -14;0.0;3.999649718E7
885;63 - -13;0.0;3.999648637E7
886;63 - -13;0.0;3.999648552E7
887;63 - -13;0.0;3.999646772E7
888;63 - -13;0.0;3.999643553E7
889;63 - -13;0.0;3.999648504E7
890;63 - -13;0.0;3.999647483E7
891;63 - -13;0.0;3.99965867E7
892;63 - -13;0.0;3.999655441E7
893;63 - -13;0.0;3.999646591E7
894;63 - -13;0.0;3.999667522E7
895;63 - -12;0.0;3.999654895E7
896;63 - -12;0.0;3.999644978E7
897;63 - -12;0.0;3.999654088E7
898;63 - -12;0.0;3.999654098E7
899;63 - -12;0.0;3.999653839E7
900;63 - -12;0.0;3.999638319E7
901;63 - -12;0.0;3.999668127E7
902;63 - -12;0.0;3.999640534E7
903;63 - -12;0.0;3.999648349E7
904;63 - -12;0.0;3.99965422E7
905;63 - -11;0.0;3.999640895E7
906;63 - -11;0.0;3.999647819E7
907;63 - -11;0.0;3.999644E7
908;63 - -11;0.0;3.99966381E7
909;63 - -11;0.0;3.999654266E7
910;63 - -11;0.0;3.999644835E7
911;63 - -11;0.0;3.999655652E7
912;63 - -11;0.0;3.999657002E7
913;63 - -11;0.0;3.999646028E7
914;63 - -11;0.0;3.999640319E7
915;63 - -10;0.0;3.999657873E7
916;63 - -10;0.0;3.999653712E7
917;63 - -10;0.0;3.999650479E7
918;63 - -10;0.0;3.999644082E7
919;63 - -10;0.0;3.999650177E7
920;63 - -10;0.0;3.999648979E7
921;63 - -10;0.0;3.999645728E7
922;63 - -10;0.0;3.999650909E7
923;63 - -10;0.0;3.999641056E7
924;63 - -10;0.0;3.999654798E7
925;63 - -9;0.0;3.999634272E7
926;63 - -9;0.0;3.999652145E7
927;63 - -9;0.0;3.999646009E7
928;63 - -9;0.0;3.999650983E7
929;63 - -9;0.0;3.999648153E7
930;63 - -9;0.0;3.9996458E7
931;63 - -9;0.0;3.999655164E7
932;63 - -9;0.0;3.999652666E7
933;63 - -9;0.0;3.999642163E7
934;63 - -9;0.0;3.999641923E7
935;63 - -8;0.0;3.999644655E7
936;63 - -8;0.0;3.999647848E7
937;63 - -8;0.0;3.999652333E7
938;63 - -8;0.0;3.99965012E7
939;63 - -8;0.0;3.999602321E7
940;63 - -8;0.0;3.999645805E7
941;63 - -8;0.0;3.998871151E7
942;63 - -8;0.0;3.999657733E7
943;63 - -8;0.0;3.999643516E7
944;63 - -8;0.0;3.99963965E7
945;63 - -7;0.0;3.999641633E7
946;63 - -7;0.0;3.999647216E7
947;63 - -7;0.0;3.999636121E7
948;63 - -7;0.0;3.999646643E7
949;63 - -7;0.0;3.999647124E7
950;63 - -7;0.0;3.999640009E7
951;63 - -7;0.0;3.999662574E7
952;63 - -7;0.0;3.999639082E7
953;63 - -7;0.0;3.999648087E7
954;63 - -7;0.0;3.999629343E7
955;63 - -6;0.0;3.999615793E7
956;63 - -6;0.0;3.999640587E7
957;63 - -6;0.0;3.999647522E7
958;63 - -6;0.0;3.999645424E7
959;63 - -6;0.0;3.999639853E7
960;63 - -6;0.0;3.999648417E7
961;63 - -6;0.0;3.999648218E7
962;63 - -6;0.0;3.999639109E7
963;63 - -6;0.0;3.999649159E7
964;63 - -6;0.0;3.999639656E7
965;63 - -5;0.0;3.999638711E7
966;63 - -5;0.0;3.999629042E7
967;63 - -5;0.0;3.999654463E7
968;63 - -5;0.0;3.999642114E7
969;63 - -5;0.0;3.999640368E7
970;63 - -5;0.0;3.999646485E7
971;63 - -5;0.0;3.999635903E7
972;63 - -5;0.0;3.999640269E7
973;63 - -5;0.0;3.999667009E7
974;63 - -5;0.0;3.9996529E7
975;63 - -4;0.0;3.999634842E7
976;63 - -4;0.0;3.999648817E7
977;63 - -4;0.0;3.999650572E7
978;63 - -4;0.0;3.999650551E7
979;63 - -4;0.0;3.999649708E7
980;63 - -4;0.0;3.99915915E7
981;63 - -4;0.0;3.9996485E7
982;63 - -4;0.0;3.999642724E7
983;63 - -4;0.0;3.999647099E7
984;63 - -4;0.0;3.999650401E7
985;63 - -3;0.0;3.999648754E7
986;63 - -3;0.0;3.999637238E7
987;63 - -3;0.0;3.999634835E7
988;63 - -3;0.0;3.999651107E7
989;63 - -3;0.0;3.999640196E7
990;63 - -3;0.0;3.999634502E7
991;63 - -3;0.0;3.999650869E7
992;63 - -3;0.0;3.999639619E7
993;63 - -3;0.0;3.999635118E7
994;63 - -3;0.0;3.999644067E7
995;63 - -2;0.0;3.999645928E7
996;63 - -2;0.0;3.999633018E7
997;63 - -2;0.0;3.999633292E7
998;63 - -2;0.0;3.99964464E7
999;63 - -2;0.0;3.999643317E7
1000;63 - -2;0.0;3.998869312E7
1001;63 - -2;0.0;3.999655651E7
1002;63 - -2;0.0;3.999640972E7
1003;63 - -2;0.0;3.99963443E7
1004;63 - -2;0.0;3.999638669E7
1005;63 - -1;0.0;3.999642317E7
1006;63 - -1;0.0;3.999632998E7
1007;63 - -1;0.0;3.99964085E7
1008;63 - -1;0.0;3.999645433E7
1009;63 - -1;0.0;3.999638454E7
1010;63 - -1;0.0;3.999619494E7
1011;63 - -1;0.0;3.999635194E7
1012;63 - -1;0.0;3.999633359E7
1013;63 - -1;0.0;3.999634297E7
1014;63 - -1;0.0;3.999629921E7
1015;63 - -;0.0;3.99964259E7
1016;63 - -;0.0;3.99964445E7
1017;63 - -;0.0;3.999649576E7
1018;63 - -;0.0;3.999636252E7
1019;63 - -;0.0;3.999643505E7
1020;63 - -;0.0;3.999638401E7
1021;63 - -;0.0;3.999629452E7
1022;63 - -;0.0;3.99963925E7
1023;63 - -;0.0;3.999629053E7
1024;63 - ;0.0;3.999647797E7
1025;63 - ;0.0;3.999635417E7
1026;63 - ;0.0;3.999635963E7
1027;63 - ;0.0;3.999649473E7
1028;63 - ;0.0;3.999638749E7
1029;63 - ;0.0;3.999633819E7
1030;63 - ;0.0;3.999627395E7
1031;63 - ;0.0;3.999638778E7
1032;63 - ;0.0;3.999634064E7
1033;63 - ;0.0;3.999641361E7
1034;63 - 1;0.0;3.999629105E7
1035;63 - 1;0.0;3.999642261E7
1036;63 - 1;0.0;3.999640801E7
1037;63 - 1;0.0;3.999623866E7
1038;63 - 1;0.0;3.999635431E7
1039;63 - 1;0.0;3.999630408E7
1040;63 - 1;0.0;3.999638214E7
1041;63 - 1;0.0;3.999644354E7
1042;63 - 1;0.0;3.999644175E7
1043;63 - 1;0.0;3.999637463E7
1044;63 - 2;0.0;3.999631914E7
1045;63 - 2;0.0;3.999629979E7
1046;63 - 2;0.0;3.999639206E7
1047;63 - 2;0.0;3.999629608E7
1048;63 - 2;0.0;3.99963139E7
1049;63 - 2;0.0;3.999641693E7
1050;63 - 2;0.0;3.999634338E7
1051;63 - 2;0.0;3.999642221E7
1052;63 - 2;0.0;3.999638254E7
1053;63 - 2;0.0;3.999640276E7
1054;63 - 3;0.0;3.999643825E7
1055;63 - 3;0.0;3.999635788E7
1056;63 - 3;0.0;3.99963746E7
1057;63 - 3;0.0;3.999632337E7
1058;63 - 3;0.0;4.000250812E7
1059;63 - 3;0.0;3.999642293E7
1060;63 - 3;0.0;3.999628308E7
1061;63 - 3;0.0;3.999637617E7
1062;63 - 3;0.0;3.999644638E7
1063;63 - 3;0.0;3.999628469E7
1064;63 - 4;0.0;3.999623182E7
1065;63 - 4;0.0;3.999646446E7
1066;63 - 4;0.0;3.999639162E7
1067;63 - 4;0.0;3.999611817E7
1068;63 - 4;0.0;3.99964455E7
1069;63 - 4;0.0;3.999618452E7
1070;63 - 4;0.0;3.999636847E7
1071;63 - 4;0.0;3.999626629E7
1072;63 - 4;0.0;3.999636816E7
1073;63 - 4;0.0;3.999635223E7
1074;63 - 5;0.0;3.999642075E7
1075;63 - 5;0.0;3.999632569E7
1076;63 - 5;0.0;3.999622536E7
1077;63 - 5;0.0;3.999637308E7
1078;63 - 5;0.0;3.999630126E7
1079;63 - 5;0.0;3.999628645E7
1080;63 - 5;0.0;3.999639519E7
1081;63 - 5;0.0;3.999630356E7
1082;63 - 5;0.0;3.999624186E7
1083;63 - 5;0.0;3.999633672E7
1084;63 - 6;0.0;3.999648484E7
1085;63 - 6;0.0;3.99961575E7
1086;63 - 6;0.0;3.999641447E7
1087;63 - 6;0.0;3.999631037E7
1088;63 - 6;0.0;3.999634261E7
1089;63 - 6;0.0;3.999635529E7
1090;63 - 6;0.0;3.999635498E7
1091;63 - 6;0.0;3.99963665E7
1092;63 - 6;0.0;3.999647125E7
1093;63 - 6;0.0;3.999627052E7
1094;63 - 7;0.0;3.999611849E7
1095;63 - 7;0.0;3.99964549E7
1096;63 - 7;0.0;3.999627155E7
1097;63 - 7;0.0;3.999619083E7
1098;63 - 7;0.0;3.999639011E7
1099;63 - 7;0.0;3.999627299E7
1100;63 - 7;0.0;3.999631618E7
1101;63 - 7;0.0;3.999668659E7
1102;63 - 7;0.0;3.999629175E7
1103;63 - 7;0.0;3.999631578E7
1104;63 - 8;0.0;3.999627099E7
1105;63 - 8;0.0;3.999625376E7
1106;63 - 8;0.0;3.999630212E7
1107;63 - 8;0.0;3.999631251E7
1108;63 - 8;0.0;3.999631333E7
1109;63 - 8;0.0;3.999623178E7
1110;63 - 8;0.0;3.99963901E7
1111;63 - 8;0.0;3.999636968E7
1112;63 - 8;0.0;3.999629682E7
1113;63 - 8;0.0;3.999643851E7
1114;63 - 9;0.0;3.999629915E7
1115;63 - 9;0.0;3.999625624E7
1116;63 - 9;0.0;3.999627618E7
1117;63 - 9;0.0;3.999634509E7
1118;63 - 9;0.0;3.999616067E7
1119;63 - 9;0.0;3.999625757E7
1120;63 - 9;0.0;3.999628643E7
1121;63 - 9;0.0;3.999628521E7
1122;63 - 9;0.0;3.999627433E7
1123;63 - 9;0.0;3.999630165E7
1124;63 - 10;0.0;3.999632659E7
1125;63 - 10;0.0;3.999629159E7
1126;63 - 10;0.0;3.999639335E7
1127;63 - 10;0.0;3.999630416E7
1128;63 - 10;0.0;3.999630863E7
1129;63 - 10;0.0;3.999641473E7
1130;63 - 10;0.0;3.999630583E7
1131;63 - 10;0.0;3.999629456E7
1132;63 - 10;0.0;3.99963014E7
1133;63 - 10;0.0;3.999628597E7
1134;63 - 11;0.0;3.999618584E7
1135;63 - 11;0.0;3.999626941E7
1136;63 - 11;0.0;3.999629947E7
1137;63 - 11;0.0;3.999628865E7
1138;63 - 11;0.0;3.999614123E7
1139;63 - 11;0.0;3.999630645E7
1140;63 - 11;0.0;3.999624748E7
1141;63 - 11;0.0;3.999632018E7
1142;63 - 11;0.0;3.999631287E7
1143;63 - 11;0.0;3.999637884E7
1144;63 - 12;0.0;3.999613446E7
1145;63 - 12;0.0;3.999633732E7
1146;63 - 12;0.0;3.99962291E7
1147;63 - 12;0.0;3.999635103E7
1148;63 - 12;0.0;3.999626844E7
1149;63 - 12;0.0;3.999629223E7
1150;63 - 12;0.0;3.999643146E7
1151;63 - 12;0.0;3.999620825E7
1152;63 - 12;0.0;3.999628645E7
1153;63 - 12;0.0;3.999632233E7
1154;63 - 13;0.0;3.999599875E7
1155;63 - 13;0.0;3.999632474E7
1156;63 - 13;0.0;3.999624138E7
1157;63 - 13;0.0;3.999633075E7
1158;63 - 13;0.0;3.99962939E7
1159;63 - 13;0.0;3.999626691E7
1160;63 - 13;0.0;3.999619293E7
1161;63 - 13;0.0;3.999642058E7
1162;63 - 13;0.0;3.99962348E7
1163;63 - 13;0.0;3.999614111E7
1164;63 - 14;0.0;3.999625927E7
1165;63 - 14;0.0;3.999621914E7
1166;63 - 14;0.0;3.999619688E7
1167;63 - 14;0.0;3.999633873E7
1168;63 - 14;0.0;3.999617153E7
1169;63 - 14;0.0;3.999440564E7
1170;63 - 14;0.0;3.999102229E7
1171;63 - 14;0.0;3.999630141E7
1172;63 - 14;0.0;3.99961314E7
1173;63 - 14;0.0;3.999625879E7
1174;63 - 15;0.0;3.999618332E7
1175;63 - 15;0.0;3.999625135E7
1176;63 - 15;0.0;3.999620472E7
1177;63 - 15;0.0;3.999622906E7
1178;63 - 15;0.0;3.999626808E7
1179;63 - 15;0.0;3.999616429E7
1180;63 - 15;0.0;3.99962333E7
1181;63 - 15;0.0;3.999624576E7
1182;63 - 15;0.0;3.999617355E7
1183;63 - 15;0.0;3.999636486E7
1184;63 - 16;0.0;3.999626794E7
1185;63 - 16;0.0;3.999615724E7
1186;63 - 16;0.0;3.999627275E7
1187;63 - 16;0.0;3.999620631E7
1188;63 - 16;0.0;3.999627508E7
1189;63 - 16;0.0;3.999632997E7
1190;63 - 16;0.0;3.999621648E7
1191;63 - 16;0.0;3.999635117E7
1192;63 - 16;0.0;3.99963637E7
1193;63 - 16;0.0;3.999606381E7
1194;63 - 17;0.0;3.999627611E7
1195;63 - 17;0.0;3.99961517E7
1196;63 - 17;0.0;3.999620632E7
1197;63 - 17;0.0;3.999616181E7
1198;63 - 17;0.0;3.999623688E7
1199;63 - 17;0.0;3.999627876E7
1200;63 - 17;0.0;3.999621889E7
1201;63 - 17;0.0;3.999608409E7
1202;63 - 17;0.0;3.999622093E7
1203;63 - 17;0.0;3.999624998E7
1204;63 - 18;0.0;3.999622401E7
1205;63 - 18;0.0;3.999614255E7
1206;63 - 18;0.0;3.999620828E7
1207;63 - 18;0.0;3.999625183E7
1208;63 - 18;0.0;3.999612646E7
1209;63 - 18;0.0;3.99960966E7
1210;63 - 18;0.0;3.999625584E7
1211;63 - 18;0.0;3.999621738E7
1212;63 - 18;0.0;3.999624051E7
1213;63 - 18;0.0;3.999621176E7
1214;63 - 19;0.0;3.999619121E7
1215;63 - 19;0.0;3.99963046E7
1216;63 - 19;0.0;3.999622809E7
1217;63 - 19;0.0;3.999616885E7
1218;63 - 19;0.0;3.999613718E7
1219;63 - 19;0.0;3.999633011E7
1220;63 - 19;0.0;3.999621605E7
1221;63 - 19;0.0;3.99962051E7
1222;63 - 19;0.0;3.999620797E7
1223;63 - 19;0.0;3.999620715E7
1224;63 - 20;0.0;3.999616822E7
1225;63 - 20;0.0;3.999618546E7
1226;63 - 20;0.0;3.999612899E7
1227;63 - 20;0.0;3.999613646E7
1228;63 - 20;0.0;3.999610188E7
1229;63 - 20;0.0;3.999645752E7
1230;63 - 20;0.0;3.999613447E7
1231;63 - 20;0.0;3.999619797E7
1232;63 - 20;0.0;3.999618098E7
1233;63 - 20;0.0;3.999621654E7
1234;63 - 21;0.0;3.999617953E7
1235;63 - 21;0.0;3.999622702E7
1236;63 - 21;0.0;3.999629072E7
1237;63 - 21;0.0;3.9995978E7
1238;63 - 21;0.0;3.999611814E7
1239;63 - 21;0.0;3.999629837E7
1240;63 - 21;0.0;3.999618474E7
1241;63 - 21;0.0;3.999615856E7
1242;63 - 21;0.0;3.999628421E7
1243;63 - 21;0.0;3.999617904E7
1244;63 - 22;0.0;3.999613247E7
1245;63 - 22;0.0;3.999617055E7
1246;63 - 22;0.0;3.99961557E7
1247;63 - 22;0.0;3.999617344E7
1248;63 - 22;0.0;3.999619895E7
1249;63 - 22;0.0;3.999599784E7
1250;63 - 22;0.0;3.999613784E7
1251;63 - 22;0.0;3.999634704E7
1252;63 - 22;0.0;3.999598573E7
1253;63 - 22;0.0;3.999624769E7
1254;63 - 23;0.0;3.999615929E7
1255;63 - 23;0.0;3.999612247E7
1256;63 - 23;0.0;3.999608077E7
1257;63 - 23;0.0;3.999624399E7
1258;63 - 23;0.0;3.999606773E7
1259;63 - 23;0.0;3.999620031E7
1260;63 - 23;0.0;3.999614665E7
1261;63 - 23;0.0;3.99960512E7
1262;63 - 23;0.0;3.999616381E7
1263;63 - 23;0.0;3.999616497E7
1264;63 - 24;0.0;3.999601567E7
1265;63 - 24;0.0;3.999620812E7
1266;63 - 24;0.0;3.999613182E7
1267;63 - 24;0.0;3.999620046E7
1268;63 - 24;0.0;3.999608085E7
1269;63 - 24;0.0;3.999613064E7
1270;63 - 24;0.0;3.999609825E7
1271;63 - 24;0.0;3.999621247E7
1272;63 - 24;0.0;3.999626523E7
1273;63 - 24;0.0;3.999614044E7
1274;63 - 25;0.0;3.99960983E7
1275;63 - 25;0.0;3.999606758E7
1276;63 - 25;0.0;3.999616562E7
1277;63 - 25;0.0;3.999616692E7
1278;63 - 25;0.0;3.999619343E7
1279;63 - 25;0.0;3.999615205E7
1280;63 - 25;0.0;3.999604859E7
1281;63 - 25;0.0;3.999612532E7
1282;63 - 25;0.0;3.999606171E7
1283;63 - 25;0.0;3.999606649E7
1284;63 - 26;0.0;3.999614238E7
1285;63 - 26;0.0;3.999606116E7
1286;63 - 26;0.0;3.99961543E7
1287;63 - 26;0.0;3.99961442E7
1288;63 - 26;0.0;3.999616827E7
1289;63 - 26;0.0;3.999613942E7
1290;63 - 26;0.0;3.999616166E7
1291;63 - 26;0.0;3.999613693E7
1292;63 - 26;0.0;3.999620451E7
1293;63 - 26;0.0;3.999615175E7
1294;63 - 27;0.0;3.999621109E7
1295;63 - 27;0.0;3.999615858E7
1296;63 - 27;0.0;3.999623202E7
1297;63 - 27;0.0;3.999613016E7
1298;63 - 27;0.0;3.999610693E7
1299;63 - 27;0.0;3.999618917E7
1300;63 - 27;0.0;3.999600818E7
1301;63 - 27;0.0;3.999614229E7
1302;63 - 27;0.0;3.99961092E7
1303;63 - 27;0.0;3.999596541E7
1304;63 - 28;0.0;3.999613391E7
1305;63 - 28;0.0;3.999601474E7
1306;63 - 28;0.0;3.999603064E7
1307;63 - 28;0.0;3.99962738E7
1308;63 - 28;0.0;3.999610676E7
1309;63 - 28;0.0;3.999604328E7
1310;63 - 28;0.0;3.999618659E7
1311;63 - 28;0.0;3.999594504E7
1312;63 - 28;0.0;3.999617858E7
1313;63 - 28;0.0;3.999613692E7
1314;63 - 29;0.0;3.999607148E7
1315;63 - 29;0.0;3.999608534E7
1316;63 - 29;0.0;3.999606667E7
1317;63 - 29;0.0;3.999613811E7
1318;63 - 29;0.0;3.999603315E7
1319;63 - 29;0.0;3.999589873E7
1320;63 - 29;0.0;3.999610881E7
1321;63 - 29;0.0;3.999613279E7
1322;63 - 29;0.0;3.999605165E7
1323;63 - 29;0.0;3.999590785E7
1324;63 - 30;0.0;3.999605143E7
1325;63 - 30;0.0;3.999615926E7
1326;63 - 30;0.0;3.999603028E7
1327;63 - 30;0.0;3.999604997E7
1328;63 - 30;0.0;3.999616602E7
1329;63 - 30;0.0;3.9996136E7
1330;63 - 30;0.0;3.999602619E7
1331;63 - 30;0.0;3.999615087E7
1332;63 - 30;0.0;3.99961409E7
1333;63 - 30;0.0;3.999609632E7
1334;63 - 31;0.0;3.999605057E7
1335;63 - 31;0.0;3.999610764E7
1336;63 - 31;0.0;3.999605108E7
1337;63 - 31;0.0;3.999608109E7
1338;63 - 31;0.0;3.999602899E7
1339;63 - 31;0.0;3.999604336E7
1340;63 - 31;0.0;3.999607582E7
1341;63 - 31;0.0;3.999605125E7
1342;63 - 31;0.0;3.999620116E7
1343;63 - 31;0.0;3.999606125E7
1344;63 - 32;0.0;3.999606377E7
1345;63 - 32;0.0;3.999616621E7
1346;63 - 32;0.0;3.99960802E7
1347;63 - 32;0.0;3.999608889E7
1348;63 - 32;0.0;3.999600843E7
1349;63 - 32;0.0;3.999611122E7
1350;63 - 32;0.0;3.999604955E7
1351;63 - 32;0.0;3.999618936E7
1352;63 - 32;0.0;3.999605984E7
1353;63 - 32;0.0;3.999603128E7
1354;63 - 33;0.0;3.999585142E7
1355;63 - 33;0.0;3.999590338E7
1356;63 - 33;0.0;3.999619693E7
1357;63 - 33;0.0;3.999620529E7
1358;63 - 33;0.0;3.999613158E7
1359;63 - 33;0.0;3.999595778E7
1360;63 - 33;0.0;3.999606468E7
1361;63 - 33;0.0;3.999593689E7
1362;63 - 33;0.0;3.999577963E7
1363;63 - 33;0.0;3.999599597E7
1364;63 - 34;0.0;3.999596338E7
1365;63 - 34;0.0;3.999611636E7
1366;63 - 34;0.0;3.999609498E7
1367;63 - 34;0.0;3.999610602E7
1368;63 - 34;0.0;3.999605249E7
1369;63 - 34;0.0;3.999602848E7
1370;63 - 34;0.0;3.999607252E7
1371;63 - 34;0.0;3.999607297E7
1372;63 - 34;0.0;3.999597769E7
1373;63 - 34;0.0;3.999622989E7
1374;63 - 35;0.0;3.999594322E7
1375;63 - 35;0.0;3.999613795E7
1376;63 - 35;0.0;3.999613277E7
1377;63 - 35;0.0;3.999603471E7
1378;63 - 35;0.0;3.999609772E7
1379;63 - 35;0.0;3.999605793E7
1380;63 - 35;0.0;3.999587814E7
1381;63 - 35;0.0;3.999600414E7
1382;63 - 35;0.0;3.99960503E7
1383;63 - 35;0.0;3.999602447E7
1384;63 - 36;0.0;3.999600375E7
1385;63 - 36;0.0;3.999605458E7
1386;63 - 36;0.0;3.999602115E7
1387;63 - 36;0.0;3.999602046E7
1388;63 - 36;0.0;3.999597314E7
1389;63 - 36;0.0;3.999613358E7
1390;63 - 36;0.0;3.99961806E7
1391;63 - 36;0.0;3.999597213E7
1392;63 - 36;0.0;3.999620067E7
1393;63 - 36;0.0;3.999596513E7
1394;63 - 37;0.0;3.999598641E7
1395;63 - 37;0.0;3.999602162E7
1396;63 - 37;0.0;3.999605005E7
1397;63 - 37;0.0;3.999606953E7
1398;63 - 37;0.0;3.999606903E7
1399;63 - 37;0.0;3.999606275E7
1400;63 - 37;0.0;3.999602023E7
1401;63 - 37;0.0;3.999603341E7
1402;63 - 37;0.0;3.99960228E7
1403;63 - 37;0.0;3.999602095E7
1404;63 - 38;0.0;3.999608798E7
1405;63 - 38;0.0;3.99959951E7
1406;63 - 38;0.0;3.999617633E7
1407;63 - 38;0.0;3.99960904E7
1408;63 - 38;0.0;3.999610852E7
1409;63 - 38;0.0;3.999601747E7
1410;63 - 38;0.0;3.999597049E7
1411;63 - 38;0.0;3.999594424E7
1412;63 - 38;0.0;3.999592634E7
1413;63 - 38;0.0;3.999596243E7
1414;63 - 39;0.0;3.999604476E7
1415;63 - 39;0.0;3.999602657E7
1416;63 - 39;0.0;3.999606815E7
1417;63 - 39;0.0;3.999600376E7
1418;63 - 39;0.0;3.999606557E7
1419;63 - 39;0.0;3.999595878E7
1420;63 - 39;0.0;3.999595552E7
1421;63 - 39;0.0;3.999597582E7
1422;63 - 39;0.0;3.999600576E7
1423;63 - 39;0.0;3.999600653E7
1424;63 - 40;0.0;3.999595366E7
1425;63 - 40;0.0;3.999604344E7
1426;63 - 40;0.0;3.999607306E7
1427;63 - 40;0.0;3.999589786E7
1428;63 - 40;0.0;3.999595749E7
1429;63 - 40;0.0;3.999591741E7
1430;63 - 40;0.0;3.999598606E7
1431;63 - 40;0.0;3.999602702E7
1432;63 - 40;0.0;3.999591819E7
1433;63 - 40;0.0;3.999588843E7
1434;63 - 41;0.0;3.999602282E7
1435;63 - 41;0.0;3.999582284E7
1436;63 - 41;0.0;3.999589671E7
1437;63 - 41;0.0;3.999613167E7
1438;63 - 41;0.0;3.999595657E7
1439;63 - 41;0.0;3.999643992E7
1440;63 - 41;0.0;3.999601159E7
1441;63 - 41;0.0;3.999599198E7
1442;63 - 41;0.0;3.999603062E7
1443;63 - 41;0.0;3.999598165E7
1444;63 - 42;0.0;3.999591159E7
1445;63 - 42;0.0;3.999592323E7
1446;63 - 42;0.0;3.999611414E7
1447;63 - 42;0.0;3.99960184E7
1448;63 - 42;0.0;3.999590191E7
1449;63 - 42;0.0;3.999602071E7
1450;63 - 42;0.0;3.999596612E7
1451;63 - 42;0.0;3.999587876E7
1452;63 - 42;0.0;3.999599055E7
1453;63 - 42;0.0;3.999588634E7
1454;63 - 43;0.0;3.999592565E7
1455;63 - 43;0.0;3.999587477E7
1456;63 - 43;0.0;3.99959448E7
1457;63 - 43;0.0;3.999608424E7
1458;63 - 43;0.0;3.999597785E7
1459;63 - 43;0.0;3.999593028E7
1460;63 - 43;0.0;3.99958965E7
1461;63 - 43;0.0;3.9995983E7
1462;63 - 43;0.0;3.999592951E7
1463;63 - 43;0.0;3.999595706E7
1464;63 - 44;0.0;3.999582652E7
1465;63 - 44;0.0;3.999582844E7
1466;63 - 44;0.0;3.999590296E7
1467;63 - 44;0.0;3.999602474E7
1468;63 - 44;0.0;3.999594543E7
1469;63 - 44;0.0;3.999592922E7
1470;63 - 44;0.0;3.999587974E7
1471;63 - 44;0.0;3.999593181E7
1472;63 - 44;0.0;3.999589515E7
1473;63 - 44;0.0;3.999597919E7
1474;63 - 45;0.0;3.999604039E7
1475;63 - 45;0.0;3.999595811E7
1476;63 - 45;0.0;3.999602518E7
1477;63 - 45;0.0;3.999595009E7
1478;63 - 45;0.0;3.999593218E7
1479;63 - 45;0.0;3.999591436E7
1480;63 - 45;0.0;3.999597024E7
1481;63 - 45;0.0;3.9995835E7
1482;63 - 45;0.0;3.999598827E7
1483;63 - 45;0.0;3.999598338E7
1484;63 - 46;0.0;3.999580892E7
1485;63 - 46;0.0;3.999600725E7
1486;63 - 46;0.0;3.999585803E7
1487;63 - 46;0.0;3.999601357E7
1488;63 - 46;0.0;3.999599305E7
1489;63 - 46;0.0;3.999591869E7
1490;63 - 46;0.0;3.999578062E7
1491;63 - 46;0.0;3.999597393E7
1492;63 - 46;0.0;3.999596228E7
1493;63 - 46;0.0;3.999582793E7
1494;63 - 47;0.0;3.999582155E7
1495;63 - 47;0.0;3.999576728E7
1496;63 - 47;0.0;3.999592632E7
1497;63 - 47;0.0;3.999595182E7
1498;63 - 47;0.0;3.999601716E7
1499;63 - 47;0.0;3.999587216E7
1500;63 - 47;0.0;3.999605985E7
1501;63 - 47;0.0;3.99959302E7
1502;63 - 47;0.0;3.999577766E7
1503;63 - 47;0.0;3.999580316E7
1504;63 - 48;0.0;3.999587464E7
1505;63 - 48;0.0;3.999584675E7
1506;63 - 48;0.0;3.999598278E7
1507;63 - 48;0.0;3.99959402E7
1508;63 - 48;0.0;3.999594699E7
1509;63 - 48;0.0;3.999588923E7
1510;63 - 48;0.0;3.9995836E7
1511;63 - 48;0.0;3.999582145E7
1512;63 - 48;0.0;3.999588956E7
1513;63 - 48;0.0;3.99959261E7
1514;63 - 49;0.0;3.999594254E7
1515;63 - 49;0.0;3.999598533E7
1516;63 - 49;0.0;3.999594979E7
1517;63 - 49;0.0;3.999593617E7
1518;63 - 49;0.0;3.999586674E7
1519;63 - 49;0.0;3.999587256E7
1520;63 - 49;0.0;3.999585558E7
1521;63 - 49;0.0;3.999591242E7
1522;63 - 49;0.0;3.999580713E7
1523;63 - 49;0.0;3.999584165E7
1524;63 - 50;0.0;3.99958593E7
1525;63 - 50;0.0;3.99959104E7
1526;63 - 50;0.0;3.999588368E7
1527;63 - 50;0.0;3.999594725E7
1528;63 - 50;0.0;3.999589349E7
1529;63 - 50;0.0;3.99958218E7
1530;63 - 50;0.0;3.999586317E7
1531;63 - 50;0.0;3.999580333E7
1532;63 - 50;0.0;3.99959251E7
1533;63 - 50;0.0;3.999588516E7
1534;63 - 51;0.0;3.999596091E7
1535;63 - 51;0.0;3.999577575E7
1536;63 - 51;0.0;3.999589819E7
1537;63 - 51;0.0;3.99959484E7
1538;63 - 51;0.0;3.999590895E7
1539;63 - 51;0.0;3.999578607E7
1540;63 - 51;0.0;3.999594179E7
1541;63 - 51;0.0;3.999585079E7
1542;63 - 51;0.0;3.999594118E7
1543;63 - 51;0.0;3.999590178E7
1544;63 - 52;0.0;3.999577521E7
1545;63 - 52;0.0;3.999582278E7
1546;63 - 52;0.0;3.999581898E7
1547;63 - 52;0.0;3.999588089E7
1548;63 - 52;0.0;3.999592513E7
1549;63 - 52;0.0;3.999580938E7
1550;63 - 52;0.0;3.999598436E7
1551;63 - 52;0.0;3.99958935E7
1552;63 - 52;0.0;3.999553471E7
1553;63 - 52;0.0;3.999584997E7
1554;63 - 53;0.0;3.99957547E7
1555;63 - 53;0.0;3.999587509E7
1556;63 - 53;0.0;3.999593654E7
1557;63 - 53;0.0;3.999587641E7
1558;63 - 53;0.0;3.99957564E7
1559;63 - 53;0.0;3.999597251E7
1560;63 - 53;0.0;3.99957869E7
1561;63 - 53;0.0;3.9995816E7
1562;63 - 53;0.0;3.999586251E7
1563;63 - 53;0.0;3.999588974E7
1564;63 - 54;0.0;3.999576346E7
1565;63 - 54;0.0;3.999575989E7
1566;63 - 54;0.0;3.999588938E7
1567;63 - 54;0.0;3.999591931E7
1568;63 - 54;0.0;3.999585427E7
1569;63 - 54;0.0;3.99958715E7
1570;63 - 54;0.0;3.999586525E7
1571;63 - 54;0.0;3.999586388E7
1572;63 - 54;0.0;3.999583693E7
1573;63 - 54;0.0;3.999601737E7
1574;63 - 55;0.0;3.999578818E7
1575;63 - 55;0.0;3.999584975E7
1576;63 - 55;0.0;3.999585974E7
1577;63 - 55;0.0;3.999575827E7
1578;63 - 55;0.0;3.999581678E7
1579;63 - 55;0.0;3.99955282E7
1580;63 - 55;0.0;3.999582539E7
1581;63 - 55;0.0;3.999580832E7
1582;63 - 55;0.0;3.999580868E7
1583;63 - 55;0.0;3.99957994E7
1584;63 - 56;0.0;3.999578761E7
1585;63 - 56;0.0;3.999582011E7
1586;63 - 56;0.0;3.999586593E7
1587;63 - 56;0.0;3.999578675E7
1588;63 - 56;0.0;3.999582966E7
1589;63 - 56;0.0;3.99957813E7
1590;63 - 56;0.0;3.999585195E7
1591;63 - 56;0.0;3.999585231E7
1592;63 - 56;0.0;3.999591883E7
1593;63 - 56;0.0;3.999575064E7
1594;63 - 57;0.0;3.999574005E7
1595;63 - 57;0.0;3.999584366E7
1596;63 - 57;0.0;3.999578658E7
1597;63 - 57;0.0;3.999575122E7
1598;63 - 57;0.0;3.999578439E7
1599;63 - 57;0.0;3.999587158E7
1600;63 - 57;0.0;3.99957843E7
1601;63 - 57;0.0;3.999597426E7
1602;63 - 57;0.0;3.999569878E7
1603;63 - 57;0.0;3.999580101E7
1604;63 - 58;0.0;3.999586748E7
1605;63 - 58;0.0;3.999587103E7
1606;63 - 58;0.0;3.999575483E7
1607;63 - 58;0.0;3.99957534E7
1608;63 - 58;0.0;3.999580139E7
1609;63 - 58;0.0;3.99957154E7
1610;63 - 58;0.0;3.999581421E7
1611;63 - 58;0.0;3.999572596E7
1612;63 - 58;0.0;3.999573576E7
1613;63 - 58;0.0;3.99959785E7
1614;63 - 59;0.0;3.999578173E7
1615;63 - 59;0.0;3.999579501E7
1616;63 - 59;0.0;3.999586195E7
1617;63 - 59;0.0;3.999589214E7
1618;63 - 59;0.0;3.999566977E7
1619;63 - 59;0.0;3.99957317E7
1620;63 - 59;0.0;3.999572046E7
1621;63 - 59;0.0;3.999575483E7
1622;63 - 59;0.0;3.999580177E7
1623;63 - 59;0.0;3.999575119E7
1624;63 - 60;0.0;3.999573716E7
1625;63 - 60;0.0;3.999574124E7
1626;63 - 60;0.0;3.999593666E7
1627;63 - 60;0.0;3.999581096E7
1628;63 - 60;0.0;3.999582835E7
1629;63 - 60;0.0;3.99958045E7
1630;63 - 60;0.0;3.999569583E7
1631;63 - 60;0.0;3.999576228E7
1632;63 - 60;0.0;3.999586187E7
1633;63 - 60;0.0;3.999573459E7
1634;63 - 61;0.0;3.999586549E7
1635;63 - 61;0.0;3.999580785E7
1636;63 - 61;0.0;3.999575062E7
1637;63 - 61;0.0;3.999583857E7
1638;63 - 61;0.0;3.999570539E7
1639;63 - 61;0.0;3.999571397E7
1640;63 - 61;0.0;3.999574703E7
1641;63 - 61;0.0;3.999575866E7
1642;63 - 61;0.0;3.999584353E7
1643;63 - 61;0.0;3.999578319E7
1644;63 - 62;0.0;3.99956516E7
1645;63 - 62;0.0;3.999579109E7
1646;63 - 62;0.0;3.999579231E7
1647;63 - 62;0.0;3.999572885E7
1648;63 - 62;0.0;3.999581074E7
1649;63 - 62;0.0;3.999552832E7
1650;63 - 62;0.0;3.999579507E7
1651;63 - 62;0.0;3.999582107E7
1652;63 - 62;0.0;3.999571912E7
1653;63 - 62;0.0;3.999580496E7
1654;63 - 63;0.0;3.999574285E7
1655;63 - 63;0.0;3.999581266E7
1656;63 - 63;0.0;3.999576887E7
1657;63 - 63;0.0;3.999572242E7
1658;63 - 63;0.0;3.999580914E7
1659;63 - 63;0.0;3.999586312E7
1660;63 - 63;0.0;3.999583207E7
1661;63 - 63;0.0;3.999570487E7
1662;63 - 63;0.0;3.999571698E7
1663;63 - 63;0.0;3.999571278E7
1664;63 - 64;0.0;3.999577889E7
1665;63 - 64;0.0;3.999570444E7
1666;63 - 64;0.0;3.999573942E7
1667;63 - 64;0.0;3.999593225E7
1668;63 - 64;0.0;3.999583245E7
1669;63 - 64;0.0;3.999576349E7
1670;63 - 64;0.0;3.999575635E7
1671;63 - 64;0.0;3.99957301E7
1672;63 - 64;0.0;3.999567107E7
1673;63 - 64;0.0;3.999571792E7
1674;63 - 65;0.0;3.999574891E7
1675;63 - 65;0.0;3.999589847E7
1676;63 - 65;0.0;3.999581389E7
1677;63 - 65;0.0;3.999575041E7
1678;63 - 65;0.0;3.999570237E7
1679;63 - 65;0.0;3.999573119E7
1680;63 - 65;0.0;3.999564166E7
1681;63 - 65;0.0;3.999581637E7
1682;63 - 65;0.0;3.999567082E7
1683;63 - 65;0.0;3.999580911E7
1684;63 - 66;0.0;3.999575732E7
1685;63 - 66;0.0;3.999563328E7
1686;63 - 66;0.0;3.999583187E7
1687;63 - 66;0.0;3.999576037E7
1688;63 - 66;0.0;3.999566495E7
1689;63 - 66;0.0;3.999573628E7
1690;63 - 66;0.0;3.999566601E7
1691;63 - 66;0.0;3.999585347E7
1692;63 - 66;0.0;3.999572057E7
1693;63 - 66;0.0;3.999571345E7
1694;63 - 67;0.0;3.999567678E7
1695;63 - 67;0.0;3.999585863E7
1696;63 - 67;0.0;3.999572198E7
1697;63 - 67;0.0;3.999583115E7
1698;63 - 67;0.0;3.999567234E7
1699;63 - 67;0.0;3.999567686E7
1700;63 - 67;0.0;3.999559371E7
1701;63 - 67;0.0;3.999567554E7
1702;63 - 67;0.0;3.999571642E7
1703;63 - 67;0.0;3.999568822E7
1704;63 - 68;0.0;3.999552074E7
1705;63 - 68;0.0;3.999572527E7
1706;63 - 68;0.0;3.999572128E7
1707;63 - 68;0.0;3.999564031E7
1708;63 - 68;0.0;3.998811186E7
1709;63 - 68;0.0;3.999576315E7
1710;63 - 68;0.0;3.999567105E7
1711;63 - 68;0.0;3.999566066E7
1712;63 - 68;0.0;3.99955891E7
1713;63 - 68;0.0;3.99956743E7
1714;63 - 69;0.0;3.999562639E7
1715;63 - 69;0.0;3.999571635E7
1716;63 - 69;0.0;3.999571732E7
1717;63 - 69;0.0;3.999570682E7
1718;63 - 69;0.0;3.999567685E7
1719;63 - 69;0.0;3.999565773E7
1720;63 - 69;0.0;3.999562378E7
1721;63 - 69;0.0;3.999571369E7
1722;63 - 69;0.0;3.999574519E7
1723;63 - 69;0.0;3.999559398E7
1724;63 - 70;0.0;3.999567535E7
1725;63 - 70;0.0;3.999570094E7
1726;63 - 70;0.0;3.999573566E7
1727;63 - 70;0.0;3.99956361E7
1728;63 - 70;0.0;3.999565282E7
1729;63 - 70;0.0;3.999565788E7
1730;63 - 70;0.0;3.999573659E7
1731;63 - 70;0.0;3.999557536E7
1732;63 - 70;0.0;3.999551053E7
1733;63 - 70;0.0;3.999559618E7
1734;63 - 71;0.0;3.999561148E7
1735;63 - 71;0.0;3.999562977E7
1736;63 - 71;0.0;3.999566437E7
1737;63 - 71;0.0;3.999525356E7
1738;63 - 71;0.0;3.999572728E7
1739;63 - 71;0.0;3.999564062E7
1740;63 - 71;0.0;3.999557486E7
1741;63 - 71;0.0;3.999566649E7
1742;63 - 71;0.0;3.999583316E7
1743;63 - 71;0.0;3.999578769E7
1744;63 - 72;0.0;3.999574738E7
1745;63 - 72;0.0;3.99955913E7
1746;63 - 72;0.0;3.999573514E7
1747;63 - 72;0.0;3.999559793E7
1748;63 - 72;0.0;3.999570248E7
1749;63 - 72;0.0;3.999578647E7
1750;63 - 72;0.0;3.99957377E7
1751;63 - 72;0.0;3.99958001E7
1752;63 - 72;0.0;3.99957655E7
1753;63 - 72;0.0;3.999560626E7
1754;63 - 73;0.0;3.99955742E7
1755;63 - 73;0.0;3.999575524E7
1756;63 - 73;0.0;3.999564015E7
1757;63 - 73;0.0;3.999563458E7
1758;63 - 73;0.0;3.999578109E7
1759;63 - 73;0.0;3.999551131E7
1760;63 - 73;0.0;3.999566645E7
1761;63 - 73;0.0;3.999563784E7
1762;63 - 73;0.0;3.999572222E7
1763;63 - 73;0.0;3.999565457E7
1764;63 - 74;0.0;3.99956328E7
1765;63 - 74;0.0;3.999560661E7
1766;63 - 74;0.0;3.999570523E7
1767;63 - 74;0.0;3.998798292E7
1768;63 - 74;0.0;3.999563417E7
1769;63 - 74;0.0;3.999564444E7
1770;63 - 74;0.0;3.999564993E7
1771;63 - 74;0.0;3.99957087E7
1772;63 - 74;0.0;3.999555953E7
1773;63 - 74;0.0;3.999553436E7
1774;63 - 75;0.0;3.999557442E7
1775;63 - 75;0.0;3.999565409E7
1776;63 - 75;0.0;3.999560433E7
1777;63 - 75;0.0;3.999566297E7
1778;63 - 75;0.0;3.999558076E7
1779;63 - 75;0.0;3.999549866E7
1780;63 - 75;0.0;3.999561813E7
1781;63 - 75;0.0;3.999565129E7
1782;63 - 75;0.0;3.999562358E7
1783;63 - 75;0.0;3.999570342E7
1784;63 - 76;0.0;3.999561748E7
1785;63 - 76;0.0;3.999566902E7
1786;63 - 76;0.0;3.999560021E7
1787;63 - 76;0.0;3.999563491E7
1788;63 - 76;0.0;3.99955982E7
1789;63 - 76;0.0;3.999538437E7
1790;63 - 76;0.0;3.999515494E7
1791;63 - 76;0.0;3.999571787E7
1792;63 - 76;0.0;3.999576243E7
1793;63 - 76;0.0;3.999637176E7
1794;63 - 77;0.0;3.999559755E7
1795;63 - 77;0.0;3.999562547E7
1796;63 - 77;0.0;3.999559798E7
1797;63 - 77;0.0;3.99906644E7
1798;63 - 77;0.0;3.999563145E7
1799;63 - 77;0.0;3.999568498E7
1800;63 - 77;0.0;3.999569974E7
1801;63 - 77;0.0;3.99957667E7
1802;63 - 77;0.0;3.999565545E7
1803;63 - 77;0.0;3.999562027E7
1804;63 - 78;0.0;3.999564098E7
1805;63 - 78;0.0;3.999571068E7
1806;63 - 78;0.0;3.999561396E7
1807;63 - 78;0.0;3.999565225E7
1808;63 - 78;0.0;3.999565841E7
1809;63 - 78;0.0;3.999561756E7
1810;63 - 78;0.0;3.999570954E7
1811;63 - 78;0.0;3.999560958E7
1812;63 - 78;0.0;3.999561868E7
1813;63 - 78;0.0;3.999556192E7
1814;63 - 79;0.0;3.999547462E7
1815;63 - 79;0.0;3.999570696E7
1816;63 - 79;0.0;3.999567483E7
1817;63 - 79;0.0;3.999573779E7
1818;63 - 79;0.0;3.999546558E7
1819;63 - 79;0.0;3.999557808E7
1820;63 - 79;0.0;3.999560929E7
1821;63 - 79;0.0;3.99955989E7
1822;63 - 79;0.0;3.999552953E7
1823;63 - 79;0.0;3.999560037E7
1824;63 - 80;0.0;3.999556587E7
1825;63 - 80;0.0;3.999551576E7
1826;63 - 80;0.0;3.999557141E7
1827;63 - 80;0.0;3.999562207E7
1828;63 - 80;0.0;3.999564345E7
1829;63 - 80;0.0;3.999550614E7
1830;63 - 80;0.0;3.999563602E7
1831;63 - 80;0.0;3.99957087E7
1832;63 - 80;0.0;3.999555031E7
1833;63 - 80;0.0;3.999550747E7
1834;63 - 81;0.0;3.999558717E7
1835;63 - 81;0.0;3.999548516E7
1836;63 - 81;0.0;3.999554119E7
1837;63 - 81;0.0;3.999560422E7
1838;63 - 81;0.0;3.999553746E7
1839;63 - 81;0.0;3.999562641E7
1840;63 - 81;0.0;3.999552659E7
1841;63 - 81;0.0;3.999568013E7
1842;63 - 81;0.0;3.999562932E7
1843;63 - 81;0.0;3.99957329E7
1844;63 - 82;0.0;3.999548055E7
1845;63 - 82;0.0;3.999551255E7
1846;63 - 82;0.0;3.999561186E7
1847;63 - 82;0.0;3.999556622E7
1848;63 - 82;0.0;3.99955183E7
1849;63 - 82;0.0;3.999549741E7
1850;63 - 82;0.0;3.999552773E7
1851;63 - 82;0.0;3.999563234E7
1852;63 - 82;0.0;3.999563629E7
1853;63 - 82;0.0;3.999562525E7
1854;63 - 83;0.0;3.999557006E7
1855;63 - 83;0.0;3.999552283E7
1856;63 - 83;0.0;3.999564051E7
1857;63 - 83;0.0;3.999552746E7
1858;63 - 83;0.0;3.999562868E7
1859;63 - 83;0.0;3.999554875E7
1860;63 - 83;0.0;3.999552922E7
1861;63 - 83;0.0;3.999568575E7
1862;63 - 83;0.0;3.99955852E7
1863;63 - 83;0.0;3.999549634E7
1864;63 - 84;0.0;3.999561021E7
1865;63 - 84;0.0;3.999556263E7
1866;63 - 84;0.0;3.999556935E7
1867;63 - 84;0.0;3.999564494E7
1868;63 - 84;0.0;3.999563881E7
1869;63 - 84;0.0;3.999597964E7
1870;63 - 84;0.0;3.999548855E7
1871;63 - 84;0.0;3.999550597E7
1872;63 - 84;0.0;3.999550577E7
1873;63 - 84;0.0;3.999559328E7
1874;63 - 85;0.0;3.999554753E7
1875;63 - 85;0.0;3.999540936E7
1876;63 - 85;0.0;3.999564426E7
1877;63 - 85;0.0;3.999539888E7
1878;63 - 85;0.0;3.999555167E7
1879;63 - 85;0.0;3.999556056E7
1880;63 - 85;0.0;3.9995537E7
1881;63 - 85;0.0;3.999559705E7
1882;63 - 85;0.0;3.999568663E7
1883;63 - 85;0.0;3.999552971E7
1884;63 - 86;0.0;3.999553858E7
1885;63 - 86;0.0;3.999548751E7
1886;63 - 86;0.0;3.999552983E7
1887;63 - 86;0.0;3.999551565E7
1888;63 - 86;0.0;3.999545228E7
1889;63 - 86;0.0;3.999551303E7
1890;63 - 86;0.0;3.999541677E7
1891;63 - 86;0.0;3.999557911E7
1892;63 - 86;0.0;3.999567674E7
1893;63 - 86;0.0;3.9995428E7
1894;63 - 87;0.0;3.999559413E7
1895;63 - 87;0.0;3.999548026E7
1896;63 - 87;0.0;3.999545073E7
1897;63 - 87;0.0;3.99956263E7
1898;63 - 87;0.0;3.999562303E7
1899;63 - 87;0.0;3.999553157E7
1900;63 - 87;0.0;3.999555688E7
1901;63 - 87;0.0;3.99956138E7
1902;63 - 87;0.0;3.999554137E7
1903;63 - 87;0.0;3.99955395E7
1904;63 - 88;0.0;3.999555565E7
1905;63 - 88;0.0;3.999534104E7
1906;63 - 88;0.0;3.999550627E7
1907;63 - 88;0.0;3.999544157E7
1908;63 - 88;0.0;3.999554151E7
1909;63 - 88;0.0;3.999553253E7
1910;63 - 88;0.0;3.999547655E7
1911;63 - 88;0.0;3.999556719E7
1912;63 - 88;0.0;3.99955277E7
1913;63 - 88;0.0;3.999556789E7
1914;63 - 89;0.0;3.999548001E7
1915;63 - 89;0.0;3.999546198E7
1916;63 - 89;0.0;3.999556023E7
1917;63 - 89;0.0;3.999557303E7
1918;63 - 89;0.0;3.999558258E7
1919;63 - 89;0.0;3.999551677E7
1920;63 - 89;0.0;3.999548064E7
1921;63 - 89;0.0;3.99954599E7
1922;63 - 89;0.0;3.999545275E7
1923;63 - 89;0.0;3.999540914E7
1924;63 - 90;0.0;3.99954312E7
1925;63 - 90;0.0;3.99955149E7
1926;63 - 90;0.0;3.999541331E7
1927;63 - 90;0.0;3.999553066E7
1928;63 - 90;0.0;3.999548411E7
1929;63 - 90;0.0;3.999542175E7
1930;63 - 90;0.0;3.999555296E7
1931;63 - 90;0.0;3.999552644E7
1932;63 - 90;0.0;3.999535716E7
1933;63 - 90;0.0;3.999554673E7
1934;63 - 91;0.0;3.999545523E7
1935;63 - 91;0.0;3.999546071E7
1936;63 - 91;0.0;3.999548806E7
1937;63 - 91;0.0;3.999548914E7
1938;63 - 91;0.0;3.999558345E7
1939;63 - 91;0.0;3.999542455E7
1940;63 - 91;0.0;3.999548784E7
1941;63 - 91;0.0;3.999549602E7
1942;63 - 91;0.0;3.999556581E7
1943;63 - 91;0.0;3.999529012E7
1944;63 - 92;0.0;3.999540906E7
1945;63 - 92;0.0;3.999548351E7
1946;63 - 92;0.0;3.999550294E7
1947;63 - 92;0.0;3.999559635E7
1948;63 - 92;0.0;3.999551892E7
1949;63 - 92;0.0;3.99953144E7
1950;63 - 92;0.0;3.99954286E7
1951;63 - 92;0.0;3.99954304E7
1952;63 - 92;0.0;3.999541325E7
1953;63 - 92;0.0;3.999543277E7
1954;63 - 93;0.0;3.999539906E7
1955;63 - 93;0.0;3.999546816E7
1956;63 - 93;0.0;3.999547269E7
1957;63 - 93;0.0;3.999536621E7
1958;63 - 93;0.0;3.999548429E7
1959;63 - 93;0.0;3.999554236E7
1960;63 - 93;0.0;3.9995419E7
1961;63 - 93;0.0;3.999543721E7
1962;63 - 93;0.0;3.99954151E7
1963;63 - 93;0.0;3.999540761E7
1964;63 - 94;0.0;3.999540532E7
1965;63 - 94;0.0;3.999541791E7
1966;63 - 94;0.0;3.999543969E7
1967;63 - 94;0.0;3.999548464E7
1968;63 - 94;0.0;3.999547225E7
1969;63 - 94;0.0;3.999545335E7
1970;63 - 94;0.0;3.999540917E7
1971;63 - 94;0.0;3.999562548E7
1972;63 - 94;0.0;3.999548419E7
1973;63 - 94;0.0;3.99954468E7
1974;63 - 95;0.0;3.999548694E7
1975;63 - 95;0.0;3.999534888E7
1976;63 - 95;0.0;3.999544032E7
1977;63 - 95;0.0;3.999561111E7
1978;63 - 95;0.0;3.999539495E7
1979;63 - 95;0.0;3.999535529E7
1980;63 - 95;0.0;3.999552492E7
1981;63 - 95;0.0;3.999533617E7
1982;63 - 95;0.0;3.99954525E7
1983;63 - 95;0.0;3.999554832E7
1984;63 - 96;0.0;3.999539989E7
1985;63 - 96;0.0;3.999545939E7
1986;63 - 96;0.0;4.000306451E7
1987;63 - 96;0.0;3.99954134E7
1988;63 - 96;0.0;3.999535649E7
1989;63 - 96;0.0;3.999543522E7
1990;63 - 96;0.0;3.99954006E7
1991;63 - 96;0.0;3.999539406E7
1992;63 - 96;0.0;3.999544368E7
1993;63 - 96;0.0;3.999543347E7
1994;63 - 97;0.0;3.999537909E7
1995;63 - 97;0.0;3.999549548E7
1996;63 - 97;0.0;3.999543692E7
1997;63 - 97;0.0;3.999545677E7
1998;63 - 97;0.0;3.999533733E7
1999;63 - 97;0.0;3.999544741E7
2000;63 - 97;0.0;3.999538269E7
2001;63 - 97;0.0;3.999549457E7
2002;63 - 97;0.0;3.99955043E7
2003;63 - 97;0.0;3.9995415E7
2004;63 - 98;0.0;3.999532688E7
2005;63 - 98;0.0;3.999552357E7
2006;63 - 98;0.0;3.999544046E7
2007;63 - 98;0.0;3.999544202E7
2008;63 - 98;0.0;3.999544728E7
2009;63 - 98;0.0;3.999535595E7
2010;63 - 98;0.0;3.999540408E7
2011;63 - 98;0.0;3.999537881E7
2012;63 - 98;0.0;3.999538301E7
2013;63 - 98;0.0;3.999536159E7
2014;63 - 99;0.0;3.999543142E7
2015;63 - 99;0.0;3.999546314E7
2016;63 - 99;0.0;3.999540987E7
2017;63 - 99;0.0;3.999533494E7
2018;63 - 99;0.0;3.999534808E7
2019;63 - 99;0.0;3.999539017E7
2020;63 - 99;0.0;3.99954383E7
2021;63 - 99;0.0;3.999530381E7
2022;63 - 99;0.0;3.999545947E7
2023;63 - 99;0.0;3.999541197E7
2024;63 - 100;0.0;3.999528427E7
2025;63 - 100;0.0;3.999545032E7
2026;63 - 100;0.0;3.999544199E7
2027;63 - 100;0.0;3.999538035E7
2028;63 - 100;0.0;3.999543438E7
2029;63 - 100;0.0;3.999531495E7
2030;63 - 100;0.0;3.999533755E7
2031;63 - 100;0.0;3.999534465E7
2032;63 - 100;0.0;3.999538049E7
2033;63 - 100;0.0;3.999540736E7
2034;63 - 101;0.0;3.999525055E7
2035;63 - 101;0.0;3.999542649E7
2036;63 - 101;0.0;3.999536152E7
2037;63 - 101;0.0;3.999540258E7
2038;63 - 101;0.0;3.999540376E7
2039;63 - 101;0.0;3.999536742E7
2040;63 - 101;0.0;3.999541599E7
2041;63 - 101;0.0;3.999541915E7
2042;63 - 101;0.0;3.999546407E7
2043;63 - 101;0.0;3.99953591E7
2044;63 - 102;0.0;3.999525352E7
2045;63 - 102;0.0;3.999541393E7
2046;63 - 102;0.0;3.999537322E7
2047;63 - 102;0.0;3.999538804E7
